Date,Close,High,Low,Open,Volume,symbol
,ABREL.NS,ABREL.NS,ABREL.NS,ABREL.NS,ABREL.NS,
2016-03-08,454.8282470703125,457.1996143647354,437.3749895728309,440.1257698448905,835486,ABREL
2016-03-09,456.6304931640625,458.6224475364219,448.0935706659699,450.08552503832925,679555,ABREL
2016-03-10,449.2318115234375,459.7606877597981,446.0541736621576,457.19959958566716,721163,ABREL
2016-03-11,460.7567443847656,468.1079842591494,446.62339867380933,450.55986326868486,1554214,ABREL
2016-03-14,463.7445983886719,468.1079201511834,459.2390003730323,464.2188718640023,816699,ABREL
2016-03-15,458.2904357910156,465.40453764727897,453.974558910491,461.4680737429508,480021,ABREL
2016-03-16,460.2823791503906,462.89088310229903,450.0855000656576,456.7253283068791,616838,ABREL
2016-03-17,461.5154724121094,473.7991660744628,458.81213696476254,465.07252320846425,754612,ABREL
2016-03-18,487.6005554199219,490.2564753410219,460.9938246502248,462.89091857882653,1969186,ABREL
2016-03-21,491.8689880371094,494.5249078031198,484.7074704537694,489.68734172555475,869057,ABREL
2016-03-22,497.1809387207031,502.25564206908643,487.74288438710965,489.7348099513107,1136049,ABREL
2016-03-23,493.1496276855469,498.93574145325886,481.86189478755796,496.23240555574284,1041946,ABREL
2016-03-28,493.8609619140625,500.7379268732142,490.63587932706,493.29179904268744,754989,ABREL
2016-03-29,501.11737060546875,506.85606840039617,492.8650000921999,494.4775415778502,908776,ABREL
2016-03-30,507.8520812988281,512.6896477870367,503.7258671579784,503.7258671579784,712385,ABREL
2016-03-31,502.4453125,511.6462291552761,500.2161925127224,506.524052655928,866728,ABREL
2016-04-01,511.88336181640625,521.5584939576335,499.31511529138925,502.72986100068016,979235,ABREL
2016-04-04,512.87939453125,517.9066822488616,507.5674963867394,514.9662095917821,414294,ABREL
2016-04-05,502.2081604003906,508.6108518812572,495.0940587549834,507.1880315521757,704902,ABREL
2016-04-06,551.2479858398438,557.5557872070152,500.8327011891536,504.6268883193745,3556211,ABREL
2016-04-07,538.7745971679688,554.3307882722494,535.5020990393282,551.5799793189681,2188436,ABREL
2016-04-08,546.2207641601562,552.5286248376476,532.4194169556007,532.4194169556007,1221722,ABREL
2016-04-11,560.3541259765625,566.756818063472,545.5093426468056,548.2601520346224,1806188,ABREL
2016-04-12,577.7598876953125,585.680288965751,554.5204888841103,559.6426652493603,1955824,ABREL
2016-04-13,583.3563842773438,595.4503580977278,579.609612181498,583.2615527385982,1099627,ABREL
2016-04-18,586.7236938476562,589.9961923455568,573.3966210175065,585.2534576803996,662197,ABREL
2016-04-20,598.058837890625,604.9832188836125,583.4511920467527,583.4511920467527,1184925,ABREL
2016-04-21,585.9174194335938,601.9478269709215,581.1746850329571,599.4816282404732,718572,ABREL
2016-04-22,592.6046752929688,595.972005206288,577.6650616301208,581.9809384426686,840341,ABREL
2016-04-25,589.3795776367188,601.1889978096776,583.1191914194596,595.4028850299293,831192,ABREL
2016-04-26,595.4028930664062,598.5330862172857,584.3048828999176,584.3048828999176,896817,ABREL
2016-04-27,596.9679565429688,607.0700039859299,593.9800686039248,598.5330820548778,894934,ABREL
2016-04-28,590.61279296875,600.8096728779554,588.478562290079,592.2727501632718,1039843,ABREL
2016-04-29,605.5999145507812,610.0106238797628,579.657116330074,588.1466245518218,1146777,ABREL
2016-05-02,605.078125,611.3385117373309,598.0114386150948,602.3273156760358,1037190,ABREL
2016-05-03,580.7952270507812,611.8127207515448,577.6650340119238,606.548297291461,2124227,ABREL
2016-05-04,570.5509033203125,580.036371372188,557.0341113463899,572.9222703332814,1429922,ABREL
2016-05-05,577.9022827148438,582.976986208618,562.6781143388043,573.396684285799,1029305,ABREL
2016-05-06,575.1513671875,579.4673017296547,571.973758354524,572.9223052174667,480611,ABREL
2016-05-09,592.3675537109375,594.0275108270209,576.3370875463045,576.3370875463045,831071,ABREL
2016-05-10,584.6843872070312,597.300050582426,582.4552670459403,594.5492411563015,489148,ABREL
2016-05-11,586.1071166992188,590.4229932504171,573.3965658613661,578.6135734912049,596245,ABREL
2016-05-12,590.4705200195312,595.8772496131111,585.3958166198199,588.099152469252,553896,ABREL
2016-05-13,581.3643798828125,590.4704063652624,573.9656682342794,588.099039271426,604055,ABREL
2016-05-16,582.1233520507812,589.2374551199337,569.1282455321859,582.3130730449025,614425,ABREL
2016-05-17,583.07177734375,588.8104743753131,578.8981479236822,582.8820563892548,476143,ABREL
2016-05-18,575.9576416015625,580.4158232416137,569.3652296131072,580.4158232416137,591095,ABREL
2016-05-19,562.0139770507812,580.1311977100648,558.5517580849083,576.8112839215793,670612,ABREL
2016-05-20,563.2471923828125,572.4481097859874,560.8758249023402,564.3854603523819,428904,ABREL
2016-05-23,564.100830078125,571.5468997825574,562.2511521193732,566.4721972317284,300181,ABREL
2016-05-24,556.1804809570312,566.2825291320963,550.1572309826062,563.4368882821864,438024,ABREL
2016-05-25,568.1322631835938,573.7761296703719,561.6821548678688,565.3340378268163,416622,ABREL
2016-05-26,587.6249389648438,588.5260703049125,562.0141668065697,568.6539966253815,1142048,ABREL
2016-05-27,591.1344604492188,594.7389272170467,582.4078170833599,590.6601869825384,1056356,ABREL
2016-05-30,589.2373657226562,596.5411886778162,585.111151831733,595.1183682798517,433466,ABREL
2016-05-31,590.4230346679688,592.5572652117077,579.0878875345023,591.6087183033793,459448,ABREL
2016-06-01,593.363525390625,607.9237556233875,588.0991014645218,591.0395738139601,985871,ABREL
2016-06-02,600.7622680664062,602.2799781264537,589.237455817566,594.7390172852803,531306,ABREL
2016-06-03,586.2494506835938,603.1335753853292,581.6490209784853,600.7622079301779,678087,ABREL
2016-06-06,584.352294921875,591.6087017251295,577.3330827337646,586.9607988466819,360929,ABREL
2016-06-07,609.5363159179688,611.8128520135808,586.2020814641752,588.0043440310945,1207756,ABREL
2016-06-08,622.2941284179688,624.1438062921521,610.5321826106833,611.8126976572008,1388334,ABREL
2016-06-09,612.4768676757812,627.6536211178587,608.1135163243521,623.1954382153045,627487,ABREL
2016-06-10,604.3666381835938,620.7764868258643,602.3272393334806,612.808670265776,557327,ABREL
2016-06-13,597.9639282226562,602.327220361885,587.2453030248639,602.327220361885,414369,ABREL
2016-06-14,597.9639282226562,608.9670479879215,595.1182878114977,597.5844863432875,614750,ABREL
2016-06-15,604.6039428710938,606.8330053914706,599.1497970625733,602.4697119025423,366760,ABREL
2016-06-16,589.4744873046875,604.2243801388688,583.3563481717493,604.2243801388688,570165,ABREL
2016-06-17,582.4552612304688,594.9286771697948,581.4592984808553,592.8418622357823,545294,ABREL
2016-06-20,590.9922485351562,592.3676533845687,574.3926745812252,579.8468203089454,529116,ABREL
2016-06-21,617.8834838867188,621.2982296244811,588.4785295075449,593.8852006098837,2130916,ABREL
2016-06-22,603.9873046875,622.9582447640607,601.2364952185129,621.9622819889842,2261103,ABREL
2016-06-23,599.9085083007812,608.9671197650738,594.9286369942912,605.172932102986,515083,ABREL
2016-06-24,582.8346557617188,586.5814276051603,550.3469243543461,582.4077980766948,1613855,ABREL
2016-06-27,604.79345703125,608.3979814284431,578.5187552271294,578.6135867556003,1196780,ABREL
2016-06-28,606.738037109375,611.2436348054113,603.2758178271695,607.0700053606737,599524,ABREL
2016-06-29,614.9903564453125,619.3537069007687,607.354565516649,607.4494549430093,851882,ABREL
2016-06-30,624.9976196289062,629.7403544632591,614.9429870432508,618.3577908608122,1526240,ABREL
2016-07-01,629.9774780273438,637.7081009088052,626.040985039288,626.942116217908,593682,ABREL
2016-07-04,645.2964477539062,646.8141575384053,630.0722815108691,630.0722815108691,901124,ABREL
2016-07-05,648.189453125,653.4539343472825,640.3165260149119,644.1107133349258,723518,ABREL
2016-07-07,642.6405029296875,656.3944325126845,640.6485776652049,647.8575107025484,951154,ABREL
2016-07-08,637.802978515625,644.9170804864505,632.3013600090852,643.114818162624,502270,ABREL
2016-07-11,653.6436157226562,656.6315614788169,643.114768772319,643.5890422006173,629774,ABREL
2016-07-12,655.7779541015625,665.880002945155,650.5135297597852,653.548891779504,839217,ABREL
2016-07-13,640.1268310546875,658.1018057918538,635.7161228529495,656.3944330074809,521507,ABREL
2016-07-14,648.4266967773438,651.888916435761,637.6132958686751,638.37212187889,476438,ABREL
2016-07-15,643.6838989257812,652.6002628847054,640.7434267131083,648.4266333944202,414934,ABREL
2016-07-18,630.9172973632812,651.429891118597,628.3352823507644,647.4134298066562,601579,ABREL
2016-07-19,630.0088500976562,637.6114277261004,620.6371452482027,630.678270094283,739673,ABREL
2016-07-20,647.9393920898438,651.3820982839222,632.1126793411644,633.0689768893357,708181,ABREL
2016-07-21,639.5240478515625,654.633538916033,636.989835754087,650.5692739390324,516179,ABREL
2016-07-22,671.0818481445312,678.875697016939,635.2206877520554,636.4160597651379,1329252,ABREL
2016-07-25,668.7868041992188,674.1421065885296,662.1405815698627,671.1297453465559,684925,ABREL
2016-07-26,662.1882934570312,681.8401977205845,657.0720662094311,670.3646263704484,900949,ABREL
2016-07-27,664.5791625976562,677.0110339006468,656.1637536968813,664.1488169174572,751533,ABREL
2016-07-28,669.5518188476562,673.1379350129451,664.7224690508463,666.0613090996645,623278,ABREL
2016-07-29,667.5436401367188,681.4577608803808,663.335965010601,671.1297567390947,813395,ABREL
2016-08-01,668.0694580078125,687.004196558353,659.845322265811,671.3208930878251,732542,ABREL
2016-08-02,650.1868286132812,676.8674993830623,645.2140689070969,669.599660220948,754291,ABREL
2016-08-03,644.78369140625,657.9327841119763,640.8150328061383,650.2824029013719,514825,ABREL
2016-08-04,650.2345581054688,655.6376044692308,640.2890398206555,648.2741597191874,470885,ABREL
2016-08-05,674.4767456054688,678.4932075563135,654.5857654295934,655.0639142721278,814315,ABREL
2016-08-08,681.1708374023438,689.4906390337268,675.2417800117156,678.9713643744051,854793,ABREL
2016-08-09,671.5122680664062,692.7898922543028,663.2880726854723,683.7050639493582,2228485,ABREL
2016-08-10,648.51318359375,675.671998017909,644.6401319611016,675.6241948156795,888034,ABREL
2016-08-11,650.4736938476562,658.889101761181,639.76314815418,648.2263592781666,690741,ABREL
2016-08-12,649.1825561523438,661.7578920433386,645.5008340018115,651.2386191929387,592595,ABREL
2016-08-16,644.87939453125,653.6295427001733,633.0691401134085,650.6650428836143,686478,ABREL
2016-08-17,641.5322265625,651.6690162213723,637.467961731143,648.800123399238,737598,ABREL
2016-08-18,645.8834838867188,657.1677849676305,643.4927396590773,646.409435943244,873593,ABREL
2016-08-19,650.3779907226562,658.8890629232009,646.1703161978029,646.1703161978029,1001143,ABREL
2016-08-22,645.357421875,655.7810892214,640.9584761948863,650.9517979411553,486760,ABREL
2016-08-23,644.3056030273438,647.3179642587403,636.9899019612562,643.397108499797,490118,ABREL
2016-08-24,645.8356323242188,647.7960893155126,637.5636921889571,643.5883560624943,468105,ABREL
2016-08-25,640.7193603515625,654.5856748666337,638.7111588378673,647.7003208131821,851156,ABREL
2016-08-26,680.1666259765625,683.0833218028026,639.7630548728581,645.5008401183546,2812635,ABREL
2016-08-29,666.778564453125,683.8484548750895,661.8058047908188,680.5014129595844,1061221,ABREL
2016-08-30,690.8294677734375,696.1847114373829,669.4561795925706,671.6078493737988,2215021,ABREL
2016-08-31,692.789794921875,703.4524779400256,688.8211366096469,692.2638429253534,1570070,ABREL
2016-09-01,699.770751953125,708.9990469180646,685.139410698927,687.5779578466646,1482205,ABREL
2016-09-02,711.7722778320312,726.2602095306243,699.0535316788703,701.0139300462757,1641554,ABREL
2016-09-06,733.6715698242188,736.3491915745709,713.4458511500923,717.0319673428256,1222605,ABREL
2016-09-07,756.4314575195312,764.8946685580686,735.5363767619625,736.349206434942,2323935,ABREL
2016-09-08,776.0355224609375,781.1038881984028,752.94091147682,757.3877187788818,1915734,ABREL
2016-09-09,795.6875610351562,807.4978737109591,761.1174310976876,765.994526458361,2690868,ABREL
2016-09-12,782.3469848632812,800.1819571202088,770.7758081134011,782.2513784575212,2914238,ABREL
2016-09-14,833.2221069335938,838.1948662448822,780.4344664902527,784.1640505656627,2811425,ABREL
2016-09-15,819.0689697265625,851.5830911167589,813.3311835988808,838.673072329475,2411788,ABREL
2016-09-16,827.2930908203125,843.4545447875016,810.9404240133802,826.193383520678,2052258,ABREL
2016-09-19,854.8822631835938,870.039557009071,829.2534988176956,830.0663284419865,2584828,ABREL
2016-09-20,840.0596923828125,853.8782052644603,835.3738104945492,852.061216360576,1403142,ABREL
2016-09-21,843.024169921875,873.3388166774732,836.95170327621,838.6252241403606,3098735,ABREL
2016-09-22,861.9588012695312,866.4056083681988,844.7933063851518,856.8426325583953,1806426,ABREL
2016-09-23,868.6528930664062,880.893548920192,849.9572868439029,860.6678315320789,2320693,ABREL
2016-09-26,885.1491088867188,889.3568420240514,862.2936293650472,862.2936293650472,2561393,ABREL
2016-09-27,891.6041259765625,900.3542731680582,886.5357599041907,893.1820405087269,1708391,ABREL
2016-09-28,906.1876831054688,913.0730382641013,884.5753782910903,894.1383553536966,1694979,ABREL
2016-09-29,873.3866577148438,922.8272593450184,860.6679102699654,908.9609430128912,2567384,ABREL
2016-09-30,901.8364868164062,907.3351983018176,859.7115870234616,864.4930752716454,1552504,ABREL
2016-10-03,919.8627319335938,924.6920233875587,904.657575967162,910.3953618612454,1165103,ABREL
2016-10-04,917.0894165039062,926.7001959000742,900.8323569829819,921.8709045982957,929952,ABREL
2016-10-05,919.6235961914062,930.812231244475,912.3078963172252,922.8271697548452,1251955,ABREL
2016-10-06,916.4678344726562,929.5213208126609,910.4431709187221,924.7398325368755,805898,ABREL
2016-10-07,932.8204956054688,938.1279355550852,902.7449247339454,921.8230733232226,1302091,ABREL
2016-10-10,923.4966430664062,938.1279852918991,920.149601324794,937.1716876514384,825612,ABREL
2016-10-13,892.4647827148438,920.8668346205243,869.3223678891864,915.9418783712101,1368170,ABREL
2016-10-14,906.665771484375,912.2601477135252,880.3675863162853,898.9197839274299,1337538,ABREL
2016-10-17,895.046875,911.3995428894729,892.3213914399001,905.9008309239543,908334,ABREL
2016-10-18,910.7300415039062,915.9418753577922,898.9197889010928,898.9197889010928,898990,ABREL
2016-10-19,890.265380859375,919.9584136170124,886.9661420267973,910.3954363444863,1435027,ABREL
2016-10-20,877.5943603515625,899.7804773856166,874.7254674170152,894.233904351271,1341027,ABREL
2016-10-21,878.5028686523438,887.396425216244,870.3743385428412,878.8375494862124,975992,ABREL
2016-10-24,877.546630859375,893.5646177561553,872.8607486588761,886.4879912427041,778327,ABREL
2016-10-25,876.9727783203125,886.440148726951,874.0560820613877,879.9373361575991,978602,ABREL
2016-10-26,866.6446533203125,879.4112022455643,861.6240911907328,878.789643859707,702166,ABREL
2016-10-27,850.4832763671875,864.3974536183798,833.1743125609511,862.5804647689846,1259667,ABREL
2016-10-28,869.322509765625,871.9045255180401,851.105048216129,855.599659582513,1144491,ABREL
2016-11-01,979.153076171875,993.3062097459497,906.904750211216,913.2641522098374,4945673,ABREL
2016-11-02,954.0026245117188,977.9579301562901,948.9342580440848,968.9687078417819,1833786,ABREL
2016-11-03,936.0718994140625,968.9207575913357,932.3901769343034,952.4724268990423,1214409,ABREL
2016-11-04,936.5501098632812,951.2293142766878,911.0170084932597,944.7265017241439,1592496,ABREL
2016-11-07,935.4982299804688,964.1871611324382,927.1306250611444,953.7156895884134,1144452,ABREL
2016-11-08,934.5896606445312,951.3248691430133,922.8272114877246,936.2153782865103,1203928,ABREL
2016-11-09,853.0653076171875,884.5275236717309,770.3455608332076,870.230862120482,3475081,ABREL
2016-11-10,858.3726806640625,900.8323163753603,851.1048424353191,871.1870915264896,1758452,ABREL
2016-11-11,775.7963256835938,851.0091453512111,768.3850202610386,851.0091453512111,2538126,ABREL
2016-11-15,729.7985229492188,779.3825292219348,718.3707551723487,779.3825292219348,2184893,ABREL
2016-11-16,737.2576904296875,763.0299239626083,717.2232428394826,749.641756762938,2436817,ABREL
2016-11-17,734.6756591796875,760.2566209539233,728.7466021603282,742.0869658619428,1676089,ABREL
2016-11-18,716.6016235351562,740.1743840486749,711.4854544343852,738.2617887410556,1554641,ABREL
2016-11-21,652.4818115234375,722.004655596847,649.0869668693508,717.2231678114374,2587055,ABREL
2016-11-22,659.9888916015625,673.9986181108916,637.5158952906452,660.8017213125047,2328608,ABREL
2016-11-23,700.3924560546875,707.3734175634983,656.785246086634,668.452089654008,3802292,ABREL
2016-11-24,706.9908447265625,712.3461466156726,684.7091210367704,691.4032046223255,2306688,ABREL
2016-11-25,717.6057739257812,722.9610173740341,703.070038093383,713.1111633346891,1383519,ABREL
2016-11-28,734.7235717773438,742.0870763476491,714.0197598870265,718.1796318776862,1908435,ABREL
2016-11-29,746.1033935546875,754.9013430817495,735.2015776499715,736.253540022685,1372542,ABREL
2016-11-30,771.9713134765625,777.2309507935288,751.7934554804032,753.5625828671803,2228461,ABREL
2016-12-01,750.0242309570312,781.2951756077894,747.155338023343,774.6010920958499,1252576,ABREL
2016-12-02,742.5172729492188,747.8247128824386,731.5676539067333,745.9121177088261,1299566,ABREL
2016-12-05,763.0299072265625,768.8632994599318,737.3054774671734,737.3054774671734,996012,ABREL
2016-12-06,757.33984375,774.1228537987033,753.8493344036763,769.723908489265,937668,ABREL
2016-12-07,749.7373657226562,768.6242445147767,740.3656603246784,763.4124105922564,764795,ABREL
2016-12-08,784.1162719726562,788.8977602359595,756.431443254575,759.9219530338971,1729711,ABREL
2016-12-09,784.6900024414062,793.5357554492223,779.1912911122234,790.8581337798707,1111624,ABREL
2016-12-12,757.9136962890625,781.2951856734071,752.654059176206,781.2951856734071,892408,ABREL
2016-12-13,743.4735717773438,760.9738059715612,735.3928454817852,758.487455588823,1136272,ABREL
2016-12-14,730.8504638671875,753.9450749832117,727.216544546048,743.4736042591552,754317,ABREL
2016-12-15,746.8206787109375,752.3671935356429,717.4145252934338,722.0047424460253,1429430,ABREL
2016-12-16,732.954345703125,751.6977563007982,724.8736188850073,747.824762490865,1423161,ABREL
2016-12-19,733.6237182617188,746.3902677192893,727.8380711578891,732.8108302909444,783972,ABREL
2016-12-20,727.933837890625,743.5214790906083,717.3667597327327,736.2536397482176,869694,ABREL
2016-12-21,734.0062255859375,739.7918145057249,727.3121422547975,731.56767833172,994072,ABREL
2016-12-22,722.5307006835938,732.5240231163741,718.5621003309801,732.5240231163741,708022,ABREL
2016-12-23,739.6005859375,745.3383715278056,712.4417107962776,722.5784419920415,1583604,ABREL
2016-12-26,730.3245849609375,735.7754936722547,721.3831662028889,733.2890845641863,1027791,ABREL
2016-12-27,763.4601440429688,766.6159727280263,722.0046676013133,736.2535247858519,1906331,ABREL
2016-12-28,750.5023193359375,771.3017914300461,746.246783486807,766.9506491712697,1328576,ABREL
2016-12-29,763.9382934570312,767.3809997432572,748.015973874466,752.5105841447275,1233231,ABREL
2016-12-30,762.8385620117188,778.4262002949306,760.3521533783212,770.3932775835998,1002220,ABREL
2017-01-02,780.4344482421875,781.7732882296903,764.2730538181032,764.2730538181032,889540,ABREL
2017-01-03,802.8118896484375,807.9280588083177,778.8088416076082,780.3388945242704,1541220,ABREL
2017-01-04,790.1409301757812,820.9815292658495,787.606718066231,812.8529992731184,3048855,ABREL
2017-01-05,800.2775268554688,806.0631733330666,793.7269124313049,797.4564959693537,950709,ABREL
2017-01-06,787.1285400390625,804.2462906181154,784.2118439999119,801.1861265902467,959106,ABREL
2017-01-09,801.4252319335938,804.0072472557849,777.7090619456046,792.7707498959807,916467,ABREL
2017-01-10,797.0740356445312,809.1233618464578,792.2925477282473,807.9758514407675,1014010,ABREL
2017-01-11,804.2941284179688,811.6098288017599,794.7311518994321,803.2900275570778,1364685,ABREL
2017-01-12,783.7337646484375,806.1111540695346,781.2952171985463,805.2026595852827,1435037,ABREL
2017-01-13,768.8154296875,790.6668054343885,762.1691500181788,785.1202912985254,1151119,ABREL
2017-01-16,777.2786865234375,782.8252009935128,756.3836070708372,766.7594128027597,1243286,ABREL
2017-01-17,774.935791015625,787.03297984887,769.1023985947189,778.4263008468774,845829,ABREL
2017-01-18,782.634033203125,787.8936703661359,772.2103652965925,777.9481512926044,909113,ABREL
2017-01-19,777.1831665039062,791.5276322630489,772.6407523468444,785.3116971007537,816203,ABREL
2017-01-20,765.2293701171875,788.9455395101185,760.7825628201114,774.601075155389,1273023,ABREL
2017-01-23,777.08740234375,781.9645550988753,760.3521944313823,764.081778398962,865516,ABREL
2017-01-24,801.37744140625,803.9594567693005,781.2473872783715,781.295190487955,1833794,ABREL
2017-01-25,803.2422485351562,809.6972578795408,793.7270749391374,805.3939183166177,1335079,ABREL
2017-01-27,803.8637084960938,815.7218216300874,800.4210606147517,804.9156708365608,1102939,ABREL
2017-01-30,820.1687622070312,824.3286339383783,798.3651275153646,802.6206640392987,1335190,ABREL
2017-01-31,805.5852661132812,832.4572101471379,800.8037772554574,825.5718545183147,2638984,ABREL
2017-02-01,836.99951171875,840.4421598851358,792.1013257233493,806.1589127436804,1865834,ABREL
2017-02-02,840.394287109375,843.6457221723027,827.197392406957,836.9994424325886,1049977,ABREL
2017-02-03,870.1351928710938,873.5778408178483,834.8955919674115,836.8559903361959,1789382,ABREL
2017-02-06,861.8632202148438,876.112077937766,852.6349249397749,871.1871219037145,1249870,ABREL
2017-02-07,858.5162353515625,872.1434771825398,849.957359510481,861.6242027866977,814117,ABREL
2017-02-08,885.5794067382812,890.0262140556035,861.6241628303704,863.0108060645292,1852056,ABREL
2017-02-09,889.0699462890625,896.3377851588796,872.0956628218954,887.4442285932996,1212631,ABREL
2017-02-10,886.918212890625,896.3377208195826,876.4467425903769,892.225652849778,781456,ABREL
2017-02-13,883.5712280273438,907.2873981445498,865.4493758322187,895.4771454789225,1465375,ABREL
2017-02-14,870.6610717773438,889.2610698521479,868.3181312254836,886.4877837511269,585621,ABREL
2017-02-15,852.2046508789062,882.184558040826,849.1922900165349,870.1352313268906,873918,ABREL
2017-02-16,882.3280029296875,884.5752789398849,844.6976573941214,851.6786181922004,1125641,ABREL
2017-02-17,887.2052001953125,892.2257631713571,873.8648354711237,886.7748545523812,880268,ABREL
2017-02-20,890.4566650390625,895.094685736632,881.3718364979321,887.4443038072591,664361,ABREL
2017-02-21,899.3978881835938,904.1793761590515,887.4441682449495,889.0698858301598,838607,ABREL
2017-02-22,885.5316162109375,907.2395843510027,882.6627232858481,899.8760808363846,829781,ABREL
2017-02-23,904.6575927734375,908.4827834405556,876.1599339769629,883.7625121014157,1144985,ABREL
2017-02-27,900.4976196289062,909.199904067243,893.2775263654466,905.3269106274946,950757,ABREL
2017-02-28,911.9733276367188,915.8941248711487,896.385628386609,901.3105849032187,1171563,ABREL
2017-03-01,907.6220703125,918.9064292026786,903.7012733203371,911.9732712856706,683339,ABREL
2017-03-02,880.5587768554688,917.5675039026905,876.3511026346806,908.4826771313768,914731,ABREL
2017-03-03,894.7120361328125,897.8678649949288,874.1038339523783,879.6982100888595,738171,ABREL
2017-03-06,899.35009765625,906.5701329274231,890.8390255928387,897.6765768412469,660602,ABREL
2017-03-07,896.76806640625,905.4225479355497,890.5999352676778,900.3541823742836,574070,ABREL
2017-03-08,891.6041259765625,903.0318950206528,881.2761226206811,893.1820405087269,710549,ABREL
2017-03-09,896.2422485351562,905.5183482342754,886.48799996874,886.48799996874,810575,ABREL
2017-03-10,907.0960693359375,913.1685940665906,899.1588109948606,902.6493205532233,1210919,ABREL
2017-03-14,930.5254516601562,935.9285569330017,913.2642901019423,920.9146715897072,1234584,ABREL
2017-03-15,975.3757934570312,978.9619096212432,929.9038521683782,929.9038521683782,2454795,ABREL
2017-03-16,976.8580932617188,996.4621959654537,970.6421582580955,989.8159736942644,1704368,ABREL
2017-03-17,967.2472534179688,975.3279800974462,951.6117520840688,973.463188037909,1067953,ABREL
2017-03-20,972.0286865234375,981.735071936368,963.9479603017189,974.4672336780274,926818,ABREL
2017-03-21,967.103759765625,978.2446502513347,959.8359212884117,970.9767534063475,592159,ABREL
2017-03-22,955.2457275390625,973.7022601551306,950.5598457971774,957.2539292182844,832872,ABREL
2017-03-23,963.5176391601562,973.9413063900382,955.5803807211411,955.8194551221221,740921,ABREL
2017-03-24,967.7254028320312,974.467289481187,962.1310266499676,968.7295036746245,658450,ABREL
2017-03-27,978.387939453125,992.44558260867,975.4234405788645,978.2923330511553,1423717,ABREL
2017-03-28,1002.630126953125,1004.9731260091249,977.3839064687182,977.4317096730147,1220016,ABREL
2017-03-29,1005.1165771484375,1018.4568811509881,1000.2872278722381,1009.3241929403479,1276812,ABREL
2017-03-30,1002.0565795898438,1012.1933124493744,997.275090813125,1004.4951855601967,1336441,ABREL
2017-03-31,1007.1248779296875,1021.3258744663083,1004.1603786074667,1010.8066004783593,543536,ABREL
2017-04-03,1013.5321044921875,1017.5007633353916,1004.3995314039627,1011.7629770759816,466005,ABREL
2017-04-05,1017.3570556640625,1021.2301071709796,1006.8377833332612,1015.5879286646251,489071,ABREL
2017-04-06,1008.8939819335938,1027.972072622858,1004.8775786523429,1015.5880652260441,678414,ABREL
2017-04-07,1019.7001342773438,1038.300075113364,1000.5741830894393,1005.06873492438,1005819,ABREL
2017-04-10,1019.7001342773438,1028.9761739092608,1011.4281370414667,1019.7957406861749,635025,ABREL
2017-04-11,1043.416259765625,1048.9628323896875,1018.4569164284313,1018.4569164284313,977324,ABREL
2017-04-12,1036.3875732421875,1054.796302916847,1023.4296934522972,1048.102219398789,833664,ABREL
2017-04-13,1031.1279296875,1040.4518316716901,1028.7850471651805,1031.271397680521,292372,ABREL
2017-04-17,1075.1656494140625,1087.2627230401097,1028.0201217858419,1028.0201217858419,1604970,ABREL
2017-04-18,1042.890380859375,1085.397761934302,1034.9530641880162,1081.5247100102742,944246,ABREL
2017-04-19,1068.7581787109375,1072.6789755395957,1042.2687817786282,1047.1458762111322,631313,ABREL
2017-04-20,1085.828125,1091.0877620992278,1064.359289352828,1073.9222658968786,844731,ABREL
2017-04-21,1087.119140625,1096.6342548954294,1072.2965280670064,1089.1750870429953,751785,ABREL
2017-04-24,1096.0128173828125,1100.6986996598412,1085.780478250487,1090.1794245110502,758054,ABREL
2017-04-25,1093.0479736328125,1104.5235429097975,1087.8361992803927,1102.6109480303,524807,ABREL
2017-04-26,1087.119140625,1103.0414020166022,1064.4070729958162,1094.2435109344628,554670,ABREL
2017-04-27,1091.087646484375,1099.7421860339018,1075.8347472070777,1083.102585263324,731185,ABREL
2017-04-28,1079.2296142578125,1094.482513026926,1071.579234088118,1089.079408684972,362799,ABREL
2017-05-02,1064.072265625,1082.5288555274146,1042.364357354136,1080.6162603763062,499763,ABREL
2017-05-03,1117.7685546875,1128.3356910743985,1063.4030532356492,1063.4030532356492,2137375,ABREL
2017-05-04,1108.3011474609375,1120.015794018943,1101.0333084536942,1114.0867951082976,471141,ABREL
2017-05-05,1095.4388427734375,1117.816228775193,1079.2296460062746,1106.4362645908923,677868,ABREL
2017-05-08,1103.7108154296875,1114.086620262709,1091.278947564095,1098.785859812749,333530,ABREL
2017-05-09,1129.0048828125,1137.5638160675546,1093.0481176862888,1109.54425069599,569814,ABREL
2017-05-10,1130.774169921875,1142.5366783391128,1120.97211848603,1133.2127757537967,948972,ABREL
2017-05-11,1145.02294921875,1159.702094559898,1137.1334937348327,1143.731970759401,1376715,ABREL
2017-05-12,1114.27783203125,1165.5354728790735,1105.0017927113586,1136.0814623462518,2037276,ABREL
2017-05-15,1142.249755859375,1151.3345841269954,1102.611262375403,1110.4528569227036,809516,ABREL
2017-05-16,1135.02978515625,1149.9001446339394,1130.3439029896376,1147.5572619184138,416954,ABREL
2017-05-17,1142.5364990234375,1147.557061166039,1123.6496223917466,1128.4311101466049,618601,ABREL
2017-05-18,1100.0767822265625,1136.2726184795458,1096.490666678337,1128.5266322424852,565042,ABREL
2017-05-19,1098.212158203125,1135.8903059958338,1085.9237577145495,1108.3488891484874,1035471,ABREL
2017-05-22,1082.959228515625,1116.9077951366232,1077.2693041846367,1111.313477223654,511014,ABREL
2017-05-23,1072.48779296875,1093.0003304556976,1041.3125135510084,1090.179299138988,810509,ABREL
2017-05-24,986.468994140625,1081.7162270250676,976.2365381386667,1075.834972494982,1177631,ABREL
2017-05-25,1012.3845825195312,1017.8354327102865,987.4729807632555,995.5059047829676,1028946,ABREL
2017-05-26,1028.928466796875,1032.801519188054,1009.8503743172083,1018.1701176386662,642553,ABREL
2017-05-29,994.501708984375,1043.3207514258852,990.2462310737892,1030.8888817938628,689206,ABREL
2017-05-30,1013.7232666015625,1019.4131903412396,988.3335199040066,995.0276027674107,445039,ABREL
2017-05-31,1014.3927612304688,1025.1511101004596,1003.2041250999008,1014.3448996523796,445477,ABREL
2017-06-01,1017.3094482421875,1027.8287219938586,968.7294827675237,1008.9895889609004,495296,ABREL
2017-06-02,1019.9393310546875,1029.9325950552914,1015.5881299431006,1021.4215224082803,287262,ABREL
2017-06-05,1042.1253662109375,1048.245694530519,1021.4693602759594,1032.8970705225233,733710,ABREL
2017-06-06,1020.5608520507812,1045.1855176642407,1010.8066622689935,1042.2688797397095,391953,ABREL
2017-06-07,1023.6688232421875,1031.7973536681388,1014.1537078495622,1021.3259405783427,323552,ABREL
2017-06-08,1024.05126953125,1036.6266064155966,1017.5006542677074,1025.1510351268632,388644,ABREL
2017-06-09,1027.5418701171875,1035.6704004996873,1018.4570420426288,1023.0473176587344,397822,ABREL
2017-06-12,1012.7671508789062,1025.0076916997227,1006.0252052332609,1020.1784582368509,379677,ABREL
2017-06-13,1012.86279296875,1027.063791317224,1009.4678892361845,1021.3260047735525,498250,ABREL
2017-06-14,1004.3994140625,1016.4964852910376,992.6369069106694,1012.5279436470286,561124,ABREL
2017-06-15,1019.843505859375,1022.2342498055366,1000.2872670739913,1000.2872670739913,310523,ABREL
2017-06-16,1062.2554931640625,1067.0847263318335,1019.5089174896707,1025.1510970612794,1075454,ABREL
2017-06-19,1082.2899169921875,1089.0318624403715,1062.4467398085446,1070.0492597943194,1149019,ABREL
2017-06-20,1070.0491943359375,1091.1356039281561,1064.7418124913777,1081.1900851552327,531088,ABREL
2017-06-21,1078.4168701171875,1085.0632091767366,1064.93309588778,1071.053424517851,373812,ABREL
2017-06-22,1067.85009765625,1097.351865194761,1060.0083846566438,1078.4171196501072,674509,ABREL
2017-06-23,1070.479736328125,1082.242128739587,1047.9111325300248,1071.053491637246,522276,ABREL
2017-06-27,1054.7008056640625,1079.0385365652364,1041.1213076520096,1073.9223669797211,634427,ABREL
2017-06-28,1056.182861328125,1068.1844431716775,1039.2564401224893,1051.9273836068444,723441,ABREL
2017-06-29,1049.679931640625,1080.998673495144,1046.380635358144,1061.681394737451,694417,ABREL
2017-06-30,1051.9273681640625,1059.3865361961723,1040.4996584495902,1042.3643920898437,508782,ABREL
2017-07-03,1080.18603515625,1083.1982793036914,1055.7047224285789,1055.7047224285789,534248,ABREL
2017-07-04,1072.0096435546875,1092.09189379077,1067.7063042183843,1080.5684606515597,559892,ABREL
2017-07-05,1079.0863037109375,1086.1150681701668,1072.4399649275554,1076.7433044008249,377285,ABREL
2017-07-06,1085.684814453125,1096.6822378911831,1078.2256457748276,1081.238006846277,495965,ABREL
2017-07-07,1082.337890625,1099.4077829115352,1077.2216040354217,1080.5209014681416,418340,ABREL
2017-07-10,1092.76123046875,1098.7859520961333,974.4672629990947,1085.3977855779906,136167,ABREL
2017-07-11,1075.404541015625,1104.4281505907102,1071.0533401271387,1094.004483129863,436520,ABREL
2017-07-12,1074.2091064453125,1085.1108053484852,1056.8044206401926,1079.659955896899,447675,ABREL
2017-07-13,1080.3294677734375,1090.1793808029865,1070.2883418976205,1083.4852968857751,507368,ABREL
2017-07-14,1084.1068115234375,1088.6969700211164,1074.0656865943577,1084.4414923406305,327074,ABREL
2017-07-17,1117.29052734375,1125.5625267797727,1080.0905190418919,1086.3543164161613,1213273,ABREL
2017-07-18,1101.2724609375,1124.6061492868225,1096.490972207539,1114.0868740809083,451208,ABREL
2017-07-19,1110.0225830078125,1114.0868483343543,1098.6426167463835,1099.742382475972,320243,ABREL
2017-07-20,1107.583984375,1123.6498329358828,1101.511517135608,1110.0704518618616,330303,ABREL
2017-07-21,1097.2081298828125,1114.612817860073,1084.4415790846158,1105.4801282379328,426224,ABREL
2017-07-24,1108.7794189453125,1118.055577491293,1098.6426857822023,1098.6905473656293,403110,ABREL
2017-07-25,1106.771240234375,1115.6648565067849,1099.790336305748,1109.305452762369,258044,ABREL
2017-07-26,1132.6866455078125,1136.8466334558168,1105.145344672009,1110.2615134843668,566732,ABREL
2017-07-27,1117.7205810546875,1146.1225705262036,1110.5004881297907,1142.7755292272118,676318,ABREL
2017-07-28,1130.499755859375,1138.3304551637475,1120.7955061814826,1122.9092613355815,211835,ABREL
2017-07-31,1141.64501953125,1156.7299472873415,1129.1543732900438,1133.1898832173763,464183,ABREL
2017-08-01,1130.7398681640625,1149.5239273841078,1122.476847845423,1142.4138430029598,302838,ABREL
2017-08-02,1126.560302734375,1139.2430669034723,1122.2847050035941,1131.7487489080886,232719,ABREL
2017-08-03,1132.133056640625,1140.4921348929213,1114.8383149152057,1123.8699195418346,259867,ABREL
2017-08-04,1174.55322265625,1179.8858153981653,1128.962404798733,1133.766500138302,1031269,ABREL
2017-08-07,1177.0992431640625,1190.3105034008156,1171.0461543007937,1185.6024672044066,681482,ABREL
2017-08-08,1230.8570556640625,1242.194647914622,1139.1468244976293,1177.963930156021,3776298,ABREL
2017-08-09,1195.8831787109375,1236.573832652702,1187.1877213954062,1236.573832652702,1023100,ABREL
2017-08-10,1125.07080078125,1193.8655252060762,1096.8228200373503,1188.532933601128,1579562,ABREL
2017-08-11,1130.835693359375,1151.0609769732619,1078.0387447111852,1109.3614156187425,1120091,ABREL
2017-08-14,1163.2633056640625,1174.1206053122921,1138.5703087521,1138.5703087521,575195,ABREL
2017-08-16,1165.521240234375,1174.7450768451981,1150.1961106859094,1171.238064924236,523834,ABREL
2017-08-17,1158.555419921875,1180.5101072565608,1154.95234922294,1172.1990007201925,406475,ABREL
2017-08-18,1143.230224609375,1151.541330678773,1124.1579949054353,1151.541330678773,707310,ABREL
2017-08-21,1175.658203125,1190.4548404182035,1140.4922482456882,1142.4138864061695,983828,ABREL
2017-08-22,1133.4779052734375,1194.8742507999625,1128.9621037733252,1187.5720512883659,1089601,ABREL
2017-08-23,1159.179931640625,1162.5908856996057,1135.1594587955917,1143.3745074235792,1019928,ABREL
2017-08-24,1163.0712890625,1170.2774308782527,1146.4490750258444,1167.3949741519518,555999,ABREL
2017-08-28,1189.637939453125,1193.3370687449626,1163.551682971135,1172.2951114666048,638871,ABREL
2017-08-29,1156.8741455078125,1185.6506271861997,1149.2355642065356,1185.6506271861997,526577,ABREL
2017-08-30,1168.5,1183.248547557535,1165.4733968228095,1167.395034740077,325092,ABREL
2017-08-31,1191.271240234375,1195.9311882483562,1159.7083641376644,1175.8501679022854,629398,ABREL
2017-09-01,1197.9970703125,1209.767102312085,1190.5027529627962,1196.2195787333217,582556,ABREL
2017-09-04,1194.58642578125,1215.4361531937689,1173.1601130826812,1200.4473987936988,575724,ABREL
2017-09-05,1223.8912353515625,1232.1542549310873,1195.3068713572243,1197.2764798482174,807491,ABREL
2017-09-06,1215.2437744140625,1229.5119114193794,1208.9022759339557,1215.4358912763546,394360,ABREL
2017-09-07,1252.0430908203125,1266.1671990869538,1216.3967329258703,1216.3967329258703,1224101,ABREL
2017-09-08,1239.6005859375,1258.5767601102552,1225.3804186297643,1253.8687238200273,707341,ABREL
2017-09-11,1254.541259765625,1282.2128925214658,1249.0646386496107,1258.6728281776848,1218914,ABREL
2017-09-12,1269.1456298828125,1275.967420192919,1243.7319011789361,1249.0644926587308,828715,ABREL
2017-09-13,1238.4954833984375,1278.849874634073,1229.8481138479442,1266.2631713014018,770855,ABREL
2017-09-14,1240.801513671875,1253.0999248502308,1224.5155634332586,1245.365403309879,898093,ABREL
2017-09-15,1237.6788330078125,1247.7674309973931,1225.0440415919413,1235.6130490095973,408293,ABREL
2017-09-18,1262.51611328125,1271.8360102770898,1232.8267839634889,1240.5133356425224,708650,ABREL
2017-09-19,1247.047119140625,1265.3987402840582,1238.7840984322584,1265.3987402840582,464644,ABREL
2017-09-20,1247.575439453125,1257.4238346437548,1241.378203540843,1247.1431177987727,281371,ABREL
2017-09-21,1226.1971435546875,1248.5842728532716,1203.1374878805987,1248.0557754957508,551477,ABREL
2017-09-22,1200.1109619140625,1235.4210584884318,1195.3068671420394,1214.4751583674233,570362,ABREL
2017-09-25,1191.4635009765625,1199.9186367616937,1158.747571144924,1199.9186367616937,517472,ABREL
2017-09-26,1208.469970703125,1215.4359077236757,1177.1472980406243,1177.1472980406243,384614,ABREL
2017-09-27,1171.7667236328125,1219.1831123732823,1161.8702421557405,1210.5837129395738,468284,ABREL
2017-09-28,1170.181396484375,1190.4546524183481,1155.9612294275064,1171.0461569775232,534402,ABREL
2017-09-29,1174.55322265625,1197.180558620614,1170.4697416176164,1177.0033581944238,394413,ABREL
2017-10-03,1180.462158203125,1191.3674300100358,1169.412740093816,1191.3674300100358,317436,ABREL
2017-10-04,1188.5811767578125,1200.0629167565464,1177.4836705245377,1182.6240286560321,257765,ABREL
2017-10-05,1225.764892578125,1233.6916496729864,1189.4939737501224,1192.3764308755267,728561,ABREL
2017-10-06,1237.3907470703125,1244.0685096081663,1229.7041949375157,1237.534893380298,565437,ABREL
2017-10-09,1233.6915283203125,1251.658795719647,1227.9266146365726,1237.775008846295,507308,ABREL
2017-10-10,1238.4954833984375,1248.9203443434856,1229.8962017048736,1233.691389203719,454422,ABREL
2017-10-11,1226.3892822265625,1265.9270038964867,1219.2791988232132,1236.573939232053,810193,ABREL
2017-10-12,1239.6485595703125,1245.221356382692,1228.3109663584455,1229.8482532174735,636005,ABREL
2017-10-13,1239.1680908203125,1247.2389930534712,1232.7306510928024,1241.3780212095874,309042,ABREL
2017-10-16,1237.87109375,1250.746091376455,1233.1630573501245,1239.4564685044186,229432,ABREL
2017-10-17,1254.9737548828125,1265.3986175302555,1232.7307716714638,1238.831948837596,451225,ABREL
2017-10-18,1290.0914306640625,1296.1446363700995,1260.8826312800547,1264.0532631314652,1100696,ABREL
2017-10-19,1267.608642578125,1294.7997518139623,1254.8297020662849,1292.3016456961357,146358,ABREL
2017-10-23,1276.0634765625,1280.4832197642152,1254.8774915359518,1275.727213426356,363858,ABREL
2017-10-24,1281.6844482421875,1290.3799070400607,1267.2721633534302,1276.0636805930671,372398,ABREL
2017-10-25,1312.5267333984375,1316.177774924232,1265.4466062891156,1283.17366845917,891141,ABREL
2017-10-26,1296.5771484375,1316.3220257385685,1291.196585512414,1316.3220257385685,547685,ABREL
2017-10-27,1295.904541015625,1329.7734085379982,1290.5719490013705,1297.1055646866312,534795,ABREL
2017-10-30,1298.5467529296875,1307.290181526697,1295.2319746152189,1299.0752502435716,215252,ABREL
2017-10-31,1306.329345703125,1317.7150261471868,1292.3495011585042,1298.0663266666625,464224,ABREL
2017-11-01,1309.307861328125,1326.8908940219674,1302.3900121989695,1306.3293462110569,378454,ABREL
2017-11-02,1313.4395751953125,1329.8695566652787,1302.0058056187067,1307.6746611856768,436907,ABREL
2017-11-03,1356.484130859375,1362.4411609527883,1307.2901342240057,1314.1119247600009,898925,ABREL
2017-11-06,1317.6190185546875,1356.58027315086,1309.307911337829,1356.58027315086,1231364,ABREL
2017-11-07,1280.2431640625,1330.6861589788707,1271.163471892541,1318.2436004811539,608775,ABREL
2017-11-08,1271.1153564453125,1292.3014607654125,1257.7119792876765,1279.8108146762302,368535,ABREL
2017-11-09,1288.458251953125,1292.3015278724483,1270.490983945278,1280.7717001144786,219435,ABREL
2017-11-10,1292.6378173828125,1308.635477180287,1276.159748085639,1283.6541831959348,388655,ABREL
2017-11-13,1265.446533203125,1299.6516613434146,1258.961005863658,1293.2621924329665,250905,ABREL
2017-11-14,1244.2125244140625,1268.2810874198617,1237.7750839913915,1259.6337163692717,467553,ABREL
2017-11-15,1211.0162353515625,1240.5133303797259,1199.6305541827912,1236.6700545565138,505334,ABREL
2017-11-16,1241.7625732421875,1248.7764819887232,1211.9771824627653,1216.396926669312,368701,ABREL
2017-11-17,1263.717041015625,1282.6932140322062,1255.886343629771,1259.633560746234,580800,ABREL
2017-11-20,1268.23291015625,1274.2380285180784,1249.4008824310501,1249.4008824310501,343454,ABREL
2017-11-21,1285.6236572265625,1293.3581782841632,1269.1455911571788,1269.7220589864019,576162,ABREL
2017-11-22,1276.351806640625,1291.8209669449884,1269.001518849084,1288.4581009098024,262860,ABREL
2017-11-23,1274.6705322265625,1284.711043723088,1252.3794613615273,1278.177544985687,298665,ABREL
2017-11-24,1281.5401611328125,1291.6287585231912,1275.8232189057937,1282.6930967767325,248861,ABREL
2017-11-27,1300.5166015625,1306.7138371841554,1272.1243532586923,1274.0459912545514,614858,ABREL
2017-11-28,1302.1016845703125,1312.1423121255077,1293.2141100305848,1304.7920243189437,481109,ABREL
2017-11-29,1296.6251220703125,1309.9324405473685,1289.7072728171574,1302.1017429551048,267800,ABREL
2017-11-30,1260.498291015625,1298.9790161425803,1253.9167052553614,1287.4972776338886,455662,ABREL
2017-12-01,1246.4224853515625,1277.6971916600353,1238.4957283624315,1264.4378421450424,431283,ABREL
2017-12-04,1238.3994140625,1258.6726679281262,1224.4194531640414,1248.1036607928518,418825,ABREL
2017-12-05,1242.5791015625,1254.204987348313,1223.4108105102177,1242.2908089637942,655759,ABREL
2017-12-06,1216.012451171875,1248.9685883837876,1212.7456432534614,1247.1430089040148,370319,ABREL
2017-12-07,1236.76611328125,1242.338910141187,1219.2792551965708,1219.2792551965708,279476,ABREL
2017-12-08,1268.95361328125,1271.8360702969148,1240.7056283577142,1240.7056283577142,514148,ABREL
2017-12-11,1314.304443359375,1329.7736070942315,1270.9234384276695,1270.9234384276695,1248882,ABREL
2017-12-12,1330.92626953125,1340.2462830668285,1307.8186457725312,1317.2826883105597,957706,ABREL
2017-12-13,1274.622314453125,1339.3815310171872,1258.0962764803799,1336.4990743507228,1862425,ABREL
2017-12-14,1267.176025390625,1283.894298269931,1244.4526341845187,1275.919454216953,641552,ABREL
2017-12-15,1278.7056884765625,1289.3227832307975,1262.1315640216185,1277.889015946418,419546,ABREL
2017-12-18,1281.732666015625,1296.4332450071106,1223.5070526211382,1268.2811987560906,624500,ABREL
2017-12-19,1302.87060546875,1305.5609456693705,1280.099241358956,1284.518985442136,661315,ABREL
2017-12-20,1331.35888671875,1345.146616076034,1289.4672012755918,1289.4672012755918,659168,ABREL
2017-12-21,1336.547119140625,1348.0288575770642,1314.1599928375122,1341.591418144388,854218,ABREL
2017-12-22,1369.7435302734375,1377.8144332562829,1333.6167596650773,1333.6167596650773,1085072,ABREL
2017-12-26,1376.901611328125,1383.5792559610056,1350.9114124174819,1369.118884183371,642888,ABREL
2017-12-27,1374.6917724609375,1387.4226241017604,1364.3629682995152,1375.8927962006378,372925,ABREL
2017-12-28,1367.197265625,1386.8940539218972,1364.4589550997543,1369.2630498063147,503626,ABREL
2017-12-29,1381.0811767578125,1393.0914135855946,1370.1278173133815,1370.1278173133815,368882,ABREL
2018-01-01,1361.5286865234375,1389.344351204129,1354.7548652820346,1370.8485844263423,459843,ABREL
2018-01-02,1351.43994140625,1371.5690514992548,1338.2766514151765,1364.3629093722884,349581,ABREL
2018-01-03,1354.1300048828125,1368.2060243066608,1343.5609976725784,1358.5978359337207,436771,ABREL
2018-01-04,1380.456787109375,1384.396121805453,1353.9861750404837,1357.6373343904972,543466,ABREL
2018-01-05,1378.7750244140625,1397.462903788177,1370.0315964972206,1382.1378903272675,592765,ABREL
2018-01-08,1379.6878662109375,1388.815645851382,1374.4514500690368,1378.775135161879,278811,ABREL
2018-01-09,1392.611083984375,1413.5568678408713,1372.1936802061246,1379.7360859090654,728822,ABREL
2018-01-10,1382.2340087890625,1403.372024018747,1374.9318088035725,1397.9914617814102,412221,ABREL
2018-01-11,1380.0244140625,1402.2672806860885,1376.2291085370275,1383.5793975439756,347963,ABREL
2018-01-12,1374.6917724609375,1390.1129641936789,1349.902595558534,1381.6577101511991,420805,ABREL
2018-01-15,1370.99267578125,1386.7501310826797,1364.3630011211237,1373.971191269864,725302,ABREL
2018-01-16,1362.10498046875,1393.5718004469663,1349.6143343705266,1370.9925555771013,609673,ABREL
2018-01-17,1360.9520263671875,1372.9142932961083,1340.1503888359769,1365.2277412919732,402964,ABREL
2018-01-18,1329.6773681640625,1379.0153977817056,1316.514078178545,1367.2453656459622,423433,ABREL
2018-01-19,1354.17822265625,1359.8950483716255,1324.0084848133151,1344.185682332241,514662,ABREL
2018-01-22,1360.327392578125,1366.2844226112354,1339.2373481716718,1351.1034376672383,404414,ABREL
2018-01-23,1369.07080078125,1382.426206233829,1359.6547291503061,1368.8785666390622,522845,ABREL
2018-01-24,1365.755859375,1387.7106631551726,1357.4928410131556,1372.7217957924627,500559,ABREL
2018-01-25,1344.04150390625,1374.0191241616672,1332.7518817548228,1371.95334005519,867473,ABREL
2018-01-29,1352.1605224609375,1382.6184355223643,1345.1464973810355,1363.305998553173,1228914,ABREL
2018-01-30,1342.84033203125,1352.8809588682723,1332.0792083813521,1347.6444260334279,490491,ABREL
2018-01-31,1333.85693359375,1350.14276820184,1322.663369148417,1335.5383667893482,428050,ABREL
2018-02-01,1328.9088134765625,1343.0329239784212,1284.2788152208614,1343.0329239784212,791779,ABREL
2018-02-02,1242.8193359375,1315.2651096305472,1216.3968142998647,1311.5178921953518,1072610,ABREL
2018-02-05,1198.0931396484375,1228.8393459678807,1141.068558572839,1181.999422278104,1448322,ABREL
2018-02-06,1212.169189453125,1231.7699199044182,1107.0076000705017,1143.3745746382665,1135785,ABREL
2018-02-07,1176.5711669921875,1247.959961281594,1165.425570738528,1229.9446017605883,667171,ABREL
2018-02-08,1218.7989501953125,1224.6119522925526,1168.6442433064453,1174.1208649102655,562983,ABREL
2018-02-09,1212.8897705078125,1219.2792399429427,1172.1991116866745,1172.1991116866745,546864,ABREL
2018-02-12,1230.3765869140625,1234.6040958922647,1206.2599407011571,1216.3966261675348,454445,ABREL
2018-02-14,1225.2364501953125,1248.9687519657218,1218.3185996987681,1225.0443332933198,559095,ABREL
2018-02-15,1201.167724609375,1238.495513966146,1186.8034122401627,1237.534695103488,583978,ABREL
2018-02-16,1148.9952392578125,1215.0035669773993,1136.8889447739134,1205.8276997179476,967047,ABREL
2018-02-19,1140.3961181640625,1152.7907069781297,1128.5779973044334,1143.3746336682236,663905,ABREL
2018-02-20,1150.1002197265625,1164.7527079060362,1133.814386337149,1133.814386337149,690785,ABREL
2018-02-21,1125.3592529296875,1160.7654095963835,1116.4716771861658,1157.834982021005,720044,ABREL
2018-02-22,1103.9810791015625,1127.0407361062948,1100.1858908011927,1119.0658911438327,712359,ABREL
2018-02-23,1147.890380859375,1151.9258909210291,1105.9507264911852,1113.5891904164123,583553,ABREL
2018-02-26,1171.670654296875,1179.165089230604,1149.860110439377,1156.8260480208983,509724,ABREL
2018-02-27,1162.4949951171875,1178.9249774580055,1158.7477773548123,1178.9249774580055,252158,ABREL
2018-02-28,1172.439208984375,1177.8678589780368,1142.1734150216562,1154.9042648631173,322842,ABREL
2018-03-01,1175.129638671875,1190.9350631475925,1167.3949993742033,1167.3949993742033,466853,ABREL
2018-03-05,1161.053466796875,1173.1597602758927,1151.060927772743,1167.3948474489841,597752,ABREL
2018-03-06,1133.285888671875,1175.946271143383,1124.1581091531104,1166.434140608441,479926,ABREL
2018-03-07,1119.6903076171875,1137.5615161140333,1112.7243704306843,1128.8661752399125,416527,ABREL
2018-03-08,1125.4073486328125,1132.8056080639565,1090.0491622973354,1124.1582370100332,433691,ABREL
2018-03-09,1089.8568115234375,1133.189715936741,1083.2751089148749,1129.922908559945,500864,ABREL
2018-03-12,1139.7716064453125,1143.3746779093124,1102.0594584554465,1102.0594584554465,709577,ABREL
2018-03-13,1167.010498046875,1172.198943055595,1126.8002544823353,1151.6373971543426,813347,ABREL
2018-03-14,1162.638916015625,1173.111747827736,1157.9308801135292,1164.6085243189532,423896,ABREL
2018-03-15,1150.1483154296875,1179.7414672870684,1147.217770858823,1162.398756450165,470639,ABREL
2018-03-16,1137.5135498046875,1159.9486482664502,1125.551283805024,1152.982711053833,513059,ABREL
2018-03-19,1114.934326171875,1149.427749721963,1099.8493983772844,1142.4137245151667,517004,ABREL
2018-03-20,1109.7459716796875,1121.7562094684288,1093.1718435312246,1105.4222860757407,293994,ABREL
2018-03-21,1109.2655029296875,1130.883929794926,1103.4525012353788,1119.3541021334654,372541,ABREL
2018-03-22,1104.8458251953125,1118.729613253024,1093.412055289708,1117.4325310210286,310217,ABREL
2018-03-23,1082.5546875,1097.9277910330077,1072.3220592908192,1089.9530639477432,461057,ABREL
2018-03-26,1099.27294921875,1104.845746104477,1059.8314012638486,1083.803787412642,696222,ABREL
2018-03-27,1109.9381103515625,1125.1190981294458,1095.5258247222357,1103.981079206433,538204,ABREL
2018-03-28,1097.8316650390625,1109.7458430015067,1082.4585624520287,1103.980929531369,555849,ABREL
2018-04-02,1135.2076416015625,1141.452965063611,1099.176929320514,1102.0112984383,312227,ABREL
2018-04-03,1151.973876953125,1156.1535333743934,1117.0001596743846,1128.0014901548577,411792,ABREL
2018-04-04,1120.3629150390625,1169.3165906324793,1114.790118554917,1154.9043072639606,544943,ABREL
2018-04-05,1154.231689453125,1163.551585044279,1133.718113921515,1133.7662017772495,410178,ABREL
2018-04-06,1167.7313232421875,1177.2915424604046,1143.3745855701006,1157.546665517293,475683,ABREL
2018-04-09,1156.345458984375,1180.8463390874922,1148.5147620821622,1171.2381508117599,491969,ABREL
2018-04-10,1163.0230712890625,1174.072487505632,1152.0217429275456,1163.5515685448354,390850,ABREL
2018-04-11,1162.0623779296875,1167.8753792208856,1141.6930640553,1164.0321036002492,496036,ABREL
2018-04-12,1153.7032470703125,1166.5782432621304,1146.4490177565108,1163.5516403932113,334040,ABREL
2018-04-13,1169.17236328125,1175.0814225101533,1152.5982385565565,1164.2241228769667,544038,ABREL
2018-04-16,1180.27001953125,1186.6114011324396,1159.1799732439044,1165.4733842701612,599643,ABREL
2018-04-17,1180.3660888671875,1194.2979637459616,1169.0283782577485,1181.8073173029227,497803,ABREL
2018-04-18,1173.8323974609375,1191.4154301597316,1169.316595568059,1177.00314673038,423982,ABREL
2018-04-19,1190.55078125,1193.337179764917,1172.1991620879216,1186.611446867691,462967,ABREL
2018-04-20,1177.81982421875,1190.4546162017086,1162.6389559826832,1179.9336961696329,586310,ABREL
2018-04-23,1191.3675537109375,1196.219736908169,1165.4735268028987,1165.4735268028987,457842,ABREL
2018-04-24,1177.0992431640625,1202.9452957392766,1169.6049259113297,1189.9742402341008,566893,ABREL
2018-04-25,1183.584716796875,1201.4079539799266,1167.5390883761872,1178.9247686748456,731768,ABREL
2018-04-26,1172.7275390625,1187.5240560875318,1165.5693679841945,1179.4051834099996,431178,ABREL
2018-04-27,1200.7835693359375,1208.2299167353,1179.3092877126903,1189.349799549098,644189,ABREL
2018-04-30,1213.08203125,1215.4359907994055,1201.408057367041,1208.7102580439937,551880,ABREL
2018-05-02,1099.0809326171875,1224.0834673218346,1088.8000984296723,1212.0732292201683,2259551,ABREL
2018-05-03,1041.383544921875,1104.9417388349614,1016.0659902764971,1103.9809199316267,2096852,ABREL
2018-05-04,1069.6318359375,1087.8393105055652,1031.7755409004499,1040.567058899899,1524539,ABREL
2018-05-07,1058.1978759765625,1072.9464226886914,1042.6806272266015,1072.9464226886914,454181,ABREL
2018-05-08,1068.7667236328125,1084.5722625984708,1058.8222729298445,1058.8222729298445,442580,ABREL
2018-05-09,1057.6214599609375,1076.1172247615264,1054.0183888958877,1066.4129768171529,282766,ABREL
2018-05-10,1031.919677734375,1059.2549332696078,1028.124489335541,1057.8617925377532,492435,ABREL
2018-05-11,1064.82763671875,1074.4358265380033,1020.966226736364,1042.1042443387212,765459,ABREL
2018-05-14,1036.675537109375,1061.5607708418868,1032.9764076881495,1053.1056346344378,368905,ABREL
2018-05-15,1038.3089599609375,1061.7048765431052,1027.1153964023345,1045.370955365519,546668,ABREL
2018-05-16,1021.5906372070312,1036.7235340196441,1009.8206063527767,1031.919439793418,473521,ABREL
2018-05-17,1028.7486572265625,1040.518687697968,1009.3401640988994,1027.5476337090722,455851,ABREL
2018-05-18,1024.425048828125,1044.4101285619586,1017.170936614914,1027.1153886225702,565883,ABREL
2018-05-21,967.4966430664062,995.4084215361389,890.3428939367052,960.8189397066978,5708881,ABREL
2018-05-22,958.7052001953125,975.2793281825745,949.289185589268,970.427203891863,1104426,ABREL
2018-05-23,899.6627807617188,970.3790891262939,891.7841124584671,956.0148344081979,1641049,ABREL
2018-05-24,913.2103881835938,917.5821027033285,881.0709823863374,895.963676199847,1542535,ABREL
2018-05-25,913.3064575195312,933.6278021327786,907.0131050132816,914.5074812285001,1038564,ABREL
2018-05-28,913.8829956054688,930.9375324877971,905.6199171973664,915.852662784258,915333,ABREL
2018-05-29,913.4025268554688,924.2597688882507,898.5098336427526,907.013057600262,540875,ABREL
2018-05-30,926.2294921875,934.396453477535,901.728608317395,901.728608317395,818515,ABREL
2018-05-31,910.0396728515625,931.9943619408193,906.3885140031992,926.229448361804,1060932,ABREL
2018-06-01,877.5159301757812,919.936110027762,869.9254957014002,911.7211197820386,957838,ABREL
2018-06-04,888.94970703125,894.1380941911326,857.0985352822753,877.5639672521269,1164555,ABREL
2018-06-05,866.0822143554688,892.4086180760451,847.6825082313496,892.4086180760451,721896,ABREL
2018-06-06,869.5891723632812,882.031789400013,855.1768882227582,859.3564858097504,650970,ABREL
2018-06-07,884.6260375976562,900.0951995604828,869.5411680366707,871.0304257117432,702907,ABREL
2018-06-08,906.8209228515625,909.8475260334983,877.0835643064767,882.0318054086928,725200,ABREL
2018-06-11,894.2821655273438,913.7387476943367,889.7182758832342,910.8562910770044,640043,ABREL
2018-06-12,897.0205688476562,904.0345942586044,888.8055783653826,897.30886145426,450462,ABREL
2018-06-13,894.4263305664062,912.2495092951424,890.8712889350893,900.2873023536923,533795,ABREL
2018-06-14,885.538818359375,895.0028616623468,879.6297582950924,890.6791763403065,458442,ABREL
2018-06-15,877.8040771484375,892.600710883218,870.0214679276145,886.8357977881702,362312,ABREL
2018-06-18,882.8004760742188,888.7575655395557,867.6195477645608,874.4413391344507,393844,ABREL
2018-06-19,861.7584838867188,885.8750145119263,856.3298337133995,880.1101011853846,587187,ABREL
2018-06-20,863.9202880859375,879.0050970400163,860.1730711323099,864.6409022198098,571198,ABREL
2018-06-21,862.9595947265625,876.2669142096418,860.1731962129187,866.7547828018451,477862,ABREL
2018-06-22,873.5285034179688,880.0620600373845,856.1376465991237,863.7281391669802,631966,ABREL
2018-06-25,841.5813598632812,882.0318150707984,834.9036562884098,877.1796909976855,804666,ABREL
2018-06-26,868.2440795898438,872.3275601836162,836.9693754213745,836.9693754213745,1054462,ABREL
2018-06-27,858.5397338867188,867.1390749459543,837.1134837082135,867.1390749459543,747628,ABREL
2018-06-28,859.98095703125,866.322397048299,839.8998769199263,846.4814630216825,797039,ABREL
2018-06-29,853.8798828125,870.9824498001814,848.7394658210372,863.7763070825848,665452,ABREL
2018-07-02,824.5748291015625,857.0504976655227,814.9666396658504,851.6699350390177,749965,ABREL
2018-07-03,839.3713989257812,843.3588209671697,818.9059673203204,827.2651037912083,629559,ABREL
2018-07-04,838.0743408203125,849.9404315607327,829.2828238477642,835.768351850673,620570,ABREL
2018-07-05,836.8253173828125,847.4423555736671,826.4003960764177,838.7949845984256,514244,ABREL
2018-07-06,882.8484497070312,898.2696404368851,832.0211635346128,837.738047892547,1957649,ABREL
2018-07-09,880.9268188476562,893.4655528893077,875.4982270403599,886.835878767141,636905,ABREL
2018-07-10,898.7979125976562,910.8081469884429,882.9924324106365,883.472841786268,906858,ABREL
2018-07-11,879.91796875,900.2873418962499,873.864821189583,895.0028377549165,358810,ABREL
2018-07-12,865.1213989257812,899.9510855769645,861.0859476402077,880.1101509650726,825211,ABREL
2018-07-13,858.2035522460938,870.0216143511608,852.8229305989269,862.4311207077194,475565,ABREL
2018-07-16,813.6694946289062,855.1288552835755,809.5379849220133,855.1288552835755,608292,ABREL
2018-07-17,843.8872680664062,847.3462514562933,812.7567694198302,813.6214712845011,777830,ABREL
2018-07-18,829.3788452148438,845.3284147090079,814.101802002453,841.5812563704586,660644,ABREL
2018-07-19,853.3993530273438,863.1516296111802,817.6568784565486,826.3042484989797,829354,ABREL
2018-07-20,847.204833984375,864.9174334774361,836.2675502922931,847.108067389073,460141,ABREL
2018-07-23,854.4156494140625,861.0941980866359,831.7183314773439,845.9465053388735,389494,ABREL
2018-07-24,883.985107421875,902.4720757235615,851.753974519476,855.190015669654,1099714,ABREL
2018-07-25,875.8063354492188,898.068087406816,867.2404240872652,885.6305670087585,537983,ABREL
2018-07-26,890.2280883789062,908.8602065646023,874.306084659553,876.822665938065,771309,ABREL
2018-07-27,911.7155151367188,928.9925462695916,891.4379516525368,896.8581804968716,1018561,ABREL
2018-07-30,907.2146606445312,927.8309643349129,896.5677371439901,910.7959103644704,1637534,ABREL
2018-07-31,886.6467895507812,915.6354719635717,883.6946996857727,911.7638632026263,881031,ABREL
2018-08-01,879.339111328125,895.1642879951308,872.9993640027765,886.4047852726218,728488,ABREL
2018-08-02,873.9673461914062,892.6478477528592,867.2404137560985,880.5006863620018,781550,ABREL
2018-08-03,882.04931640625,889.3569666431296,872.0799349583433,876.9194462511199,716247,ABREL
2018-08-06,890.6152954101562,903.0044326236672,882.3396837590228,897.3421689109935,1222218,ABREL
2018-08-07,874.5480346679688,904.9885711491057,869.9021158505442,894.2932634871016,1131004,ABREL
2018-08-08,875.0804443359375,884.6627007203377,868.4503372224541,878.5649280557503,445559,ABREL
2018-08-09,879.677978515625,883.9851555501267,869.1762622293611,880.2103720395374,485292,ABREL
2018-08-10,871.6926879882812,880.8393754916978,859.0131929398194,880.7909921974486,961785,ABREL
2018-08-13,876.14501953125,881.4200979527943,861.4328953460829,871.6926342894446,537392,ABREL
2018-08-14,883.5010986328125,891.4862916227294,866.7564027237139,875.9514734393758,644082,ABREL
2018-08-16,882.2913208007812,899.0360186057276,875.9515726152985,881.0330596387573,649010,ABREL
2018-08-17,890.7120361328125,897.7777106677975,881.7589404150962,888.534256093368,907477,ABREL
2018-08-20,898.0197143554688,903.9723369468239,890.5668550607186,893.3737952743473,570686,ABREL
2018-08-21,905.0853881835938,919.5071556232695,900.1491102417269,900.1491102417269,996922,ABREL
2018-08-23,893.7125244140625,913.7964962253185,884.420686387233,911.8606917133901,598799,ABREL
2018-08-24,894.5352783203125,904.8918442922065,884.1787123484183,893.8577349247557,317970,ABREL
2018-08-27,901.26220703125,904.9886070770234,892.59947004669,897.1486224536272,391273,ABREL
2018-08-28,898.6972045898438,906.4404222922872,891.1475791451738,900.1490579090519,324903,ABREL
2018-08-29,929.3796997070312,945.5436781831406,895.3095306185508,899.1811393996039,1902665,ABREL
2018-08-30,929.912109375,938.8652054059329,924.8306224385245,936.3486831249621,835022,ABREL
2018-08-31,946.7535400390625,956.2873528719874,924.5885565090749,929.186091859421,1120738,ABREL
2018-09-03,937.9457397460938,960.2074933046408,926.3309118025039,954.3516960316283,1642186,ABREL
2018-09-04,904.6982421875,940.800984189433,901.1169920579857,937.8972774481076,855526,ABREL
2018-09-05,897.1001586914062,912.4898277864886,881.8556985613218,901.1169765783303,658615,ABREL
2018-09-06,903.2947998046875,913.6029826828184,888.8730322502428,903.5367753738825,1054789,ABREL
2018-09-07,908.13427734375,913.6997152278177,894.0513115566697,902.956023986391,407580,ABREL
2018-09-10,897.632568359375,911.7155342515226,892.7446147464839,906.440455185099,404915,ABREL
2018-09-11,877.7420654296875,900.9233343800264,875.0803344433995,897.6325024244339,571146,ABREL
2018-09-12,884.033447265625,889.5021183045598,865.207796810453,876.4838219505049,597215,ABREL
2018-09-14,901.5524291992188,906.4403230233754,888.7277262840456,888.7277262840456,637684,ABREL
2018-09-17,896.3258666992188,910.7960171503486,891.9219232774136,894.5352711673406,485205,ABREL
2018-09-18,875.1288452148438,902.3268748792494,866.2725159741789,896.3258690986287,495483,ABREL
2018-09-19,869.2728881835938,882.1460339046636,864.3366109006985,879.5326863118127,511026,ABREL
2018-09-21,855.383544921875,884.3238435092034,815.0220125145926,879.7746914833742,737618,ABREL
2018-09-24,839.3164672851562,856.593498972999,826.733737921711,856.593498972999,330323,ABREL
2018-09-25,836.7030639648438,851.4635724329818,809.650185809667,835.299593967415,618748,ABREL
2018-09-26,848.6566772460938,857.9969575478718,834.0897602629802,842.2201627575884,357358,ABREL
2018-09-27,823.0556640625,865.1110291207985,815.3608883479204,851.6572231376949,887062,ABREL
2018-09-28,795.1799926757812,836.9449937193704,785.9365390380211,833.2669773962268,815817,ABREL
2018-10-01,809.2631225585938,812.0700629740335,749.1564108961883,786.9046021428954,922020,ABREL
2018-10-03,779.3548583984375,806.9400709265323,774.3217551745904,806.9400709265323,509379,ABREL
2018-10-04,772.4828491210938,780.5648692647385,752.4473175497791,755.0122233555977,649525,ABREL
2018-10-05,739.0901489257812,774.9025328762523,730.1854953124631,766.5785969938667,614859,ABREL
2018-10-08,723.7973022460938,740.3000240558408,704.1005147757611,726.9913679066793,844446,ABREL
2018-10-09,714.6505737304688,735.7024468158611,698.389828403861,725.9266581169776,635939,ABREL
2018-10-10,742.5261840820312,749.9306003439548,716.2476161561482,718.9577304561213,829828,ABREL
2018-10-11,718.4737548828125,739.1868845449453,701.7290594854744,712.569575392048,501015,ABREL
2018-10-12,786.3721923828125,796.5835492733514,721.5711251315716,723.4101630312799,1623158,ABREL
2018-10-15,790.388916015625,802.1005681275827,774.321763062503,786.9044917122686,870964,ABREL
2018-10-16,801.5682373046875,812.5539037366943,783.2748619403453,788.8402996371719,632478,ABREL
2018-10-17,758.1577758789062,814.0057442241207,753.6086237570906,810.1341354525434,684279,ABREL
2018-10-19,741.4614868164062,772.7731592057593,733.6698857290871,750.1242235356762,535815,ABREL
2018-10-22,725.15234375,748.8175644757912,720.2644494303076,747.4140944634278,463049,ABREL
2018-10-23,711.698486328125,732.4116173436547,695.0021731321879,720.1192474073754,567320,ABREL
2018-10-24,745.5267333984375,752.4956416504815,710.198300072838,717.3123582216757,649211,ABREL
2018-10-25,751.866455078125,764.1588254535149,726.4106377490347,726.4106377490347,676192,ABREL
2018-10-26,746.4462280273438,763.239308457188,728.298060815236,749.1563425158055,736453,ABREL
2018-10-29,778.8709716796875,794.9381257971797,742.381044135767,751.4793491415211,1872945,ABREL
2018-10-30,785.6461791992188,799.4871679921027,774.4184789246389,785.8397714425156,908281,ABREL
2018-10-31,796.341552734375,800.7938793228232,765.6106572019333,787.8724082963005,725512,ABREL
2018-11-01,809.9888305664062,818.651565982097,797.5029292024087,798.519214569377,799236,ABREL
2018-11-02,824.8463134765625,843.8655573405284,814.0057964060019,814.0057964060019,876522,ABREL
2018-11-05,847.7371215820312,854.9480048156747,818.0709544807008,822.7168732438063,835539,ABREL
2018-11-06,834.9608764648438,855.625565299514,830.4601074965872,852.7218586299456,445939,ABREL
2018-11-07,839.2680053710938,842.55889660457,834.3317275969436,841.107043250283,78610,ABREL
2018-11-09,864.14306640625,866.2724630468289,834.6220495091235,840.9134137658881,604433,ABREL
2018-11-12,855.2869262695312,873.3866527645184,846.9145473991006,865.4982841401006,501991,ABREL
2018-11-13,861.9653930664062,865.8853856190219,845.2206948659533,848.5599696611699,448870,ABREL
2018-11-14,864.8690185546875,878.371266365267,842.8492430066876,866.1272796279319,964752,ABREL
2018-11-15,876.7742309570312,879.6779377117504,853.6897858874398,864.2399440600122,467164,ABREL
2018-11-16,872.4186401367188,886.5984312539013,863.368778033275,877.4033601874033,385842,ABREL
2018-11-19,881.1297607421875,885.1465785782989,869.1761919773782,872.2734908909512,286345,ABREL
2018-11-20,869.6602172851562,897.0034572832704,865.885374681538,877.887386842111,656186,ABREL
2018-11-21,885.1950073242188,890.4700864996746,863.03008083416,866.5145053682975,440847,ABREL
2018-11-22,867.6759033203125,889.356876263002,865.4012977982229,886.5499954440778,301900,ABREL
2018-11-26,871.9832153320312,874.9836888647461,855.6256426509243,867.6276549339213,400835,ABREL
2018-11-27,879.048828125,881.9525348514142,867.8211266705597,870.1441156821169,320539,ABREL
2018-11-28,866.3208618164062,885.5337561432099,860.9973996578968,879.8231094700201,262012,ABREL
2018-11-29,865.4498901367188,878.3713625839723,862.4009741733547,871.5960462885588,311638,ABREL
2018-11-30,891.4378662109375,897.003303486413,867.095103888652,869.7568347595317,636019,ABREL
2018-12-03,879.1939697265625,900.5846445217792,876.1451131382112,895.793516653154,617997,ABREL
2018-12-04,880.549072265625,888.5342658311006,876.096745544392,879.0488355927789,294939,ABREL
2018-12-05,875.6127319335938,882.7267893356442,865.8852677507898,873.6769275710157,350509,ABREL
2018-12-06,825.9592895507812,869.0793782977986,822.7168409257918,867.627525049106,701733,ABREL
2018-12-07,843.5267944335938,847.6887622122588,820.0551653285856,827.5564076198768,583954,ABREL
2018-12-10,823.249267578125,837.2354672567604,817.877421771055,822.7169331424814,244174,ABREL
2018-12-11,857.900146484375,864.1431278908789,809.7954513131122,813.037900261108,539575,ABREL
2018-12-12,880.4038696289062,884.6626631915456,851.9475787093033,860.9006745895241,397308,ABREL
2018-12-13,883.3560791015625,898.5037150174759,874.983700373534,881.7590166374883,437266,ABREL
2018-12-14,895.9869995117188,916.603302742349,882.7267287233605,882.7267287233605,1251706,ABREL
2018-12-17,903.9238891601562,906.9243623528839,885.9208727756037,896.2774381416974,452917,ABREL
2018-12-18,902.4237060546875,907.6020189217003,890.7604948927944,901.1170615507506,330193,ABREL
2018-12-19,909.7797241210938,923.2819722112862,901.1169872405713,907.8923029341095,806346,ABREL
2018-12-20,911.812255859375,917.571285765627,899.4715028071474,901.1169483626568,434729,ABREL
2018-12-21,883.8399658203125,922.2656379976014,875.1772288420929,911.763922184606,630706,ABREL
2018-12-24,867.6759033203125,879.7262970299284,864.9657890869837,878.8551614553309,405578,ABREL
2018-12-26,867.8211669921875,877.887374408556,844.3495365297757,868.2083515374583,734872,ABREL
2018-12-27,867.8211669921875,887.3244217078761,862.6429133865772,875.2256431190041,713739,ABREL
2018-12-28,889.405517578125,898.6973567639957,871.1121390281056,871.1121390281056,554673,ABREL
2018-12-31,893.3253173828125,905.2788855219967,886.1628177122994,894.9223205136828,675580,ABREL
2019-01-01,892.7930297851562,897.2453563588851,880.0650919841601,895.3095519222965,315496,ABREL
2019-01-02,876.5322265625,894.2932677402937,871.7895411314315,894.2932677402937,324587,ABREL
2019-01-03,869.3214721679688,889.9861625900678,865.3046540027414,875.9515792757057,456198,ABREL
2019-01-04,879.1939697265625,882.726836507484,856.1095250996377,874.5964341197526,522486,ABREL
2019-01-07,876.0967407226562,889.1634210306108,872.0799227753406,885.630554205812,360208,ABREL
2019-01-08,876.3870239257812,882.7267712682525,868.885782174324,878.6615703748315,339243,ABREL
2019-01-09,867.8695068359375,883.404324893528,855.7222873069476,880.9845694616273,355954,ABREL
2019-01-10,861.9169311523438,872.0799045123658,856.5934689161418,870.0957167668123,303127,ABREL
2019-01-11,865.0142211914062,869.9504988565149,852.7218512480996,865.3045800406368,434729,ABREL
2019-01-14,857.077392578125,861.3361858611117,847.108011797567,861.3361858611117,332022,ABREL
2019-01-15,863.61083984375,871.1120827787896,859.0133038513064,859.0133038513064,273714,ABREL
2019-01-16,873.2413330078125,879.8230558236246,862.5460260476107,867.2403278525496,509583,ABREL
2019-01-17,865.2561645507812,875.5159040156051,851.0763740009811,874.9835696324789,395449,ABREL
2019-01-18,853.8348999023438,868.6921741813167,849.3341313026243,866.2724188214801,214695,ABREL
2019-01-21,857.1741943359375,862.3525067306726,847.4951720011773,856.3031177714475,231324,ABREL
2019-01-22,848.947021484375,866.8532127221174,839.3648248622485,864.3366905569683,914472,ABREL
2019-01-23,857.464599609375,865.2078173628817,843.430017431144,847.8823440089851,395664,ABREL
2019-01-24,843.3331909179688,859.4971697774189,839.364815453701,859.4971697774189,411896,ABREL
2019-01-25,809.7470092773438,853.5445866608922,801.7134323128121,851.7539911054718,779079,ABREL
2019-01-28,786.952880859375,809.1662484176313,765.8042411788847,804.326737362502,1751784,ABREL
2019-01-29,769.5306396484375,797.0674693167923,761.3034708698185,782.0649850734284,886624,ABREL
2019-01-30,774.3701171875,779.2096280243397,757.9157803422453,770.5468918111848,395184,ABREL
2019-01-31,768.1271362304688,779.8871711919284,761.1582878877401,774.9024514006128,541762,ABREL
2019-02-01,766.2398071289062,783.7588134755197,757.4318615843157,771.9020114192367,413461,ABREL
2019-02-04,740.3484497070312,771.902039215705,733.9118761571265,770.4018025534455,773778,ABREL
2019-02-05,725.8298950195312,745.3814725113945,718.1834438868071,736.5735859809438,739750,ABREL
2019-02-06,738.4126586914062,741.2195398032145,713.9246842224755,726.4106470222381,623005,ABREL
2019-02-07,738.4609985351562,749.882232729899,732.0244252465786,738.6061484201539,647167,ABREL
2019-02-08,731.1533203125,751.7212413536624,727.3784782321685,734.6377444819906,628759,ABREL
2019-02-11,712.7147827148438,731.3469006236459,707.1493448979288,731.3469006236459,467639,ABREL
2019-02-12,710.8757934570312,723.2165466954181,705.745923533934,706.6653833771204,505554,ABREL
2019-02-14,712.2307739257812,721.0871022346573,695.9216463177431,699.7932549203452,611397,ABREL
2019-02-15,690.5499267578125,713.827965898334,682.8550914457961,711.4082100817295,968916,ABREL
2019-02-18,690.9369506835938,696.8411894539001,686.2426487198135,690.1142574573018,450797,ABREL
2019-02-19,692.4856567382812,704.5844345166562,689.630333367372,694.9054122939563,615972,ABREL
2019-02-20,717.2639770507812,719.8773250375597,693.0180366075869,696.8412624515712,649595,ABREL
2019-02-21,742.623046875,747.5593250224317,713.344002016129,713.344002016129,736561,ABREL
2019-02-22,754.5765380859375,757.6738369682259,738.5093850559064,743.8812304976536,482476,ABREL
2019-02-25,768.6112060546875,771.9988641631095,755.5445247793456,755.5445247793456,446984,ABREL
2019-02-26,773.3538818359375,777.5158496100796,749.5918939026243,763.9652183889243,460919,ABREL
2019-02-27,774.32177734375,795.5188596289605,766.2398174231499,776.2575817871094,616389,ABREL
2019-02-28,776.3059692382812,788.7435482990774,770.8373571021574,775.8704014209814,566682,ABREL
2019-03-01,804.0847778320312,809.1662645411714,780.1291976317992,782.1617686850298,533531,ABREL
2019-03-05,832.1055908203125,834.4285208156549,800.7455337366289,801.4230771387952,848300,ABREL
2019-03-06,824.3139038085938,846.236852436269,818.6032573952763,835.2995697689902,704978,ABREL
2019-03-07,826.5401000976562,841.0102498832681,805.875352567201,822.7168745712012,1183046,ABREL
2019-03-08,828.8145751953125,833.4121102744904,815.5543043096302,827.6046975428973,355975,ABREL
2019-03-11,851.2216186523438,856.5934641547115,830.508487527104,832.9282430755636,422274,ABREL
2019-03-12,872.5154418945312,878.3228550405471,851.9959036300633,858.529243419331,843568,ABREL
2019-03-13,865.6434326171875,876.9195184886676,858.9165586269443,871.1121044589413,556795,ABREL
2019-03-14,862.4492797851562,868.6922610530625,850.3021184792372,867.240407691971,468289,ABREL
2019-03-15,859.4487915039062,872.5638548221829,852.2862914168152,866.1757237750415,397492,ABREL
2019-03-18,855.2383422851562,863.0783853857454,839.1228064400566,861.4329398651728,590112,ABREL
2019-03-19,877.5968627929688,887.5662427998274,854.1736197064861,854.415595236148,896220,ABREL
2019-03-20,871.3055419921875,885.5337156532133,867.3371076643858,883.0655178680915,441100,ABREL
2019-03-22,865.2078247070312,883.1140159140087,862.4008846171337,872.2734991518691,503733,ABREL
2019-03-25,858.14208984375,866.0788999112617,851.8507253754643,858.9648421813947,272664,ABREL
2019-03-26,886.6951293945312,890.4699713818998,860.4650049549009,862.4008092405137,499013,ABREL
2019-03-27,868.1115112304688,894.8739717510942,864.2399024107563,891.0991885975119,595247,ABREL
2019-03-28,876.14501953125,884.6625464565391,868.4985690769685,873.8220307897814,397369,ABREL
2019-04-01,894.6320190429688,913.6513214858612,891.1475946466827,904.9885847153519,457716,ABREL
2019-04-02,889.2601318359375,902.3751946181425,882.7267920918368,894.3416183035715,299164,ABREL
2019-04-03,875.7579345703125,898.2132783441285,871.3056078986014,892.3090983130251,343788,ABREL
2019-04-04,883.3076782226562,887.5664722762209,873.7738635194747,875.0805080870534,597677,ABREL
2019-04-05,895.2611694335938,900.4878059714569,883.5979595078459,887.5663349760047,308050,ABREL
2019-04-08,874.6932373046875,903.9722791007002,863.513978615968,903.0527601877617,556161,ABREL
2019-04-09,861.3362426757812,872.8058607980098,843.9623853365047,870.1441295895878,768564,ABREL
2019-04-10,870.2408447265625,875.4675402390112,852.0442951747285,860.4650561332018,411674,ABREL
2019-04-11,877.7904663085938,883.2106946122292,853.7864461969165,871.0151513910205,617764,ABREL
2019-04-12,895.503173828125,897.2453860635208,873.0478298050655,879.823145557433,597348,ABREL
2019-04-15,895.115966796875,902.0848746393444,891.0023823363415,898.6972168483169,239757,ABREL
2019-04-16,899.5198974609375,904.7949763337149,894.0512854065308,898.2132531046263,296854,ABREL
2019-04-18,910.3604736328125,915.2483683100903,885.9693244689306,899.5199563293021,468414,ABREL
2019-04-22,872.5639038085938,905.9565324069259,869.1762458348499,903.6335433087892,354791,ABREL
2019-04-23,875.031982421875,886.6951922543112,871.9831259015298,875.9515013379395,311128,ABREL
2019-04-24,893.8092651367188,903.0527189874556,857.3677250326853,878.7099559330933,934238,ABREL
2019-04-25,899.8587646484375,931.8963065969929,893.9545252743444,897.390625641101,913723,ABREL
2019-04-26,892.067138671875,908.1342925054406,886.8404428543671,904.0207079137559,300938,ABREL
2019-04-30,887.7598876953125,895.8418472349698,873.9672816864905,895.8418472349698,464252,ABREL
2019-05-02,900.2943115234375,907.359986212142,881.7589595984875,893.0834278651852,786632,ABREL
2019-05-03,911.9091186523438,919.8943121288929,888.437489342487,900.1490828110001,2292537,ABREL
2019-05-06,885.0013427734375,904.9885466042664,878.4680029984869,902.5687911320624,582166,ABREL
2019-05-07,881.9525146484375,894.2932679530069,872.8058268545441,888.6310045205665,517498,ABREL
2019-05-08,886.5984497070312,900.1490810344312,874.0157206173026,877.4033784491526,600972,ABREL
2019-05-09,896.4710693359375,901.9881239365835,875.9515299678857,886.5984546415285,557176,ABREL
2019-05-10,899.4716186523438,905.3274159023712,887.8567907543445,896.2291694945802,538489,ABREL
2019-05-13,867.53076171875,898.2132743941957,861.1426305959411,898.2132743941957,311319,ABREL
2019-05-14,878.0325927734375,888.4859257708177,854.6577286592935,861.4330447415302,423005,ABREL
2019-05-15,866.8048095703125,886.5984215165439,858.9164420297493,875.9514972406903,378900,ABREL
2019-05-16,886.0661010742188,891.0992044445647,858.3356787794529,868.2566765563985,661214,ABREL
2019-05-17,882.7269287109375,889.2118861647078,875.9516123721475,885.4854267327311,365362,ABREL
2019-05-20,954.980712890625,962.0947703082546,900.5362150738853,907.892248037367,964738,ABREL
2019-05-21,938.5263671875,963.2562559321634,934.945117326435,953.0448998058222,657879,ABREL
2019-05-22,945.4468994140625,948.2054562530299,930.7832158741121,941.2849315832005,354653,ABREL
2019-05-23,959.675048828125,983.3886531612457,952.7545243412993,966.789106497636,648852,ABREL
2019-05-24,997.6652221679688,1001.7788066396776,958.3199729434342,965.4824730657762,722942,ABREL
2019-05-27,1021.1369018554688,1027.089524487233,989.6800778646605,992.1482759309465,555801,ABREL
2019-05-28,997.3265380859375,1026.2183976625147,992.1482844916585,1025.9764220912668,557021,ABREL
2019-05-29,990.889892578125,1001.2948413890797,983.8242182240382,989.2928302929952,356744,ABREL
2019-05-30,998.149169921875,1006.6183143939394,989.1960743371212,992.6804987180594,395787,ABREL
2019-05-31,993.6484985351562,1013.5872627058303,970.8060274031568,997.3265746136907,651607,ABREL
2019-06-03,1022.6370849609375,1026.944202356533,985.2760257537914,993.9870862076169,600292,ABREL
2019-06-04,990.6963500976562,1028.8801062120856,987.5990510389072,1024.0405948940606,479069,ABREL
2019-06-06,964.2725219726562,995.148624349306,959.1910356586221,993.3095866242795,595911,ABREL
2019-06-07,963.9338989257812,977.3393217988596,953.4321238005002,967.8055080242665,436421,ABREL
2019-06-10,957.78759765625,976.8068992676904,952.3673690376319,972.1609805837231,317407,ABREL
2019-06-11,958.4652709960938,965.9665139652628,947.721578890034,965.9665139652628,545268,ABREL
2019-06-12,951.3026733398438,964.9985133838919,948.5441756431436,953.4320700391532,372092,ABREL
2019-06-13,948.8829345703125,957.2069292555352,934.3160177162531,953.3837036035367,521263,ABREL
2019-06-14,927.153564453125,955.4647045189606,924.3466243717278,939.1071332949413,461023,ABREL
2019-06-17,912.199462890625,938.8651573485596,906.6340251022186,938.8651573485596,596854,ABREL
2019-06-18,914.2320556640625,918.7328247434098,903.6335142433252,913.6997212433816,533659,ABREL
2019-06-19,897.2453002929688,930.637924737529,874.7899584164873,921.8300387318515,727205,ABREL
2019-06-20,913.5061645507812,918.5392682467991,889.115015159362,902.0849294057078,278364,ABREL
2019-06-21,910.0701293945312,920.1847201538266,902.8108622097836,904.5046912195581,567160,ABREL
2019-06-24,903.7303466796875,918.0552882285039,897.2453897604881,918.0552882285039,361369,ABREL
2019-06-25,907.5535888671875,912.5382501217763,892.2123024121064,907.8923310319221,266586,ABREL
2019-06-26,932.6705932617188,940.655786899494,903.2947833277235,907.4567512267447,558572,ABREL
2019-06-27,930.154052734375,944.188635215799,922.9431692304305,936.9293684150624,434809,ABREL
2019-06-28,918.4425048828125,939.736355222735,915.6355646166685,937.8005506463784,285340,ABREL
2019-07-01,919.65234375,926.1856839181914,910.21529684039,921.442939276782,236555,ABREL
2019-07-02,932.0899047851562,935.7195383707682,918.6360393307275,919.4104084231788,320216,ABREL
2019-07-03,956.7713012695312,970.0799561936142,927.9762115246971,933.057697950256,774817,ABREL
2019-07-04,941.1881713867188,962.046453055821,936.3002177641131,959.2395129008236,805241,ABREL
2019-07-05,901.74609375,948.5441407365255,895.4062871811672,944.1401976126039,948398,ABREL
2019-07-08,870.6281127929688,896.2775235645238,866.2725524732708,895.406387870157,876925,ABREL
2019-07-09,882.3880615234375,889.5021190409464,865.4497730759766,870.5312596102149,480426,ABREL
2019-07-10,866.466064453125,890.5667938764377,861.4329611793366,882.3880675171016,555437,ABREL
2019-07-11,881.1297607421875,885.9692718333755,864.2399142947916,869.9021186410564,582438,ABREL
2019-07-12,896.1806640625,902.9559794129963,879.1455500213294,881.1297377016197,755437,ABREL
2019-07-15,896.8582153320312,903.7303568608065,880.7426780615853,900.1491066642409,392438,ABREL
2019-07-16,915.1031494140625,921.200921476234,895.3095375524208,896.1806731653292,468419,ABREL
2019-07-17,924.6853637695312,937.8972527247166,907.0695905973687,915.0547839255203,535739,ABREL
2019-07-18,905.0369873046875,930.2024458118448,899.7619082254743,921.2493499967985,497444,ABREL
2019-07-19,895.3773803710938,920.5511665303922,889.2302425016883,912.2574733677794,687087,ABREL
2019-07-22,895.5724487304688,901.5732032881382,867.6666353073343,891.328053250773,687289,ABREL
2019-07-23,890.6937255859375,903.6221280394058,888.0104722465385,895.7675256293675,504059,ABREL
2019-07-24,870.5938110351562,893.2307256256651,868.3984217666451,892.7428613437737,294312,ABREL
2019-07-25,870.2523193359375,882.0586109934449,859.080215504973,872.6916407158973,441739,ABREL
2019-07-26,890.7424926757812,894.3038656534948,865.9101926367159,872.3012018356144,364238,ABREL
2019-07-29,862.6903686523438,899.5241191668091,858.8850037180947,892.7915687612118,600299,ABREL
2019-07-30,854.3477783203125,876.1553441780333,845.9565377534796,862.5439208466851,685623,ABREL
2019-07-31,869.7643432617188,877.1798554821195,835.3699162252952,849.3715953250111,577252,ABREL
2019-08-01,857.56787109375,874.3991890655857,848.1032919756498,863.6173406348331,530531,ABREL
2019-08-02,854.3966064453125,872.3011989558538,838.3946366921895,853.6648101374636,458582,ABREL
2019-08-05,844.88330078125,853.7624059819668,821.5633666706469,850.8352205900286,628866,ABREL
2019-08-06,868.30078125,872.3987931431361,841.1267078793884,841.3218654823328,643730,ABREL
2019-08-07,862.5927124023438,889.4740189179586,859.9094592018902,863.031802109529,604506,ABREL
2019-08-08,867.5689697265625,883.0342417410852,849.4691594489897,865.4711297506548,499544,ABREL
2019-08-09,887.2299194335938,899.6216833822539,875.4724028359299,878.1556562299659,496629,ABREL
2019-08-13,858.6410522460938,885.278427524344,849.9082705426157,885.278427524344,468574,ABREL
2019-08-14,876.3016967773438,882.7415402770429,860.6412670717776,860.6412670717776,628866,ABREL
2019-08-16,884.2052001953125,888.4008209369846,851.8110012937809,873.179479786909,656244,ABREL
2019-08-19,876.7896118164062,895.7187686574615,871.569488129932,885.9614835958334,690193,ABREL
2019-08-20,844.78564453125,879.5216116210049,840.4436412008137,879.5216116210049,630661,ABREL
2019-08-21,815.0747680664062,844.4442312671679,809.9521935079439,839.1264991004922,908360,ABREL
2019-08-22,792.0963745117188,815.9041734363294,785.4614327052055,810.830373388852,724509,ABREL
2019-08-23,806.6347045898438,816.6359209923606,781.6072465513187,785.4613857586459,492579,ABREL
2019-08-26,823.0270385742188,828.0032303979235,791.2670859258797,817.5629824715726,595920,ABREL
2019-08-27,831.2718505859375,848.6398047863684,826.1980508224863,831.3206250968507,584479,ABREL
2019-08-28,826.63720703125,840.2974061951866,818.6362213244817,834.6869672528554,498864,ABREL
2019-08-29,819.7583618164062,834.9797033138642,816.879950694701,820.5877072590824,291229,ABREL
2019-08-30,830.8815307617188,838.1507194593958,819.758262417317,822.5390646149832,479224,ABREL
2019-09-03,809.4155883789062,828.3935201566114,805.2687421354839,828.3935201566114,528136,ABREL
2019-09-04,820.5389404296875,824.8809444112009,789.1204690405988,806.9275151735087,928386,ABREL
2019-09-05,824.149169921875,831.0280445085006,813.9527943377119,821.6122398785385,357095,ABREL
2019-09-06,829.7107543945312,834.0527583827322,822.8806544974157,828.2471615594351,255641,ABREL
2019-09-09,839.4679565429688,841.7121796434346,823.5148200471994,826.442005426514,242874,ABREL
2019-09-11,859.66552734375,864.983259235131,839.1264556595743,839.1264556595743,662709,ABREL
2019-09-12,879.814453125,887.425123970679,856.7872234117656,860.6413631286543,640014,ABREL
2019-09-13,898.9874267578125,902.7440172029571,874.7405974324095,884.0100181525522,615961,ABREL
2019-09-16,900.6950073242188,911.8183366977275,887.47389728499,887.47389728499,552594,ABREL
2019-09-17,881.4242553710938,905.3784360236348,879.1800918878711,901.1827561223529,421045,ABREL
2019-09-18,884.7418823242188,892.1086211292654,874.6918899471935,885.3272956456976,362428,ABREL
2019-09-19,860.7388916015625,888.8886340731631,856.2017304052696,884.9857202023697,486963,ABREL
2019-09-20,929.5277709960938,939.4801539636935,857.518960699991,862.5439862513454,956003,ABREL
2019-09-23,943.2855834960938,963.5807255928117,931.7719984218373,936.6994157292474,616601,ABREL
2019-09-24,932.552490234375,949.0423252878469,921.8194770064617,945.1881858998028,358231,ABREL
2019-09-25,897.182373046875,929.8205039118573,885.9614950805465,925.3809510620149,688306,ABREL
2019-09-26,910.1595458984375,917.0872540797022,895.8651589013684,901.524372371509,443552,ABREL
2019-09-27,893.4258422851562,914.1600733148649,890.2547245982596,906.4517941929115,314235,ABREL
2019-09-30,884.5466918945312,894.4015858347453,866.15423282294,891.4744002284182,326044,ABREL
2019-10-01,877.228759765625,905.2809561792792,858.6899169183405,886.9372709569258,722466,ABREL
2019-10-03,867.8129272460938,885.7175208946242,861.2267600568471,876.3017173136866,394432,ABREL
2019-10-04,849.42041015625,876.5944838582438,845.56627077762,868.8862051009841,1176014,ABREL
2019-10-07,841.5658569335938,854.6894175698575,834.8821403261112,848.200799025336,539333,ABREL
2019-10-09,901.8658447265625,913.2818801390489,840.0534677929217,843.9076072961371,2634864,ABREL
2019-10-10,860.7876586914062,898.938617627929,843.0293888216833,897.6701825416071,2058265,ABREL
2019-10-11,384.2906799316406,411.07440968681675,370.8744129082214,380.53411920970905,2235482,ABREL
2019-10-14,372.191650390625,392.24285927096713,370.33774240839483,392.24285927096713,1255595,ABREL
2019-10-15,374.9237060546875,383.4613311112354,343.55403823086056,371.75258817654117,3672355,ABREL
2019-10-16,369.5084228515625,378.2411757219591,363.0686083083628,376.5336507176116,944234,ABREL
2019-10-17,378.1435852050781,384.0467607606627,366.1421360281617,371.8013496709461,999031,ABREL
2019-10-18,390.3401794433594,398.3411651551419,369.75233165487833,377.60693426831574,894903,ABREL
2019-10-22,432.9795227050781,453.2746636332383,389.5108298574913,389.9011153028653,4251143,ABREL
2019-10-23,445.22491455078125,452.5916827889939,419.5632662249788,429.27177697046824,2049114,ABREL
2019-10-24,436.736083984375,447.4202932282113,431.61350934261395,443.956468952626,1159835,ABREL
2019-10-25,400.48773193359375,440.68772397109433,393.8527609765843,437.272674586078,2485587,ABREL
2019-10-27,405.12249755859375,413.70889671167225,398.0972402319865,404.82976113347667,406028,ABREL
2019-10-29,413.4649353027344,420.7341242471232,400.3413755929971,404.8297324684715,902003,ABREL
2019-10-30,411.4647216796875,419.5632563448989,407.8545143073668,413.7088853261328,715170,ABREL
2019-10-31,412.1476745605469,419.31928433171595,403.95156186929705,413.5136883796105,893102,ABREL
2019-11-01,400.58526611328125,416.58723503182483,395.60907530093556,413.3185390718711,785467,ABREL
2019-11-04,397.21905517578125,410.7816745806719,394.92608737892385,401.9513440805998,674911,ABREL
2019-11-05,384.5345764160156,406.82997677642777,381.26588025246343,399.65836693146844,1497426,ABREL
2019-11-06,389.7059326171875,391.26710407510535,381.11953426394274,384.8272904217373,1097207,ABREL
2019-11-07,387.7544860839844,395.21880288679137,381.02196563001866,394.19429990916143,1419781,ABREL
2019-11-08,381.9488830566406,394.24303671998115,374.4357626829398,387.70567449495934,1428453,ABREL
2019-11-11,379.36322021484375,388.33993412033317,375.75304271351547,383.4612917318868,626622,ABREL
2019-11-13,380.9732360839844,411.7574608813042,379.36326010501153,380.53414631210575,4348656,ABREL
2019-11-14,395.51153564453125,401.90254512138426,373.411292068736,383.314929943003,2447581,ABREL
2019-11-15,405.9518127441406,409.70837326007535,397.170256628544,397.170256628544,1476606,ABREL
2019-11-18,437.4190673828125,439.46810315419475,408.0496638415244,408.1960171587224,3515787,ABREL
2019-11-19,432.78436279296875,439.07782350732197,426.0518421212306,435.32126283971854,1118280,ABREL
2019-11-20,440.29742431640625,456.6408744156856,435.0284971054447,435.0284971054447,2540689,ABREL
2019-11-21,442.3464660644531,445.6151620857037,432.2964459062329,442.68797695208235,760623,ABREL
2019-11-22,442.4440612792969,451.7622557230973,437.71177251559277,442.3464824825144,1106907,ABREL
2019-11-25,444.39556884765625,450.6402254554529,440.0535649984528,444.54192217110625,502059,ABREL
2019-11-26,440.3950500488281,448.1032989917333,429.95474352901863,445.907909938426,755796,ABREL
2019-11-27,443.8101501464844,450.44509257342787,438.39483866650835,442.4441360911576,690987,ABREL
2019-11-28,451.8598937988281,455.56765034803425,439.0778439420302,443.9564866524972,757693,ABREL
2019-11-29,451.7135009765625,466.3006235392861,445.90790474797996,451.2744112602642,1404999,ABREL
2019-12-02,459.2265930175781,463.37343896602187,446.1518376296235,451.76227626575326,1359686,ABREL
2019-12-03,460.4951171875,467.8618560868777,453.8113704308842,458.5924345377112,1132025,ABREL
2019-12-04,464.20281982421875,466.39820888276734,454.20160300194186,460.5438380599711,543538,ABREL
2019-12-05,461.4219970703125,465.61764744438665,457.32395527750504,461.71473348350116,324623,ABREL
2019-12-06,476.2530517578125,479.326590351256,454.6894475393085,461.4219677384868,1331366,ABREL
2019-12-09,485.3761291503906,502.5977005530952,473.9113198679184,477.1312118407587,6211145,ABREL
2019-12-10,476.7897033691406,489.66933088018226,473.81374349345685,487.66906968219683,2057682,ABREL
2019-12-11,477.7166442871094,482.790414246407,469.81323806521794,476.1554728469914,768587,ABREL
2019-12-12,484.107666015625,489.6693301086456,476.54577050463996,481.4244127697916,1158420,ABREL
2019-12-13,489.0838928222656,495.32854903958497,482.0586359672379,484.10767169802676,1024282,ABREL
2019-12-16,482.5465087890625,492.45017670135445,481.0829160662848,490.01085549672496,596022,ABREL
2019-12-17,478.93634033203125,489.1814895852754,476.643372400931,482.546517917052,1208044,ABREL
2019-12-18,474.984619140625,480.9853732023966,470.00842764091766,480.9365689115566,614712,ABREL
2019-12-19,472.155029296875,485.2785899245956,468.4472727968806,474.9846360760151,871785,ABREL
2019-12-20,476.5458068847656,481.5220283304854,470.3011502640202,474.204064374095,612133,ABREL
2019-12-23,479.570556640625,489.71812706177684,472.7892316705637,473.2283214052963,1018351,ABREL
2019-12-24,476.98486328125,483.863737008525,472.3013488105171,481.912280089937,727384,ABREL
2019-12-26,472.7404479980469,479.86325398283185,470.8865698436246,476.9848728363755,412053,ABREL
2019-12-27,468.642333984375,481.0340964528318,467.6178310852325,475.6675903057921,1254037,ABREL
2019-12-30,466.8860778808594,474.5943269208015,464.6906887999149,471.5695626761262,1021617,ABREL
2019-12-31,465.7640075683594,471.08171005164667,464.20283600581905,467.17879603373126,498399,ABREL
2020-01-01,464.4955139160156,469.4229604249795,458.64114325125234,466.6421284038431,1024990,ABREL
2020-01-02,479.2290344238281,481.03413805751126,463.1783188801204,467.37393941084764,1233932,ABREL
2020-01-03,465.2761535644531,480.05843477753336,463.08076438101926,479.42421719102674,796938,ABREL
2020-01-06,459.5681457519531,463.4710599409294,454.0064811219131,463.4710599409294,444247,ABREL
2020-01-07,463.76373291015625,466.83730143223266,456.3482203112044,463.6661838840148,583998,ABREL
2020-01-08,465.1297912597656,468.25210461646003,452.73802730846234,459.47054805228726,1000355,ABREL
2020-01-09,476.1554870605469,482.8880074591028,468.3496594038166,468.3496594038166,1699529,ABREL
2020-01-10,495.6700134277344,498.59719854640207,476.3506035552741,476.3506035552741,2155742,ABREL
2020-01-13,508.69598388671875,511.28168800058256,496.69453632722326,498.5972186417895,1380163,ABREL
2020-01-14,524.1613159179688,526.3567048494956,504.11010892077036,508.79359339728046,1274605,ABREL
2020-01-15,518.5997314453125,527.2349054098746,512.5502024415042,523.9174640265732,1389214,ABREL
2020-01-16,517.3800659179688,525.9176907681002,512.647806251108,521.770844412322,612728,ABREL
2020-01-17,517.819091796875,529.7229906015565,515.2333876254681,517.1360699823772,933539,ABREL
2020-01-20,524.697998046875,527.8691156547827,518.1606052213633,519.9657386688785,830322,ABREL
2020-01-21,544.8955688476562,550.1156922723108,521.0389961577745,523.9661815294473,2895443,ABREL
2020-01-22,552.5062255859375,558.9948434915764,547.3836513089818,548.3593797426877,1698013,ABREL
2020-01-23,572.1182861328125,579.5826317265409,549.5302108810961,554.2136949843017,1115782,ABREL
2020-01-24,614.0259399414062,618.6118758529574,571.8744563637055,572.9477934578408,5128862,ABREL
2020-01-27,604.2197875976562,631.7841137981145,598.170259848225,607.8787689516994,4265221,ABREL
2020-01-28,600.5120849609375,618.5142867291488,576.8506701076316,605.9273659341424,4907456,ABREL
2020-01-29,604.3174438476562,612.2696552230466,590.3645377190591,599.0973200110767,1874398,ABREL
2020-01-30,597.828857421875,605.6834598515293,590.9499834817117,604.951663484411,1122800,ABREL
2020-01-31,628.5643310546875,640.9560952987613,598.4142956505331,598.4142956505331,5086340,ABREL
2020-02-03,548.6033325195312,595.1943669842847,543.8710732592668,581.0463041625271,2117772,ABREL
2020-02-04,569.0448608398438,582.168420792595,532.6502004854078,552.0183869712549,3585799,ABREL
2020-02-05,591.5841064453125,606.7078963752464,565.9224618943006,570.8011038071825,2884975,ABREL
2020-02-06,590.949951171875,604.707698300005,584.7052653590608,595.1943460476047,2279270,ABREL
2020-02-07,594.3650512695312,610.7085039655085,590.3157540935084,594.2186681701597,2195472,ABREL
2020-02-10,590.4620971679688,597.5849029642842,579.5827010952742,595.9261526833984,968485,ABREL
2020-02-11,582.2171630859375,603.1465497121329,578.9972711943083,594.804024035713,1064924,ABREL
2020-02-12,579.8265991210938,592.2183616567257,574.4113184359264,584.4613090004799,1094054,ABREL
2020-02-13,580.5096435546875,586.1688565595377,573.8258680514374,580.6559670875037,774724,ABREL
2020-02-14,569.0936279296875,592.5111111192502,565.9225104144342,581.9244810821313,1232538,ABREL
2020-02-17,564.5564575195312,573.4843966612312,560.0681304696669,569.9717980616625,621374,ABREL
2020-02-18,569.239990234375,571.5817027355761,554.2137485816179,565.8249407272699,683231,ABREL
2020-02-19,595.438232421875,603.9758555823689,571.9719772457784,574.0697574901171,1925038,ABREL
2020-02-20,586.8519897460938,602.1709409735197,583.4857141001509,597.7801621884851,1321773,ABREL
2020-02-24,557.5313110351562,580.558480735259,553.4332392603939,580.558480735259,822920,ABREL
2020-02-25,547.3348999023438,563.9710584885325,543.9686247532127,561.0438730638516,864138,ABREL
2020-02-26,545.5787353515625,560.3122151410844,539.5779799268953,539.5779799268953,1051786,ABREL
2020-02-27,529.6254272460938,549.9205684938978,523.1856428538193,546.1152630089147,1375099,ABREL
2020-02-28,494.4504089355469,519.477868354866,491.13293804754477,519.0875531400314,1203242,ABREL
2020-03-02,487.9130554199219,528.6009483579461,480.83902334683444,506.4031235768787,2762684,ABREL
2020-03-03,515.5261840820312,520.2585035434976,490.8890666088547,496.3531527464189,2804030,ABREL
2020-03-04,489.03515625,522.8441144350622,473.27711650456206,517.1361262964947,2787270,ABREL
2020-03-05,497.57275390625,505.42735631663885,490.44991808431416,492.64530718028414,1533428,ABREL
2020-03-06,497.7190856933594,503.67103516255736,471.276838881488,471.276838881488,1463855,ABREL
2020-03-09,476.1554870605469,490.5962563147501,469.3253878609079,487.76664974455923,959903,ABREL
2020-03-11,473.3258972167969,480.7414397081157,464.9346262339063,472.2525899206939,1287001,ABREL
2020-03-12,407.1227111816406,458.20210342906717,404.9273220859937,450.8841397769107,1602684,ABREL
2020-03-13,423.4173583984375,435.85789571314666,346.09088136387254,367.84961314865586,1053653,ABREL
2020-03-16,377.2166442871094,408.6350841402882,373.70401572957735,404.34188469302495,1161299,ABREL
2020-03-17,330.0401611328125,387.85207405851577,322.03917561884464,377.6069249324418,1259453,ABREL
2020-03-18,279.7901306152344,346.3835967512056,261.7391544465096,345.4078683096529,2512347,ABREL
2020-03-19,269.935302734375,295.2554710177936,255.73846396218232,256.1775239522321,2531193,ABREL
2020-03-20,296.47509765625,310.3792281704428,266.9593118278758,273.20396799817445,1607914,ABREL
2020-03-23,238.61441040039062,281.98553974713275,222.5636793682496,266.8617478229786,1040762,ABREL
2020-03-24,221.49037170410156,256.6165980536507,216.07507549752563,256.6165980536507,2091607,ABREL
2020-03-25,248.42047119140625,259.20225873414694,213.2942467275525,215.63598906976884,1744129,ABREL
2020-03-26,263.4954833984375,285.6445334262704,246.9569023181039,246.9569023181039,2078565,ABREL
2020-03-27,275.5457458496094,289.8401636334097,262.47098879440756,277.59478182902956,1560236,ABREL
2020-03-30,278.6680603027344,284.91271662965414,257.5923191446188,263.44669003426924,1217086,ABREL
2020-03-31,288.9132080078125,293.7918503930276,278.08261595726094,285.8884437736051,946049,ABREL
2020-04-01,291.1573791503906,306.86661399384394,280.0340801788019,286.7666008897474,1658121,ABREL
2020-04-03,279.15594482421875,294.0358052497688,271.8379806805056,287.8886975029264,939216,ABREL
2020-04-07,296.231201171875,302.37827928044055,283.2052187470001,290.8646940121558,1126711,ABREL
2020-04-08,313.6966857910156,325.84451648278355,288.2301681742252,290.767068011579,1524093,ABREL
2020-04-09,317.6484069824219,333.3576420705869,310.5256007149485,317.355700337901,1039386,ABREL
2020-04-13,311.9403991699219,328.8204895412627,300.52436432851306,321.01466189636625,1173203,ABREL
2020-04-15,313.1112976074219,336.6263625090832,308.818097780072,317.94116602373634,1822855,ABREL
2020-04-16,324.5273132324219,329.6498879864944,305.4518027106578,312.2331278672737,1139613,ABREL
2020-04-17,339.89501953125,341.50496555635596,326.18601661922287,336.62632319126516,2182190,ABREL
2020-04-20,320.5268249511719,348.33508830310006,317.3557072005134,343.066160149688,1897215,ABREL
2020-04-21,303.7931213378906,314.96519652180496,301.5001530534681,314.1846255120283,1124284,ABREL
2020-04-22,278.3753356933594,302.81735305994806,273.44791856309587,302.47584212153333,4306104,ABREL
2020-04-23,288.9132080078125,296.13359278255683,278.6680589988608,282.96125834247607,3051849,ABREL
2020-04-24,277.1556701660156,291.2549589857914,275.1554386398431,282.1806957924598,1697169,ABREL
2020-04-27,280.4731750488281,286.7666061381432,278.18020707093,280.0340853039793,966133,ABREL
2020-04-28,281.7903747558594,286.6690171842979,274.6675687210873,282.96126084943273,2575740,ABREL
2020-04-29,284.57122802734375,288.3277889315729,281.44891450740624,286.7666172831679,1522080,ABREL
2020-04-30,284.9615173339844,301.8904140012101,283.2539923342299,289.3035213869662,2437816,ABREL
2020-05-04,263.6906433105469,276.3751145891301,261.05616428809213,276.13118244915734,1996323,ABREL
2020-05-05,256.0799560546875,272.1306719708772,254.76271662781664,267.3008337748449,1460550,ABREL
2020-05-06,261.4464416503906,263.34909420036337,247.93259709865924,257.59230248653046,1831551,ABREL
2020-05-07,259.1534729003906,268.52047163690946,256.7141518636341,259.54375831089806,1014858,ABREL
2020-05-08,259.641357421875,271.3988738281931,257.54354712150695,265.3981495636537,1451311,ABREL
2020-05-11,264.763916015625,269.10588967251147,261.78792643148734,262.4709482447304,983261,ABREL
2020-05-12,259.8852844238281,264.95905461115456,250.56705965185398,264.2272582572918,1192809,ABREL
2020-05-13,272.3258361816406,279.35106366710903,263.69063281493544,272.22825737416093,1852106,ABREL
2020-05-14,265.5932922363281,276.03356863723,263.78818867403913,266.3738630745169,1095717,ABREL
2020-05-15,268.1789855957031,270.9598177907533,259.348624757978,269.10590980947256,1865577,ABREL
2020-05-18,249.5913543701172,269.25229266423185,248.56683646294593,268.3253386744264,1881572,ABREL
2020-05-19,252.4697265625,261.0073501660628,249.54254132699273,255.6408439009662,1611511,ABREL
2020-05-20,257.7386779785156,258.56805316101,251.054931781055,252.71368214604374,920248,ABREL
2020-05-21,256.56781005859375,263.446683779876,253.93333131004718,256.61658457076817,1301798,ABREL
2020-05-22,264.56878662109375,267.9838364976109,253.34790845539436,256.56783049080514,1821895,ABREL
2020-05-26,269.0570983886719,272.960011873911,263.73936685428686,267.83743792453464,1306380,ABREL
2020-05-27,275.3017883300781,276.2287423091275,269.9352816188607,271.2525210397155,1514928,ABREL
2020-05-28,277.6435241699219,282.7660986363549,275.7408715199401,277.00930661992794,1306353,ABREL
2020-05-29,278.6680603027344,290.62073420243735,275.838453661444,278.5704814991995,2448634,ABREL
2020-06-01,287.4983825683594,295.6457211019555,281.0097943147299,281.0097943147299,2087467,ABREL
2020-06-02,304.3296813964844,309.74499187178355,288.5228992141917,291.7427910170103,4143672,ABREL
2020-06-03,300.5731201171875,313.55032563457087,298.7192421223806,312.23308634617445,2019084,ABREL
2020-06-04,298.96319580078125,307.98868410445107,294.08455347447324,301.50009576583534,1027607,ABREL
2020-06-05,310.18408203125,317.11176028830715,301.50010439719046,301.93919412987634,2761453,ABREL
2020-06-08,310.3792419433594,319.45350508664524,307.35447763664047,314.0869983342594,1659022,ABREL
2020-06-09,304.9151306152344,316.52629283368884,301.01221694335936,313.0136645736277,1559496,ABREL
2020-06-10,306.9642028808594,311.0134703432878,304.0370172776284,307.25690953043375,1258444,ABREL
2020-06-11,286.2787170410156,303.35396466349965,284.03455354995094,295.10907724905,3120433,ABREL
2020-06-12,291.93798828125,292.7185591950214,268.4716992529928,269.3010744594197,2349896,ABREL
2020-06-15,293.0600891113281,299.15839282274715,285.88847799132463,292.7185781481139,4385378,ABREL
2020-06-16,289.7913818359375,300.47562146083976,283.0588607385579,298.57293886126894,2137287,ABREL
2020-06-17,286.522705078125,294.6212705402928,284.9615333211032,288.81567330466873,1564136,ABREL
2020-06-18,297.98748779296875,299.0607951338152,285.8884599484759,286.4739030231986,1331074,ABREL
2020-06-19,310.476806640625,313.11125560596366,297.69475791038815,300.5243644776939,2517722,ABREL
2020-06-22,316.4775085449219,324.81997435003944,307.59837426038274,312.42824169084065,2799976,ABREL
2020-06-23,308.81805419921875,318.9656241164259,304.4272761774289,316.47752848149264,1828250,ABREL
2020-06-24,297.8899230957031,314.0870234536559,292.71857354056897,311.6965063025318,1743056,ABREL
2020-06-25,299.98773193359375,303.4515561135308,294.2797143921614,296.133592541661,1054848,ABREL
2020-06-26,300.37799072265625,306.3787143639006,296.4750771638805,303.45152919481876,998410,ABREL
2020-06-29,290.86468505859375,299.49988863243004,288.03507823503713,297.4508527336918,980750,ABREL
2020-06-30,287.3520202636719,295.06026884168705,283.93697078685403,292.62094778681717,1164690,ABREL
2020-07-01,295.3042297363281,296.62146918974895,284.1321560819817,286.18116214633494,3497535,ABREL
2020-07-02,292.1330871582031,300.4755831342812,290.8646521048636,297.5971723434901,852993,ABREL
2020-07-03,298.6216735839844,304.32969084517146,290.76707164656125,293.4990993351775,2494208,ABREL
2020-07-06,310.3792419433594,313.64793837518664,299.69500295286116,301.84161756456376,2419297,ABREL
2020-07-07,308.769287109375,318.62412086255483,306.57389804570965,317.9899033106477,3444934,ABREL
2020-07-08,301.890380859375,312.1355297331787,301.0122311969943,311.0622224672158,1399289,ABREL
2020-07-09,313.5503845214844,315.3554883463076,301.06104085593245,304.8664061319442,3699667,ABREL
2020-07-10,307.84234619140625,319.8437950038093,305.1590927776935,313.1600785038763,3090476,ABREL
2020-07-13,303.9881896972656,310.72073989043605,301.5488685481081,308.622899880665,1019764,ABREL
2020-07-14,294.9626770019531,308.2325889090722,290.7670568838392,304.9151183765092,1855406,ABREL
2020-07-15,291.7915954589844,296.6214634355416,287.88868146641147,294.6700064392552,1223316,ABREL
2020-07-16,293.5478820800781,297.4995700141215,283.2051555432793,291.6940041576487,1101859,ABREL
2020-07-17,296.6214294433594,299.3046825057582,292.718515898052,295.8896331536142,561317,ABREL
2020-07-20,299.8901672363281,302.52461637999403,294.81636701043084,298.0850635149875,1194716,ABREL
2020-07-21,300.8658752441406,306.281156262054,299.15835044681506,303.4515496961455,955528,ABREL
2020-07-22,300.67071533203125,304.91514003671614,294.8163446433263,302.81732982863736,796602,ABREL
2020-07-23,299.98773193359375,309.354701484091,298.231402810223,300.57314519784734,1617933,ABREL
2020-07-24,292.767333984375,304.81758730453777,288.8156453422983,298.03629187630617,1931110,ABREL
2020-07-27,290.9622497558594,297.49961282052925,286.1811562984103,295.15787038278376,2073700,ABREL
2020-07-28,297.2557067871094,299.9877646850041,288.32779621009036,290.7671176670285,2078978,ABREL
2020-07-29,298.7192687988281,305.01272941826346,295.64573003600606,298.9632009193199,2195372,ABREL
2020-07-30,293.0600891113281,304.96396008989393,291.7428495542869,298.71930304477553,1371442,ABREL
2020-07-31,300.4755859375,302.8661027567676,285.40056958215644,290.767076018744,2779651,ABREL
2020-08-03,297.64593505859375,307.1592869122278,295.6457037590895,298.4265356409099,1861517,ABREL
2020-08-04,297.4020080566406,303.15882950873737,296.23115182840166,299.0607582677309,916874,ABREL
2020-08-05,297.1581115722656,300.9146723639874,291.49889801527013,298.5729298499503,1174090,ABREL
2020-08-06,296.231201171875,300.42682213145173,294.37732283571023,298.08507950803977,1192483,ABREL
2020-08-07,315.8433532714844,317.7948104315754,295.9384664170572,296.2312028571948,5191877,ABREL
2020-08-10,315.1603088378906,322.91736240579456,310.8183050561558,321.0146798998948,2786753,ABREL
2020-08-11,308.13507080078125,320.2341289022763,307.59843199749827,318.0875141353987,1297565,ABREL
2020-08-12,306.476318359375,311.8915994567207,300.0852790152327,307.35446802693514,1310303,ABREL
2020-08-13,308.6717224121094,311.5501036721044,302.9637046303659,309.7938042516624,768973,ABREL
2020-08-14,306.9971008300781,318.7687009401079,299.16581131263,310.93738136070505,1503774,ABREL
2020-08-17,307.98211669921875,314.7298519314216,302.4657189158869,309.3119671563893,1773446,ABREL
2020-08-18,311.3314208984375,316.6015524167273,307.53892472413173,309.16428452197084,1531758,ABREL
2020-08-19,328.1268310546875,339.7014038383771,312.1686846387775,312.8582456804587,10633333,ABREL
2020-08-20,333.4954833984375,338.1253250746421,320.34482109768396,327.0432860153858,3416434,ABREL
2020-08-21,335.81036376953125,344.1834589386317,331.08203969881976,338.0267713142931,2143371,ABREL
2020-08-24,330.8850402832031,341.2282763240002,329.01341310725917,339.5536751926624,1689879,ABREL
2020-08-25,326.8462219238281,334.529786147856,323.74325736075696,333.93873812109206,1746377,ABREL
2020-08-26,335.07159423828125,343.0014267161944,324.28509449581287,330.3432697021245,3244919,ABREL
2020-08-27,369.2042541503906,381.911682238533,337.3865025746968,337.3865025746968,9901357,ABREL
2020-08-28,356.9893798828125,366.3475453519197,353.7879022223285,366.3475453519197,3024471,ABREL
2020-08-31,328.4223327636719,359.550550849618,324.23578525377906,359.550550849618,2297376,ABREL
2020-09-01,326.05816650390625,334.7267703861786,315.22239662009065,330.63873594240187,1451986,ABREL
2020-09-02,327.7328186035156,333.74172187625703,326.0581874889125,327.92981457691155,806757,ABREL
2020-09-03,339.9476623535156,344.7744993317703,328.8163533379195,329.01337936231795,1219297,ABREL
2020-09-04,343.0506591796875,359.30431568066336,329.0626518631572,333.05220376875064,3419139,ABREL
2020-09-07,338.8641052246094,352.85211229063896,333.44621982130894,347.63122286483224,1971836,ABREL
2020-09-08,326.0089416503906,340.2924572254665,322.31492900166415,337.7805105871613,1058486,ABREL
2020-09-09,331.2790832519531,333.8402716839681,316.6508154048197,321.5761662117887,1245380,ABREL
2020-09-10,332.4118957519531,339.84916250073934,325.1223534342599,334.62830333347966,1552559,ABREL
2020-09-11,333.1507263183594,338.2730729007214,329.0134197931843,332.46116521017876,800469,ABREL
2020-09-14,370.3863220214844,375.213159035438,335.26858234220987,336.8939418386906,3666378,ABREL
2020-09-15,357.8759460449219,371.32217661155397,353.7386697691491,368.76098840543585,1394608,ABREL
2020-09-16,364.96844482421875,371.02661947490253,354.8222355758834,361.5206997314124,1982564,ABREL
2020-09-17,357.6789245605469,364.2788755519433,355.70878455201944,359.6490645690743,777623,ABREL
2020-09-18,364.42669677734375,370.38635887812785,358.6640306600672,359.2058071921553,1497350,ABREL
2020-09-21,337.8298034667969,366.39683642150874,335.02234766402927,362.5057974942751,1125434,ABREL
2020-09-22,333.8402099609375,342.8043527846503,327.0924745905738,340.3416778364847,942885,ABREL
2020-09-23,327.8313293457031,342.8044074426947,322.41344359589044,338.76561387135246,632984,ABREL
2020-09-24,313.1045227050781,324.77760885844185,310.39558005632904,321.47761816484797,655873,ABREL
2020-09-25,323.0537414550781,325.86116710478814,313.744817269552,317.19256251427237,757134,ABREL
2020-09-28,328.91485595703125,334.431253784422,324.18653214038187,326.99398755862046,542852,ABREL
2020-09-29,329.0133972167969,336.6476901162884,326.05818706215496,331.96860737143874,604676,ABREL
2020-09-30,326.5999450683594,334.6775310583447,324.28505462789155,330.983518574257,455932,ABREL
2020-10-01,329.70294189453125,336.8939408887207,327.0924823380843,331.9685908757277,716794,ABREL
2020-10-05,329.80145263671875,333.88951754155386,328.028338507406,331.96861884983724,586088,ABREL
2020-10-06,333.93878173828125,342.0163690145498,329.21045703048594,332.6089310198528,1153606,ABREL
2020-10-07,331.03277587890625,338.37155972300695,329.55517081461363,333.93874453012916,429015,ABREL
2020-10-08,326.9940185546875,336.30291258773025,326.05818997258336,333.74172441845536,445646,ABREL
2020-10-09,325.9596862792969,331.9686198316673,324.72834866864525,327.9790979979375,364568,ABREL
2020-10-12,317.19256591796875,329.653696423784,315.7149607972329,327.240292763754,479310,ABREL
2020-10-13,312.168701171875,319.50748526520397,311.282144115582,316.65078805628065,511024,ABREL
2020-10-14,311.2328796386719,313.64628311013894,301.4314210788125,310.29705111054227,724076,ABREL
2020-10-15,312.9075012207031,321.0836008257472,307.7358833615067,315.2224218938768,773245,ABREL
2020-10-16,316.7985534667969,322.905970113136,310.297084726797,314.43439121460256,400436,ABREL
2020-10-19,316.1089782714844,320.98508712457703,307.34186069357736,319.0641884704611,990695,ABREL
2020-10-20,314.38507080078125,318.867157142823,309.60747549638484,312.4642024215771,470921,ABREL
2020-10-21,314.7298889160156,320.39404184642905,310.29707357917033,316.9955380633998,519207,ABREL
2020-10-22,314.38507080078125,322.8566784443579,312.36568941347576,314.7298512981613,586100,ABREL
2020-10-23,318.62091064453125,319.7537351574547,313.4000214906973,313.4000214906973,349502,ABREL
2020-10-26,309.114990234375,324.92538362610287,306.35680593562057,320.88659013996266,1006846,ABREL
2020-10-27,303.59857177734375,311.62688588819657,300.69260338893633,308.42540853843724,766575,ABREL
2020-10-28,300.4956359863281,306.8001089697428,298.7225217484647,305.12547769690667,430422,ABREL
2020-10-29,302.36724853515625,306.15974398572587,297.78664898543855,300.34783699791654,484896,ABREL
2020-10-30,301.1358947753906,306.5537794830398,296.94934750129806,302.4164736815099,290316,ABREL
2020-11-02,300.44635009765625,304.09112112362124,297.4911400966957,301.3821786227407,320670,ABREL
2020-11-03,300.7911376953125,304.2881242540406,299.3627741364228,302.4164972217361,282441,ABREL
2020-11-04,303.4507751464844,308.72090520161464,298.722451581515,300.79110441441964,478371,ABREL
2020-11-05,306.5045166015625,310.29704201637486,303.89408718111633,306.8985385790346,502775,ABREL
2020-11-06,308.9671936035156,314.5328329851312,305.8642291749998,305.8642291749998,774269,ABREL
2020-11-09,309.5090026855469,313.15374360905406,308.3761481482085,310.49407267491915,262354,ABREL
2020-11-10,305.42095947265625,311.183625324621,303.5493323747577,309.7060202375507,456861,ABREL
2020-11-11,303.74639892578125,308.52399535694974,301.23445190553895,305.8642938206829,484833,ABREL
2020-11-12,307.6866149902344,311.4298688982727,301.23438856886423,301.43141459010843,925419,ABREL
2020-11-13,309.1642150878906,310.54330702899983,306.35675967016317,307.1448036188114,342237,ABREL
2020-11-14,307.588134765625,311.7746826367344,306.5538231987205,310.49410354799994,211406,ABREL
2020-11-17,310.3463134765625,314.72988731210694,307.88363830197636,311.18362904831235,1090054,ABREL
2020-11-18,332.1163635253906,334.8745777206691,311.3313793215507,311.3313793215507,3443441,ABREL
2020-11-19,328.3238525390625,341.27754841285156,324.9746202090678,331.96862393643994,1996921,ABREL
2020-11-20,326.2059631347656,331.96862932988597,323.44777883277084,329.0134189797683,1065567,ABREL
2020-11-23,327.9791259765625,332.8552052935301,325.3686659697302,329.0134376329616,737926,ABREL
2020-11-24,348.1237487792969,352.0147874917607,328.0775672999828,329.8999529002753,2229142,ABREL
2020-11-25,334.4804992675781,355.5117493267708,330.5402193524863,350.6356709690147,2066023,ABREL
2020-11-26,342.80438232421875,344.1342329232118,331.67310262410416,333.54472973359873,1159933,ABREL
2020-11-27,346.5968933105469,354.5266949641809,336.9431890561757,341.42527569418957,1590307,ABREL
2020-12-01,349.5028381347656,352.1625392672994,343.0506413981455,348.2222591076653,595719,ABREL
2020-12-02,367.5296630859375,369.40129027762,350.4386907100355,351.57151532116274,2269996,ABREL
2020-12-03,393.09222412109375,395.8011669838958,372.35650986879085,372.35650986879085,3889451,ABREL
2020-12-04,385.70416259765625,408.5577995777187,380.4833034042046,397.9682966350774,3472924,ABREL
2020-12-07,400.3324279785156,403.87868586680923,384.3743125741188,387.7235444445268,2202917,ABREL
2020-12-08,387.0340576171875,405.5041230105563,381.2221497191319,400.4802592111689,1799352,ABREL
2020-12-09,384.62060546875,395.94891082053806,380.7788082998867,391.0728021443356,1002432,ABREL
2020-12-10,380.4833068847656,386.0489466559323,373.1937945257716,384.62061312033234,687369,ABREL
2020-12-11,366.8401184082031,383.68482401133576,362.01328067821794,380.5325875017365,1498292,ABREL
2020-12-14,370.63262939453125,376.2967825347799,367.5296645561772,370.0908528580717,803054,ABREL
2020-12-15,372.45501708984375,375.0162054053327,364.6729691812828,371.3714339492191,879862,ABREL
2020-12-16,390.72802734375,392.7966804506769,373.8833235615625,373.8833235615625,2264152,ABREL
2020-12-17,390.5802917480469,408.31155341630625,387.1325464236631,394.61908514043,3942740,ABREL
2020-12-18,389.5951843261719,395.9981393150976,383.19222933724615,392.1563723341323,1073261,ABREL
2020-12-21,360.9296569824219,389.1026661652589,353.7386577084523,386.14745604248475,976565,ABREL
2020-12-22,354.28045654296875,369.2042625915086,345.4640971580071,363.4908680187061,1323544,ABREL
2020-12-23,385.6549377441406,388.51163497429917,356.5953702768299,357.0879053186487,1779456,ABREL
2020-12-24,386.6399841308594,393.53547429370275,381.222099002911,388.1175891657544,985831,ABREL
2020-12-28,400.9727478027344,406.8339265661805,384.27582866001023,389.989222867878,1973691,ABREL
2020-12-29,390.333984375,406.58763924487386,387.18174837545644,402.9428682492735,1949019,ABREL
2020-12-30,389.84149169921875,393.9295265978874,384.6698736792038,388.21613204817623,871725,ABREL
2020-12-31,404.76531982421875,406.3414380812888,387.0340570715807,390.925096200414,2131664,ABREL
2021-01-01,402.4503479003906,412.3995611952292,398.16531732830333,406.6368955192426,1717953,ABREL
2021-01-04,410.87274169921875,416.38914023102024,399.2488965675739,404.61754059785335,1751776,ABREL
2021-01-05,420.0339050292969,424.4667206946055,404.9623437920296,408.7055983290637,2421642,ABREL
2021-01-06,411.7100524902344,425.2547661076527,407.03096960421715,422.0040168023004,1315239,ABREL
2021-01-07,410.7249755859375,425.9442900515117,408.0160329074552,421.1174527458793,1696143,ABREL
2021-01-08,409.98614501953125,418.112972499605,408.11448797455984,414.1726925092662,962920,ABREL
2021-01-11,422.49652099609375,427.5203840561484,405.1100413435277,413.5323778986553,2028957,ABREL
2021-01-12,423.6786193847656,433.3322935051823,418.6547562968136,420.6248963264457,1643102,ABREL
2021-01-13,418.2607727050781,426.9293776065699,412.7443741032407,426.9293776065699,654531,ABREL
2021-01-14,412.84283447265625,420.3786138043871,407.4249495847263,418.9010088349516,721098,ABREL
2021-01-15,406.43988037109375,414.6652207288429,400.92348246241494,414.2219272123968,615542,ABREL
2021-01-18,400.08624267578125,407.2280013929775,394.2743346976265,402.89369866665646,510018,ABREL
2021-01-19,409.0010986328125,415.699562978298,397.968301998181,397.968301998181,696809,ABREL
2021-01-20,408.4100646972656,413.0891476175579,407.32648158754415,410.28169185299186,254241,ABREL
2021-01-21,403.73095703125,413.7294118041261,395.5056162841824,410.5771756894093,619105,ABREL
2021-01-22,402.05633544921875,412.1040619978473,398.6085902694671,404.8637911079784,520077,ABREL
2021-01-25,387.6250915527344,406.83395885966786,378.5624344395533,405.651862692921,846607,ABREL
2021-01-27,396.88470458984375,401.26827819859034,380.2862687595144,389.595192462605,798807,ABREL
2021-01-28,412.0547790527344,418.60551876250463,388.41309847453607,393.83098360703985,1337380,ABREL
2021-01-29,412.6458435058594,417.5711938223818,404.51901548359734,413.08913705912744,674583,ABREL
2021-02-01,427.27410888671875,438.25763328144546,411.51298902000406,412.74432650959113,1818744,ABREL
2021-02-02,464.31280517578125,469.3366687796292,429.3920575397931,429.3920575397931,2079600,ABREL
2021-02-03,459.3381652832031,476.0351151277792,455.0531344940572,464.3127872135882,964499,ABREL
2021-02-04,448.79791259765625,460.0277049502177,444.31582591482464,460.0277049502177,900300,ABREL
2021-02-05,450.3247375488281,457.0232314827855,443.72478668769315,447.2217731090299,960947,ABREL
2021-02-08,463.6724853515625,468.8933446006969,446.33524642956644,451.2605966879771,1305680,ABREL
2021-02-09,451.9501037597656,469.5336092637733,448.847139273635,464.80528529080766,430481,ABREL
2021-02-10,448.89642333984375,456.2844485425275,445.7934287051554,454.708330486898,258808,ABREL
2021-02-11,449.1919250488281,460.5202301761561,443.3800179958936,443.3800179958936,622042,ABREL
2021-02-12,452.4426574707031,458.89488427163525,448.69940334246223,451.4575874304343,480453,ABREL
2021-02-15,455.20086669921875,461.0127738615791,451.26058658074373,455.9889106981331,255120,ABREL
2021-02-16,450.52178955078125,457.5650343360283,448.3053819571191,452.1471491070764,210427,ABREL
2021-02-17,472.1440734863281,480.0739056031252,448.30539578102366,452.3934305674461,2158998,ABREL
2021-02-18,477.56195068359375,484.65446710503375,469.2873682332154,476.478397672555,1213065,ABREL
2021-02-19,478.103759765625,497.21411292252003,467.9082786294146,475.4933301182935,1841113,ABREL
2021-02-22,472.2918701171875,496.9678640267366,464.11577027343077,476.7739270345699,1236694,ABREL
2021-02-23,480.0738830566406,485.88579019611467,473.8186823808031,475.6903094173183,499443,ABREL
2021-02-24,475.3455505371094,485.44251876062896,408.01603526203127,482.68433458776576,225053,ABREL
2021-02-25,486.92010498046875,490.46636310942574,478.7440357364985,478.7440357364985,611728,ABREL
2021-02-26,474.2127380371094,485.6395571591266,468.8441240529484,476.7739262982095,379358,ABREL
2021-03-01,480.4679260253906,487.4126579851897,469.3858877521243,472.0455889624893,421224,ABREL
2021-03-02,511.94097900390625,520.4617998939029,479.2366373587527,483.1769180359059,1203067,ABREL
2021-03-03,528.5885620117188,541.5422571509297,512.1379403620098,516.0782205413708,1163662,ABREL
2021-03-04,513.5662841796875,527.8991025573906,508.3946660379333,522.0871647866176,786208,ABREL
2021-03-05,505.6364440917969,531.445291398585,493.52009451471935,512.2364254444193,745263,ABREL
2021-03-08,501.10516357421875,516.1767238291827,498.64248836511007,509.28123324367834,385311,ABREL
2021-03-09,481.2066955566406,511.10354604166355,477.9559765776606,504.4050820586953,606318,ABREL
2021-03-10,504.6021423339844,509.2812251569935,482.1425568083217,485.09776701232744,548535,ABREL
2021-03-12,492.28875732421875,508.9364652132588,486.7231175559552,507.3110755817362,654772,ABREL
2021-03-15,486.4275817871094,494.75143578781274,476.08434619572654,494.75143578781274,452902,ABREL
2021-03-16,491.45147705078125,501.8932263393189,486.42761342439525,489.0873147742332,389591,ABREL
2021-03-17,481.5022277832031,497.3618615797763,478.00524113507413,493.4215813849483,214238,ABREL
2021-03-18,469.6814270019531,489.5798556969113,464.9531023922377,485.14704010207004,290919,ABREL
2021-03-19,462.785888671875,471.20825547651384,454.3635519291878,468.89333489060897,448447,ABREL
2021-03-22,476.4291687011719,479.7784011753437,461.7516295812728,465.9874191718497,413517,ABREL
2021-03-23,480.9112548828125,482.684369111911,474.90232101004875,478.74408854773213,227457,ABREL
2021-03-24,477.4142150878906,484.9007538153585,473.12915416621234,477.7589956332125,283889,ABREL
2021-03-25,462.1456298828125,479.72913712237875,456.08745480012595,477.51272940466754,441210,ABREL
2021-03-26,460.8157653808594,469.5829130279209,454.80686202089953,466.82469880277193,348472,ABREL
2021-03-30,452.54119873046875,467.12025427350585,447.71436124429613,465.297868572882,550473,ABREL
2021-03-31,458.1068115234375,460.47100367646266,440.8188442916411,453.13221983051375,816033,ABREL
2021-04-01,452.04864501953125,463.86948575255167,448.7486543025059,460.02771852671054,498618,ABREL
2021-04-05,438.6024475097656,453.57552455902385,434.8099217378858,453.57552455902385,361997,ABREL
2021-04-06,431.7561950683594,443.28152678967183,427.5696473153458,440.1292905743865,590321,ABREL
2021-04-07,441.16363525390625,447.2218101499344,434.85919284127567,437.32186800729954,485299,ABREL
2021-04-08,473.9664611816406,477.21721047048095,441.3113941659067,441.3113941659067,1663502,ABREL
2021-04-09,477.6604919433594,496.2783110729848,471.65155823963,475.2963296837481,1414176,ABREL
2021-04-12,448.55169677734375,469.97697244251935,438.9472628584719,469.97697244251935,592524,ABREL
2021-04-13,452.3442077636719,461.20983877771806,442.00097158061794,446.33527406398304,503134,ABREL
2021-04-15,454.41278076171875,457.9590387880508,438.8486867253096,451.8516228012102,461983,ABREL
2021-04-16,465.15008544921875,471.8485497041631,450.2262502764462,455.10235900485037,491808,ABREL
2021-04-19,442.14874267578125,456.5800143555338,438.6517256074061,456.5800143555338,381972,ABREL
2021-04-20,438.4547424316406,452.8860145332507,432.69207587543315,444.26665047198713,779265,ABREL
2021-04-22,441.3114013671875,448.0098659703009,429.83534080384663,434.51442374244965,533454,ABREL
2021-04-23,453.67401123046875,456.48146695793366,426.3383166363244,433.4308332044512,694430,ABREL
2021-04-26,463.13067626953125,465.2485708567497,454.6098263811695,457.95905852630017,424423,ABREL
2021-04-27,476.0350646972656,477.7589371509029,456.08739773374856,463.13064203193375,535465,ABREL
2021-04-28,484.605224609375,490.56488640538237,473.9172085216865,476.77390566306235,798478,ABREL
2021-04-29,484.26043701171875,492.2887518143091,477.5619427117416,487.6096691307314,423659,ABREL
2021-04-30,474.4097595214844,490.56490292260935,466.72619481203054,477.75899180213963,441044,ABREL
2021-05-03,478.2023010253906,487.60970863178784,468.99188940551045,470.9127580993116,644812,ABREL
2021-05-04,467.5142517089844,500.12007637404497,464.9530635667769,482.58581144812655,1003071,ABREL
2021-05-05,465.1993408203125,479.4828568433819,461.99786309100386,471.75005077712274,293863,ABREL
2021-05-06,470.86346435546875,476.1828363922826,466.085868798886,468.893324337245,368482,ABREL
2021-05-07,461.7515563964844,468.1052698372801,457.8112764485677,463.0814068912963,570131,ABREL
2021-05-10,466.2829284667969,469.3858932069812,461.6038455859298,461.6038455859298,455967,ABREL
2021-05-11,462.49041748046875,467.80979007168713,459.0426720892405,461.0128123127995,387615,ABREL
2021-05-12,474.2127380371094,482.6843468721542,463.08145798096155,465.44562019814873,981727,ABREL
2021-05-14,472.6858825683594,485.63954807146524,467.90828668143206,476.62616287725564,631103,ABREL
2021-05-17,474.0157165527344,483.66939094602077,471.84855043410175,475.69031758808507,365820,ABREL
2021-05-18,482.9306335449219,489.08732188690203,475.2963400008665,477.66050231179594,822246,ABREL
2021-05-19,485.04852294921875,493.37237752015324,482.4873346149347,484.6545009120876,418705,ABREL
2021-05-20,488.6932373046875,504.30660295421313,478.8425372181667,484.65444425682375,751014,ABREL
2021-05-21,493.8648681640625,503.37078799143205,489.62904897549583,495.3424732168749,415438,ABREL
2021-05-24,497.85443115234375,510.2663206397557,490.51567681738084,496.4753390008434,820983,ABREL
2021-05-25,503.4200134277344,514.2065419943502,499.4304919370413,505.19312740983116,1173711,ABREL
2021-05-26,505.0454406738281,509.87224797842015,499.52904222836816,507.2618483478292,555083,ABREL
2021-05-27,502.82904052734375,514.2065880660938,501.0558963244265,509.33047908551316,574507,ABREL
2021-05-28,494.01263427734375,507.31108006546765,490.8603980657482,502.8290233246217,425872,ABREL
2021-05-31,495.53948974609375,500.71110764550156,487.85595517746907,494.0126431529545,375490,ABREL
2021-06-01,490.0723571777344,505.29170170180385,483.17686672498235,497.9529176951653,805728,ABREL
2021-06-02,495.9827880859375,498.1499542989791,486.2798417306541,491.9932662641487,402727,ABREL
2021-06-03,496.9678649902344,507.1140749860662,494.80069874745783,500.4156103370447,431591,ABREL
2021-06-04,501.3021240234375,504.7991406096889,497.60811147159166,498.4454269957336,312442,ABREL
2021-06-07,511.00506591796875,518.5901169934833,499.2334673144516,504.1588173473959,1236869,ABREL
2021-06-08,554.1511840820312,556.5646179012521,509.42903670024043,512.4827300232325,3437776,ABREL
2021-06-09,544.645263671875,569.1734722468274,534.8930459665687,559.5197976224881,1731145,ABREL
2021-06-10,565.0361328125,575.2316434745718,542.9213592213264,547.1571482329946,1813211,ABREL
2021-06-11,566.8585205078125,571.2913353278205,554.1018525010095,564.6421130978084,615616,ABREL
2021-06-14,561.1451416015625,579.2211517959754,541.8377338006896,561.4898920471189,1331261,ABREL
2021-06-15,574.640625,582.1764353960605,557.2541736213153,561.4899630723426,1437370,ABREL
2021-06-16,572.6704711914062,580.8958424945489,554.2989501379545,571.3406506231393,965649,ABREL
2021-06-17,559.470458984375,589.7613582607331,556.564490768856,566.4151897205171,1168699,ABREL
2021-06-18,557.6974487304688,567.8436585094734,537.0109770916822,564.4451547154629,560088,ABREL
2021-06-21,566.2183227539062,571.2422167046823,541.7885945168384,546.7139453760824,359308,ABREL
2021-06-22,583.9495239257812,605.3255564129902,569.8630339868427,571.3406390879321,2065809,ABREL
2021-06-23,594.2435302734375,609.9554101935547,584.7375798796749,585.1316319642302,1490998,ABREL
2021-06-24,593.159912109375,610.5956026445798,590.0569176248928,599.4150824286264,1452669,ABREL
2021-06-25,589.761474609375,600.8927545959615,584.2450460338221,594.982334058952,666081,ABREL
2021-06-28,589.4659423828125,597.5434686993517,584.1465400595215,593.1106534712441,595845,ABREL
2021-06-29,598.0360717773438,605.2271320648049,589.0719573455627,590.9436147044191,776504,ABREL
2021-06-30,606.01513671875,613.7971544237981,598.6271109788203,600.5972511761348,988113,ABREL
2021-07-01,608.4285278320312,615.4225009926303,606.0150942347304,609.75834832243,518444,ABREL
2021-07-02,604.09423828125,617.1464170945017,600.99124341948,612.7136016484917,597395,ABREL
2021-07-05,640.4926147460938,653.052258985861,605.8181339181895,608.2808092593203,1527137,ABREL
2021-07-06,685.7276000976562,706.6925835635873,645.3268316811816,646.2147844792877,2473674,ABREL
2021-07-07,678.27880859375,691.4991032769464,670.928720733686,685.3822496143255,1052077,ABREL
2021-07-08,660.5202026367188,682.2251234104422,654.6499961114324,664.9598455222531,689716,ABREL
2021-07-09,667.4263916015625,671.2247290931757,652.13428654639,652.13428654639,567302,ABREL
2021-07-12,704.9660034179688,713.3026788587216,669.8928339489239,674.9737830647449,2922058,ABREL
2021-07-13,697.9612426757812,710.3429020501583,691.5977421349457,704.3740605415118,867645,ABREL
2021-07-14,700.6744384765625,710.2443490504251,691.9924807189477,701.46369641516,640724,ABREL
2021-07-15,703.3382568359375,707.3832415223292,685.0863879821535,706.2980193527673,556165,ABREL
2021-07-16,709.8496704101562,723.6618947127861,705.4100268843109,710.3429641352501,1150982,ABREL
2021-07-19,709.8988647460938,726.1282375331737,700.4769682724908,707.3830792272901,682203,ABREL
2021-07-20,685.2343139648438,713.1547272703707,678.7721780917223,705.3607224018459,519761,ABREL
2021-07-22,691.9430541992188,700.0824003115137,686.7141529825022,698.3065550212253,275615,ABREL
2021-07-23,694.3602294921875,713.3027204179598,690.6112092566693,699.0958371695009,489311,ABREL
2021-07-26,694.0149536132812,704.4234391654899,690.6112148681274,699.4905019164319,235414,ABREL
2021-07-27,673.1484985351562,700.476978617478,670.879359802655,700.476978617478,320754,ABREL
2021-07-28,785.3729248046875,807.7684718852997,660.0270017603243,677.6869411406685,8361954,ABREL
2021-07-29,759.86962890625,815.7104517612727,751.9769296918854,796.8666564735838,5470341,ABREL
2021-07-30,785.0770263671875,798.050676462881,756.7126349024603,762.6321600777078,1710229,ABREL
2021-08-02,811.5667724609375,823.5045161500805,784.484996460518,792.1803661496131,2153873,ABREL
2021-08-03,799.2344360351562,820.8407243813193,793.265594253331,802.0955636081882,760526,ABREL
2021-08-04,770.3274536132812,811.7641256900955,764.7038932166957,803.6247793892927,820125,ABREL
2021-08-05,753.5554809570312,775.1617701610876,748.8198732485654,775.1617701610876,685907,ABREL
2021-08-06,781.8212280273438,792.377725667252,751.4343469514495,752.2729221879368,645766,ABREL
2021-08-09,765.64111328125,791.9336906697038,762.5827165334942,783.1530390263835,488170,ABREL
2021-08-10,749.461181640625,781.377261610981,744.8735259044074,768.5516247411038,730743,ABREL
2021-08-11,754.8873291015625,767.3183055288285,732.0478080390753,753.4567654118225,946202,ABREL
2021-08-12,755.134033203125,766.4304109567262,751.2863181894808,759.5736765804759,798268,ABREL
2021-08-13,778.1707763671875,790.2564714676605,744.8734531311906,759.6722634583003,1091484,ABREL
2021-08-16,804.6113891601562,811.4681840351248,763.4213627972791,775.95103555456,1427270,ABREL
2021-08-17,799.7277221679688,820.5447524330517,790.4538367400286,805.0553182133399,1074840,ABREL
2021-08-18,778.8614501953125,806.5352152628633,775.0137351735067,803.082159295377,402743,ABREL
2021-08-20,756.6631469726562,778.1214208949634,750.7929404540564,767.564924669193,410231,ABREL
2021-08-23,733.6262817382812,764.5065119614064,731.0611788814413,759.6722101736974,436999,ABREL
2021-08-24,754.8873291015625,764.4078608255325,730.0746333543339,730.0746333543339,397391,ABREL
2021-08-25,743.7389526367188,767.5650645231128,739.1513569542504,748.8199022789752,402250,ABREL
2021-08-26,746.4519653320312,759.0309540514174,743.492203280411,746.2546960351337,450417,ABREL
2021-08-27,737.0794677734375,757.5511575821591,732.2452253461091,743.9362626683373,420856,ABREL
2021-08-30,752.7662353515625,761.546887871498,742.9989953672082,743.886948171793,698934,ABREL
2021-08-31,767.07177734375,771.1661395345087,755.7260211515273,757.057890183136,458003,ABREL
2021-09-01,816.0064086914062,828.4867632998863,760.6588800288329,765.5918169940004,1966364,ABREL
2021-09-02,810.3335571289062,840.4244735799601,805.893913718095,821.8273247123913,1447976,ABREL
2021-09-03,837.9579467773438,846.2453046547977,807.1270919006753,813.7372392295357,1377924,ABREL
2021-09-06,856.3085327148438,862.2773743498203,834.8009397686433,842.1509676124862,1369019,ABREL
2021-09-07,866.864990234375,873.0311611083562,851.2768620917406,857.344398318343,1208284,ABREL
2021-09-08,858.0350952148438,871.600672303045,849.451772577551,871.2553305745257,744779,ABREL
2021-09-09,843.48291015625,862.1293758970165,840.5724652812803,853.3981014886239,398200,ABREL
2021-09-13,837.2180786132812,849.5011043009564,828.832085362104,836.6261502350998,418524,ABREL
2021-09-14,835.096923828125,844.1241624844766,829.3253513594576,838.5992970844095,264501,ABREL
2021-09-15,831.446533203125,840.5724666734649,821.1860001336499,835.1462359613708,308946,ABREL
2021-09-16,824.047119140625,838.3033189978545,819.9527573773547,831.4465245803791,226396,ABREL
2021-09-17,838.5993041992188,847.4785909495633,818.9661905201831,824.1457744578842,851323,ABREL
2021-09-20,833.5677490234375,840.9671547957493,819.1635363234262,833.666383680461,282921,ABREL
2021-09-21,831.5945434570312,839.585877309564,809.9882553127521,829.7200033106268,321137,ABREL
2021-09-22,899.32373046875,911.6067556153114,828.536084672864,831.7918110424727,2283584,ABREL
2021-09-23,926.7508544921875,936.7647407362165,903.8126973335598,907.3644481202894,1539435,ABREL
2021-09-24,941.9443359375,952.0568569569914,912.9880193487828,928.3787589601335,699460,ABREL
2021-09-27,933.4597778320312,956.0032778939011,918.5129532706109,938.2447030723425,625120,ABREL
2021-09-28,912.248046875,935.038191313146,896.80793025972,928.3787264844847,564091,ABREL
2021-09-29,911.7547607421875,924.4323846196826,899.422418364657,904.2073431205326,285324,ABREL
2021-09-30,924.2350463867188,934.1009201957497,912.5933273353652,914.5665020971713,297827,ABREL
2021-10-01,904.010009765625,923.9390870065057,897.8931559290061,917.5262689973841,196784,ABREL
2021-10-04,908.4990844726562,920.2888172601464,902.7275716259194,904.0101233455806,267968,ABREL
2021-10-05,919.8447875976562,926.3069835871767,904.3060352149382,904.3060352149382,247336,ABREL
2021-10-06,911.8041381835938,930.3519702989541,902.8261562109244,922.6072828618643,266765,ABREL
2021-10-07,920.1407470703125,944.164125765729,915.6517263033345,920.0420522020789,432766,ABREL
2021-10-08,924.087158203125,931.3385518667511,917.5756449097383,923.44585227466,230604,ABREL
2021-10-11,931.2398681640625,966.7570144579373,924.8763674097734,930.0559512442968,820917,ABREL
2021-10-12,920.7820434570312,937.2580657080448,911.2121332691296,929.4640008644968,263229,ABREL
2021-10-13,923.5938720703125,937.1594496057245,912.593397836807,928.3787971507409,295829,ABREL
2021-10-14,949.7384033203125,990.5337690236746,928.3787616048584,929.9572773892055,2529984,ABREL
2021-10-18,923.6431274414062,964.3398573176846,918.1182019222325,957.3844282548602,440102,ABREL
2021-10-19,892.8123168945312,932.8677429178302,882.0584896995991,920.4860825749437,274944,ABREL
2021-10-20,855.519287109375,891.8750086750651,852.4115127159915,891.3817149755768,259913,ABREL
2021-10-21,849.846435546875,865.6811517412511,839.585902197223,864.2505879256961,233870,ABREL
2021-10-22,836.5275268554688,865.237197698185,830.164025729892,850.5370205377997,415062,ABREL
2021-10-25,778.0228881835938,845.8014623280433,774.4711972256015,841.1151716441941,465189,ABREL
2021-10-26,799.7277221679688,816.1544264607664,780.1933036958012,780.3906332190586,394041,ABREL
2021-10-27,792.3777465820312,812.9480711401715,784.7316937284678,805.055371420364,222198,ABREL
2021-10-28,780.2919921875,799.38243413042,778.4174520566509,799.38243413042,183241,ABREL
2021-10-29,771.0673828125,799.0864895091827,765.5918346978484,782.36382076726,420261,ABREL
2021-11-01,811.5174560546875,817.8809568454615,776.8882623062208,778.7627422414574,493755,ABREL
2021-11-02,850.2903442382812,857.3444683811891,809.0016847785674,816.8943841422607,885608,ABREL
2021-11-03,833.8636474609375,857.1470850353072,828.881393343735,857.1470850353072,203283,ABREL
2021-11-04,844.9627685546875,853.2500663668602,809.0016467269955,838.4019384306006,81830,ABREL
2021-11-08,855.716552734375,869.183494759076,830.607951711653,844.9627862617034,501730,ABREL
2021-11-09,852.4608764648438,862.0307867993681,848.5638439833625,858.3310838517313,140624,ABREL
2021-11-10,871.3046875,879.5426682138259,838.5992910619765,847.4785776732209,311508,ABREL
2021-11-11,855.617919921875,876.8788662807816,851.4249234852443,876.0896084066013,149248,ABREL
2021-11-12,857.8870849609375,873.8204959909274,848.4651870779683,858.3310613463167,276525,ABREL
2021-11-15,845.4068603515625,862.2774826649191,837.4154654006123,861.882823574802,130083,ABREL
2021-11-16,834.9489135742188,851.4249353750698,828.733424930543,848.465173143175,118214,ABREL
2021-11-17,807.077880859375,844.42025333348,804.5620948134404,836.4288585671615,176028,ABREL
2021-11-18,792.6736450195312,820.3474090730397,779.8480090388343,812.7506741796316,189822,ABREL
2021-11-22,795.33740234375,803.0820888188503,767.1702858219185,790.4044656802436,189713,ABREL
2021-11-23,798.79052734375,812.9480327102896,781.3772353234822,794.2028717618726,286380,ABREL
2021-11-24,814.2799072265625,838.5993113420902,809.00168858884,809.00168858884,382958,ABREL
2021-11-25,861.5375366210938,872.6366460250299,819.8542146374222,831.6932646682875,1272710,ABREL
2021-11-26,795.4854736328125,848.1199518572568,790.3058893592175,838.5500412513104,497458,ABREL
2021-11-29,772.74462890625,807.0285431794606,755.0846892659595,798.1492560295643,317938,ABREL
2021-11-30,756.02197265625,799.6291512449285,749.8064835856208,775.4577580240762,500170,ABREL
2021-12-01,756.9591674804688,779.2067008613229,744.725459879027,769.2421924076191,531980,ABREL
2021-12-02,820.347412109375,828.5853927024,761.6454625958359,761.6454625958359,1206395,ABREL
2021-12-03,820.8900756835938,833.6663952036878,807.1271687135544,819.8541709044551,413671,ABREL
2021-12-06,794.5975341796875,827.5988352895795,789.3685726671473,818.9661953425787,368964,ABREL
2021-12-07,809.98828125,823.6031757612031,794.2028823462241,799.1358195036541,232061,ABREL
2021-12-08,814.723876953125,840.5724793230286,810.2842335764188,813.835984407694,522710,ABREL
2021-12-09,822.4686279296875,836.0342049738216,818.8675597550014,821.6299924915942,289626,ABREL
2021-12-10,835.78759765625,843.7296147308538,816.4011298222023,822.8139483646123,267033,ABREL
2021-12-13,824.2445068359375,848.4652169748816,821.8273555117167,837.612754897296,192229,ABREL
2021-12-14,831.8412475585938,839.5859350941823,817.387717068778,818.8675982704716,202792,ABREL
2021-12-15,852.2635498046875,870.1701362182351,823.2579147273246,830.7066379770454,685001,ABREL
2021-12-16,862.8693237304688,876.1882537505128,840.6711070303953,855.4699181637776,662795,ABREL
2021-12-17,817.7824096679688,862.9187881700162,809.9883442662519,857.7392037517485,457442,ABREL
2021-12-20,780.14404296875,813.3920527964952,764.6052902950127,813.3920527964952,278034,ABREL
2021-12-21,792.525634765625,814.9211804608174,779.4040345811692,779.4040345811692,304542,ABREL
2021-12-22,871.6006469726562,886.9420689359764,796.6693222088999,796.6693222088999,1695441,ABREL
2021-12-23,877.964111328125,896.413246693982,859.3669035558946,879.4439923606706,1114912,ABREL
2021-12-24,901.3955688476562,917.5262481560522,873.4257809594424,884.9688651569664,1834983,ABREL
2021-12-27,909.485595703125,925.4190067394574,885.0182395511849,901.1489801162663,767629,ABREL
2021-12-28,897.4985961914062,914.2212651560139,893.0096354328258,910.5215622973184,330665,ABREL
2021-12-29,877.4215087890625,903.664770616947,863.3626378794338,902.579488311556,428177,ABREL
2021-12-30,866.0264282226562,878.9013820548035,860.7975269219069,878.0628068315153,264796,ABREL
2021-12-31,905.2432861328125,919.8941456270253,873.1298772664844,876.9775923376558,1369126,ABREL
2022-01-03,905.7365112304688,911.3107538852315,891.8256535806108,898.7810824055398,470443,ABREL
2022-01-04,903.1221923828125,916.2931109953024,896.8080085003821,908.7456927777505,315786,ABREL
2022-01-05,900.4089965820312,906.6738023593884,889.9018168968099,904.7006275990851,200609,ABREL
2022-01-06,899.4718017578125,912.4947683083354,883.9823665506193,891.8750662519642,433104,ABREL
2022-01-07,934.29833984375,943.9668850659883,888.0273631291883,904.6020809004777,1076048,ABREL
2022-01-10,947.6665649414062,965.277187088888,928.5761218324966,937.2580793664823,1004043,ABREL
2022-01-11,982.7396850585938,992.6549366018592,947.6171977050144,952.0568410050379,1904002,ABREL
2022-01-12,976.6229248046875,1010.2655322106416,963.9945574788399,986.5874337994546,1194143,ABREL
2022-01-13,979.6320190429688,996.0586639307767,966.9543341996823,982.542464059382,380483,ABREL
2022-01-14,978.5466918945312,1007.0590919370333,971.7885922684083,977.7081166883173,678942,ABREL
2022-01-17,996.3052978515625,1010.1668994963138,972.2326005504774,978.5467240090244,663846,ABREL
2022-01-18,978.4481201171875,1004.1487115818771,966.9543520433193,1001.2382665117561,359817,ABREL
2022-01-19,951.3662719726562,977.2641926979688,946.1373704980875,966.95434173735,342429,ABREL
2022-01-20,957.828369140625,971.7886051695148,905.0459423623823,946.1373323427052,850435,ABREL
2022-01-21,937.406005859375,947.1238672860692,919.5980558064623,943.177517839044,535495,ABREL
2022-01-24,868.690185546875,943.8188384005389,854.5819980974802,937.0606787374147,607846,ABREL
2022-01-25,844.9134521484375,874.116414365697,835.6395067356042,850.438317362563,431485,ABREL
2022-01-27,847.7745361328125,872.0939394962037,830.2626098787382,843.3348928571316,464877,ABREL
2022-01-28,844.0254516601562,875.053634895407,834.6035548041546,854.9765468177688,278506,ABREL
2022-01-31,854.4340209960938,864.1519431896702,838.6979396415745,860.8961565382739,218475,ABREL
2022-02-01,860.994873046875,875.694989809084,844.9628271074823,863.165377463512,245233,ABREL
2022-02-02,871.6006469726562,885.9554815400521,861.7347730134129,866.6183926665415,234984,ABREL
2022-02-03,856.8511352539062,875.300331211139,850.6356468342275,872.1432395675914,160437,ABREL
2022-02-04,869.6275024414062,875.2510628371623,849.4517774493918,858.3310643216851,236378,ABREL
2022-02-07,849.945068359375,868.0983011027581,844.7161670395855,868.0983011027581,162112,ABREL
2022-02-08,826.2176513671875,858.1830478172444,820.1994319429002,852.4115354658018,226408,ABREL
2022-02-09,846.7880249023438,853.3981730839864,832.9264828048041,833.4690938773335,187039,ABREL
2022-02-10,855.8153076171875,869.2821903697281,843.53228164813,849.4518064316256,262813,ABREL
2022-02-11,826.95751953125,848.3664768292512,821.8272533255313,848.3664768292512,119440,ABREL
2022-02-14,782.1172485351562,818.8676332818413,772.1033612222692,817.4863866812628,191068,ABREL
2022-02-15,801.1582641601562,806.5351773860327,767.5649761545363,783.3503741217247,249693,ABREL
2022-02-16,809.8402709960938,835.59023914971,803.3781353476246,807.8177787999877,379019,ABREL
2022-02-17,791.48974609375,816.9436891133557,789.3685590852343,809.8402477501709,154742,ABREL
2022-02-18,786.0635375976562,803.0821708245901,775.260393158125,789.269946756354,193534,ABREL
2022-02-21,775.013671875,792.3776451660838,764.9011516532921,784.287616945415,304340,ABREL
2022-02-22,741.8644409179688,768.5516192477745,731.011979028719,768.5516192477745,379755,ABREL
2022-02-23,764.9998779296875,783.1037322516713,753.5554282008881,753.8020750456917,338661,ABREL
2022-02-24,726.2763061523438,749.7570731801061,715.2758330471511,744.7748190759769,278827,ABREL
2022-02-25,747.734619140625,764.6052396976702,741.9137293582555,741.9137293582555,319021,ABREL
2022-02-28,754.3941040039062,760.7082274391176,730.3213465752706,747.7346388375664,112667,ABREL
2022-03-02,745.21875,762.730675915188,735.0569120756163,739.9405316276618,167113,ABREL
2022-03-03,737.9674072265625,758.0444376012658,733.7744105945934,753.4568421220815,161860,ABREL
2022-03-04,724.59912109375,742.3083767989165,718.482267228522,729.9760344160032,211064,ABREL
2022-03-07,697.813232421875,719.6661666808313,688.983263446629,719.6661666808313,287041,ABREL
2022-03-08,719.5675048828125,729.9760502530197,695.0015144529933,698.9971814284411,269010,ABREL
2022-03-09,733.7744140625,751.7796349789916,714.4866415075895,719.567530732195,343941,ABREL
2022-03-10,780.0947265625,803.1808372894856,737.0794766308462,750.7930665854409,698228,ABREL
2022-03-11,760.8562622070312,786.4088413250972,753.7528204422816,769.5382198232719,567260,ABREL
2022-03-14,753.3087158203125,774.372390663974,742.0616568056367,764.6051523728652,651831,ABREL
2022-03-15,744.7254638671875,766.5783985428861,737.9673643630358,752.766175145717,226918,ABREL
2022-03-16,793.6109619140625,800.1224149404103,751.7796303139243,752.2729240346027,607261,ABREL
2022-03-17,810.4322509765625,851.1782995187402,798.4451896959216,809.001687169362,1172490,ABREL
2022-03-21,800.9116821289062,818.8675858129272,793.5122762330062,815.3158950695031,207068,ABREL
2022-03-22,822.8632202148438,830.45995534236,791.884411559782,799.1358049626512,567788,ABREL
2022-03-23,823.8497924804688,864.2505583651568,817.8809507816381,829.7199995263663,916571,ABREL
2022-03-24,852.9048461914062,859.3176645838229,823.8498338932304,826.8095962281919,499956,ABREL
2022-03-25,834.5050048828125,877.4709382739978,829.8187143022075,860.2056571875584,552083,ABREL
2022-03-28,820.1007690429688,838.2540011300449,808.9030262379808,837.6126952390742,207373,ABREL
2022-03-29,847.9225463867188,852.5101416311732,824.6884253405026,824.6884253405026,288014,ABREL
2022-03-30,850.043701171875,864.6452432330018,846.6400227293257,852.8061941346942,194810,ABREL
2022-03-31,843.1375732421875,862.8693213659599,835.0969220116602,850.0436850855078,214315,ABREL
2022-04-01,848.2185668945312,868.098328257004,834.6529893489659,839.8325735027272,370780,ABREL
2022-04-04,860.3042602539062,872.7352380929857,849.4517982552904,855.8646167090179,259600,ABREL
2022-04-05,859.0216674804688,878.9507451489366,854.3846946233896,865.7304498060328,468521,ABREL
2022-04-06,848.8104858398438,875.1523827149442,845.5054419793906,858.2324441307989,317726,ABREL
2022-04-07,911.6561279296875,919.499510258999,849.2544712517029,853.0528690924485,1859595,ABREL
2022-04-08,908.74560546875,919.4501145990664,894.9827597842944,906.6737960714058,464182,ABREL
2022-04-11,925.4189453125,930.3025647964178,899.915686098116,907.5617381516041,489402,ABREL
2022-04-12,908.9922485351562,937.1593660993171,903.2207365118827,920.4860154730601,482421,ABREL
2022-04-13,887.7806396484375,917.4769562455634,880.0852700424288,917.4769562455634,186744,ABREL
2022-04-18,877.3721923828125,890.3951585455637,861.290829263465,886.9421025290435,229422,ABREL
2022-04-19,845.7026977539062,903.4180583629477,838.1059630321485,877.964116496622,365321,ABREL
2022-04-20,857.1471557617188,872.1926142205431,849.0078093823547,857.7391443555837,192414,ABREL
2022-04-21,868.394287109375,876.5336335866473,859.9589764398693,863.0173734538124,186421,ABREL
2022-04-22,867.1610717773438,878.3588155136848,853.6448113486293,863.1654045534281,139904,ABREL
2022-04-25,874.5111083984375,905.6872466135611,850.8823277751834,858.3310507121985,1773776,ABREL
2022-04-26,869.4794921875,894.785483916817,859.5643005345372,887.9286892178864,387535,ABREL
2022-04-27,863.9546508789062,879.0001096458845,854.4340578020465,855.6672921272086,250405,ABREL
2022-04-28,846.491943359375,872.1432143702651,843.5321813196568,871.1566270236924,185359,ABREL
2022-04-29,824.5897216796875,860.2055622932049,814.5265183418469,857.2951174735406,214477,ABREL
2022-05-02,821.4820556640625,834.3076923787768,814.9212251041589,818.8675748625325,162684,ABREL
2022-05-04,794.3508911132812,832.2358121886421,784.337004640385,828.6841215372549,160412,ABREL
2022-05-05,787.54345703125,822.3206657507634,778.7628043601403,801.5036939797341,277925,ABREL
2022-05-06,759.031005859375,774.816404545455,743.5909488994632,759.6723117676039,450383,ABREL
2022-05-09,733.873046875,754.7393954233108,727.9535222050132,754.7393954233108,161163,ABREL
2022-05-10,716.2130737304688,743.7882012419938,710.3428671599421,732.343752252288,122362,ABREL
2022-05-11,713.2532958984375,721.8366173954219,679.1667169503916,715.2757878068653,250118,ABREL
2022-05-12,686.0235595703125,703.0421930902404,676.996320528784,701.4636772561591,259964,ABREL
2022-05-13,686.418212890625,709.9976768451246,680.9919819586833,695.445512073099,164462,ABREL
2022-05-16,693.7682495117188,698.8985158707721,676.5029705644814,694.4588727129111,127085,ABREL
2022-05-17,721.4913330078125,729.4333493080916,704.028724482348,704.127419349444,268139,ABREL
2022-05-18,714.8318481445312,733.9223493833127,710.3428877720521,721.1953485574584,124482,ABREL
2022-05-19,694.3109130859375,704.4234343777753,685.6782729587588,695.5441473898202,100741,ABREL
2022-05-20,703.9794921875,721.0968212869378,698.8492251907934,709.3564060569663,147859,ABREL
2022-05-23,707.5311889648438,729.7787231364246,701.1183707654315,707.8764704735898,210880,ABREL
2022-05-24,734.02099609375,739.8418856063678,711.230852156477,720.1101383995465,266190,ABREL
2022-05-25,710.6882934570312,749.8065125746746,705.5087089951667,739.2993314368543,206117,ABREL
2022-05-26,715.5225219726562,720.9487527494223,692.682999252934,710.3429380493795,601466,ABREL
2022-05-27,721.8367309570312,730.0747120674004,708.4684228533927,721.0967903704765,108919,ABREL
2022-05-30,732.5411376953125,743.7388804946885,726.2269543073594,732.3931255000809,132600,ABREL
2022-05-31,787.1487426757812,803.0821534681755,726.1776526498792,732.5411535013764,513537,ABREL
2022-06-01,794.8934936523438,813.0466659891163,776.4442969173572,776.4442969173572,241580,ABREL
2022-06-02,863.9546508789062,877.0762520553277,793.6109770149607,795.9294334596576,1428814,ABREL
2022-06-03,877.1748657226562,892.762995392875,839.5859084778803,860.3042446447844,884179,ABREL
2022-06-06,840.5231323242188,867.160991644114,837.2180284638783,860.3041972943935,325323,ABREL
2022-06-07,817.2396850585938,846.4920268565011,812.0107836492874,833.666390085948,324666,ABREL
2022-06-08,811.912109375,820.8407132632259,801.1089653482445,819.8541258674768,192399,ABREL
2022-06-09,802.884765625,822.3205482754119,798.149158434083,807.0284444982447,143867,ABREL
2022-06-10,783.3504028320312,801.8489167528129,780.3906406047063,797.1626265595482,96875,ABREL
2022-06-13,743.788330078125,770.3768146631933,740.7298727403945,764.6053019544041,114718,ABREL
2022-06-14,750.9903564453125,754.7393765994967,732.0478659304922,732.0478659304922,106858,ABREL
2022-06-15,767.4169921875,783.7450619835666,752.3715341966533,753.7527806561901,167293,ABREL
2022-06-16,742.111083984375,776.4443148333198,735.1062770344937,776.4443148333198,113714,ABREL
2022-06-17,734.8595581054688,750.792967776288,730.0253162562649,741.7163521803682,96145,ABREL
2022-06-20,720.258056640625,740.6804260865124,688.2926637925722,737.0300409809123,145757,ABREL
2022-06-21,741.7657470703125,745.8601090571677,723.168597802783,735.9942345987396,183083,ABREL
2022-06-22,727.3616333007812,738.7567068656477,722.2806835966762,730.0747489217744,47069,ABREL
2022-06-23,739.7432250976562,745.8107617321648,725.7830494303607,729.0880931544,101238,ABREL
2022-06-24,768.4036254882812,773.8298565631504,748.3265945978733,748.3265945978733,246903,ABREL
2022-06-27,796.8173828125,798.8891923831997,773.5338827242758,777.1349510247752,176583,ABREL
2022-06-28,791.7857666015625,803.0822052419431,783.8437494652627,803.0822052419431,75802,ABREL
2022-06-29,796.6693115234375,808.3603479217264,779.8480086918494,782.3637944744098,142828,ABREL
2022-06-30,794.8934936523438,807.0285068340511,785.718242720639,797.1626326673756,56009,ABREL
2022-07-01,795.8800659179688,806.9791741441866,786.3101561151709,797.1626174919173,156605,ABREL
2022-07-04,797.8038940429688,808.9523191857254,787.3460318801199,801.1089376177172,84708,ABREL
2022-07-05,783.84375,809.8896834635749,777.4802487339142,797.8039868776718,165416,ABREL
2022-07-06,801.2954711914062,803.2290635654551,784.3394838031377,786.620104837639,65509,ABREL
2022-07-07,801.9896240234375,817.9540930038941,798.2712002654271,808.1374300742586,187547,ABREL
2022-07-08,800.998046875,809.0298785303069,797.9737409798795,808.0382988583841,48974,ABREL
2022-07-11,803.0803833007812,807.1458356601149,793.2637205504815,793.2637205504815,81548,ABREL
2022-07-12,804.815673828125,816.813763782635,793.4620743547625,793.4620743547625,109108,ABREL
2022-07-13,795.1973266601562,812.1037478911305,788.5537307819556,812.1037478911305,64620,ABREL
2022-07-14,791.9251098632812,806.6004765453531,782.9512656344039,796.2384571223932,98320,ABREL
2022-07-15,783.7941284179688,795.9409788510678,775.5144022181871,793.2637017534065,58460,ABREL
2022-07-18,789.6940307617188,796.8333555832979,786.6696645145252,787.7604384053674,115087,ABREL
2022-07-19,783.7941284179688,795.197294130674,780.2740328456815,789.1982494904073,106278,ABREL
2022-07-20,775.9110717773438,796.5359162775329,773.432122666234,795.2468748439996,125629,ABREL
2022-07-21,777.2496948242188,786.3226729513764,770.506965218413,775.9606533662474,71675,ABREL
2022-07-22,806.8483276367188,811.0129740352181,778.9849047362267,782.8025224853576,310436,ABREL
2022-07-25,794.602294921875,819.8380080579617,783.4470243282311,806.8483393974051,370817,ABREL
2022-07-26,800.0560302734375,827.721127196861,791.6276031022205,801.1963710992077,730681,ABREL
2022-07-27,795.7426147460938,805.608843693606,787.8595449630577,802.0391208848199,102278,ABREL
2022-07-28,804.171142578125,832.6294922803869,797.3292183896249,799.709033895509,350294,ABREL
2022-07-29,832.4806518554688,837.8847728496894,807.1458048516535,813.0952825286927,596899,ABREL
2022-08-01,836.29833984375,850.2795893493438,826.53124352508,839.8680025409845,368335,ABREL
2022-08-02,846.0653076171875,849.7837311783529,827.9689796195155,834.910036933691,270843,ABREL
2022-08-03,838.7276000976562,857.4684791851242,830.943724263815,842.8426797425332,810537,ABREL
2022-08-04,840.413330078125,849.7837699844141,817.0616411518754,842.7931454744338,148735,ABREL
2022-08-05,837.240234375,844.6770815821726,827.9689890652119,840.4133012876371,80215,ABREL
2022-08-08,843.9830322265625,847.3047998019683,828.5639204545025,828.5639204545025,106032,ABREL
2022-08-10,845.2225341796875,851.7669357874945,841.3057823823578,849.6350152903649,155119,ABREL
2022-08-11,840.7108154296875,852.7089659838804,838.8764172128289,852.6593991036558,97309,ABREL
2022-08-12,836.7444458007812,850.2795319463738,833.0260221916864,840.7107643171491,87272,ABREL
2022-08-16,827.4732666015625,843.388108816018,822.7632629869939,836.744512665961,86025,ABREL
2022-08-17,860.691162109375,876.5564369869671,831.2412335136004,832.5302749931606,733839,ABREL
2022-08-18,861.0382080078125,868.2767882324471,854.1467775120207,860.6911793214136,128747,ABREL
2022-08-19,838.8268432617188,875.168202258309,832.9269320554155,861.0381918037974,260706,ABREL
2022-08-22,839.768798828125,852.7584675556606,828.0681109725973,843.3384612280108,141443,ABREL
2022-08-23,842.0494995117188,856.2290772213306,832.9269541006576,835.9016932224456,196702,ABREL
2022-08-24,842.3965454101562,851.1720623114402,836.3975001629065,848.7922467569033,83413,ABREL
2022-08-25,845.4703979492188,860.6911211012198,841.851108081723,845.8174266121434,128488,ABREL
2022-08-26,847.701416015625,868.6237211639416,842.8426518143269,849.7837089469155,255985,ABREL
2022-08-29,835.9512329101562,842.6939625959578,825.0934233645888,834.7613251959042,72198,ABREL
2022-08-30,855.6837158203125,863.6659203160036,841.9007337560345,847.7015113246214,196376,ABREL
2022-09-01,851.5189819335938,875.0194305698034,848.7921380322052,855.3365391870514,153663,ABREL
2022-09-02,843.8839111328125,862.6743589874152,841.8511848049604,862.6743589874152,100416,ABREL
2022-09-05,876.655517578125,884.0923647259584,847.1064570149766,847.1064570149766,484137,ABREL
2022-09-06,873.879150390625,883.398351527992,846.9577986836864,882.3075775791038,262480,ABREL
2022-09-07,875.0194702148438,882.5058844336043,861.1869220568374,861.1869220568374,150511,ABREL
2022-09-08,917.5582275390625,923.7556005043429,868.871689732308,877.5480118837006,1088463,ABREL
2022-09-09,898.91650390625,926.829494774817,893.0165929875313,926.829494774817,258448,ABREL
2022-09-12,929.6554565429688,934.3158928407397,898.2719980205601,903.1307018244866,398064,ABREL
2022-09-13,922.2186889648438,934.0680784980174,914.4843793999963,932.0353522148722,119261,ABREL
2022-09-14,907.5433349609375,935.952118029444,903.3291211684393,904.9652519081336,251786,ABREL
2022-09-15,886.5712890625,915.5254252552262,873.5816206148515,912.1540909549128,175395,ABREL
2022-09-16,873.1353759765625,900.3542472061453,864.6573827794699,870.705993932171,174157,ABREL
2022-09-19,874.3749389648438,886.1747612201929,867.4834481693657,867.6322093280243,160297,ABREL
2022-09-20,883.3486938476562,897.7265985586783,875.8127128282973,878.787451734026,208883,ABREL
2022-09-21,876.655517578125,917.1120144793127,873.5816449655073,887.7612214231331,167888,ABREL
2022-09-22,872.7883911132812,887.4637573427505,865.7481395188377,868.127954808467,64526,ABREL
2022-09-23,857.4189453125,902.4862530271466,848.7921901541196,882.5058986415496,324456,ABREL
2022-09-26,806.4517211914062,854.692095608714,802.2375076582616,851.7669235226404,184439,ABREL
2022-09-27,802.435791015625,817.9540359586118,798.9156955411156,817.9540359586118,110195,ABREL
2022-09-28,818.4498901367188,825.985871478333,798.2216405042714,801.692169376029,154492,ABREL
2022-09-29,816.0700073242188,832.9268604524226,813.1944022879801,832.9268604524226,65518,ABREL
2022-09-30,803.8736572265625,822.862371751492,793.3628763248372,816.070075164263,105977,ABREL
2022-10-03,793.3629150390625,809.9223085774206,787.7109590144578,805.162737994016,123856,ABREL
2022-10-04,799.3619384765625,808.6827506338686,794.3544129560053,799.2131773244048,103601,ABREL
2022-10-06,818.6481323242188,823.4077630466164,802.981186006446,805.1131064559041,105757,ABREL
2022-10-07,823.8043823242188,829.0101756207396,815.9709392002817,818.6481559072304,82652,ABREL
2022-10-10,823.3085327148438,830.9437077663433,812.0541284231535,813.0952749026271,71347,ABREL
2022-10-11,809.525634765625,830.3488070117053,805.0635264271792,826.6303833963337,58082,ABREL
2022-10-12,827.7706909179688,842.743580148328,805.0139255382579,812.9961902457569,239707,ABREL
2022-10-13,809.3272705078125,829.7537857787598,806.1542037271527,829.7537857787598,67443,ABREL
2022-10-14,814.9793701171875,822.9120076245115,809.7239493516084,815.5742937217483,69334,ABREL
2022-10-17,812.847412109375,824.002683089833,805.1626698783928,814.9793325496832,66793,ABREL
2022-10-18,810.6658935546875,822.0690590064369,808.1373776674559,815.177568650919,54638,ABREL
2022-10-19,809.0298461914062,815.574247556013,808.1374003138609,814.582667923726,60004,ABREL
2022-10-20,842.6443481445312,851.7668927438191,808.1373895066502,808.930641097628,256604,ABREL
2022-10-21,829.6051635742188,850.7753655361223,822.0195548128735,850.7753655361223,181776,ABREL
2022-10-24,829.0596923828125,844.8258324791137,824.0026605518116,837.7856414169411,33172,ABREL
2022-10-25,807.1953735351562,834.1663511690251,804.1710678134673,823.3085422798774,100679,ABREL
2022-10-27,869.96240234375,876.4572976222036,824.9942883586506,846.8090411758265,1046500,ABREL
2022-10-28,862.3768310546875,873.2842071711126,852.7584963750508,872.5900893140055,256195,ABREL
2022-10-31,848.9905395507812,868.0288816328034,844.9250265240439,854.097138622713,97410,ABREL
2022-11-01,841.702392578125,857.1710719984399,837.8848349940371,849.5854631891178,135507,ABREL
2022-11-02,833.91845703125,848.7425843942534,827.2252946234487,845.9165461760072,99979,ABREL
2022-11-03,822.9119873046875,832.926917701901,818.5490125749039,832.926917701901,129045,ABREL
2022-11-04,814.3347778320312,830.8446030157432,813.0953032843416,826.9774182184645,114715,ABREL
2022-11-07,813.7894287109375,825.9858462694966,811.2112853150122,818.4498651578783,75752,ABREL
2022-11-09,808.9801635742188,822.0194590572553,807.2448993361605,822.0194590572553,77865,ABREL
2022-11-10,805.757568359375,816.0204536544792,798.519049297306,806.154224412591,64275,ABREL
2022-11-11,793.80908203125,816.8137421698995,788.3058270410563,812.9961847002638,97112,ABREL
2022-11-14,787.2647094726562,798.172086097195,781.3647981942297,797.8249968918632,89793,ABREL
2022-11-15,783.8932495117188,791.4788577457093,778.4891285265609,791.3796634718617,109370,ABREL
2022-11-16,780.52197265625,793.263747390217,774.4237333896994,779.0346031298933,111466,ABREL
2022-11-17,770.4078369140625,785.331098847257,755.6332756186754,777.2497003261361,156130,ABREL
2022-11-18,768.5733642578125,783.0504634935319,757.517287447851,772.4901159884812,87710,ABREL
2022-11-21,770.6061401367188,782.3067677647703,765.4994807908315,765.4994807908315,61064,ABREL
2022-11-22,764.5079345703125,778.1421551933239,763.516354888639,774.4732982668876,68900,ABREL
2022-11-23,776.5556640625,785.2319864129087,766.0448829595575,768.375131560686,109467,ABREL
2022-11-24,780.07568359375,790.2889413717261,770.7052442674707,780.4722791211067,151259,ABREL
2022-11-25,783.3974609375,792.2721105757267,778.2908622446417,780.3731552228999,138225,ABREL
2022-11-28,797.22998046875,804.1710375126321,781.7117358692991,783.3478663809857,138798,ABREL
2022-11-29,786.3721923828125,801.0971858062322,783.3478866966447,799.1140265994053,60921,ABREL
2022-11-30,801.642578125,805.7080304712593,775.6631792562763,787.3142401143923,198217,ABREL
2022-12-01,795.5939331054688,805.6089241996194,787.8100568155279,804.1215546776267,83493,ABREL
2022-12-02,803.8736572265625,817.7062058417927,786.4218185773891,788.5537390940221,383463,ABREL
2022-12-05,799.3123168945312,811.6079285359391,795.6930875516038,807.5920431318497,142112,ABREL
2022-12-06,790.0906372070312,801.1467742917993,787.4133601013564,801.0972074145349,85079,ABREL
2022-12-07,776.4068603515625,792.1233734822479,774.671595976575,784.3394974943626,100238,ABREL
2022-12-08,765.69775390625,780.373119396762,760.3927669089312,780.373119396762,170509,ABREL
2022-12-09,761.9298095703125,773.4321090346484,750.427449584759,773.4321090346484,138000,ABREL
2022-12-12,756.6743774414062,767.8792754700212,754.1954284122819,765.8961162467217,61867,ABREL
2022-12-13,774.8699340820312,779.7286380824243,758.5584366408693,758.5584366408693,154118,ABREL
2022-12-14,764.4583740234375,777.3489099919822,763.5163612137997,774.9195276475122,110565,ABREL
2022-12-15,759.3020629882812,770.4573332574529,758.0130216391976,765.0036455703023,66144,ABREL
2022-12-16,752.9559936523438,770.4573989304882,750.6753725293804,754.592124306437,109217,ABREL
2022-12-19,744.3788452148438,765.4003456126063,739.7679756966932,765.4003456126063,95236,ABREL
2022-12-20,743.1393432617188,747.6014514613433,726.5303849631161,746.7585724886848,142901,ABREL
2022-12-21,740.41259765625,751.3695415856863,738.0327820920288,747.0561939619123,85060,ABREL
2022-12-22,724.94384765625,745.6678862567123,719.4405927808065,745.6678862567123,121444,ABREL
2022-12-23,667.5809936523438,724.7455841943737,664.3583598174085,715.0280552905176,193435,ABREL
2022-12-26,693.461181640625,699.3115255953187,659.4004459707719,667.085188010281,163419,ABREL
2022-12-27,704.6165161132812,717.4079185516475,694.4032572277787,703.9224587348394,123526,ABREL
2022-12-28,704.56689453125,709.9214487458333,700.8484709159054,707.8887226070218,50801,ABREL
2022-12-29,693.0150756835938,705.5585225603871,689.544546737875,705.5585225603871,67115,ABREL
2022-12-30,710.516357421875,713.1440675967899,696.0888862010119,697.7250167659538,78559,ABREL
2023-01-02,720.9775390625,726.4312271356542,704.0215512617262,704.0215512617262,78697,ABREL
2023-01-03,720.5808715820312,727.4723615634867,716.9120151402797,727.4723615634867,27602,ABREL
2023-01-04,707.7894897460938,730.7445811552453,706.0046586122719,730.7445811552453,48823,ABREL
2023-01-05,712.9457397460938,716.9120581869621,705.855921324555,706.1534436245933,41698,ABREL
2023-01-06,703.7736206054688,713.8381777468829,700.0551971080816,712.9952987747457,43673,ABREL
2023-01-09,698.8157348632812,715.8709163746171,695.0973113006884,707.4920565093312,61997,ABREL
2023-01-10,694.4031982421875,705.9055581876733,692.12257721235,702.5341632592408,48047,ABREL
2023-01-11,691.8251342773438,704.4182079432879,689.5940800636566,698.0720739714237,41893,ABREL
2023-01-12,713.2927856445312,719.8868144203675,694.1057439314839,698.5678522853291,222341,ABREL
2023-01-13,709.07861328125,723.3078181689763,705.0131607540262,713.292826970708,109895,ABREL
2023-01-16,694.651123046875,712.499557038339,693.1141866685207,709.0785950857311,55145,ABREL
2023-01-17,698.3199462890625,702.5837265441276,694.0561660339974,694.1057329106762,31540,ABREL
2023-01-18,696.7335205078125,701.9888809651367,694.2049437829089,698.3200238650796,29915,ABREL
2023-01-19,695.8410034179688,700.3031117405635,691.1805670656819,696.5846881384012,30262,ABREL
2023-01-20,698.12158203125,701.0467538580972,692.1225377552361,695.2956044738295,22755,ABREL
2023-01-23,697.0308837890625,702.5341384005899,687.0655210296134,694.1057118989596,99804,ABREL
2023-01-24,692.9158325195312,702.8316288077937,690.238555417457,702.8316288077937,50074,ABREL
2023-01-25,681.2647705078125,701.1459299214669,679.3311781312548,696.5846878465459,52700,ABREL
2023-01-27,657.218994140625,689.1478716659384,645.51836612162,689.1478716659384,113557,ABREL
2023-01-30,663.118896484375,685.280677638767,647.9973066953855,685.280677638767,63930,ABREL
2023-01-31,696.4359741210938,709.4752713103385,652.1124102004441,677.1993643633577,621669,ABREL
2023-02-01,689.1974487304688,706.7979881590223,682.7521807707168,688.3050633256972,182347,ABREL
2023-02-02,695.0973510742188,701.046829114797,681.2152356462029,682.9009331952775,66756,ABREL
2023-02-03,676.8026733398438,698.1216356679485,674.27415735401,689.3461800344021,72361,ABREL
2023-02-06,648.096435546875,679.2320607901214,646.0141424887067,679.2320607901214,222416,ABREL
2023-02-07,631.4378662109375,654.3433908859162,629.7026019410702,651.4677858873642,217600,ABREL
2023-02-08,647.6502075195312,650.3770512829935,634.6109122239448,635.4041637599821,78597,ABREL
2023-02-09,647.352783203125,658.2105930268411,638.0815372127954,649.4847037674917,478848,ABREL
2023-02-10,643.9318237304688,650.9224478852799,641.750336481556,647.3527249721818,85797,ABREL
2023-02-13,644.0309448242188,647.2535784973192,636.9907539314702,640.7587442757753,36906,ABREL
2023-02-14,640.85791015625,648.0964294344938,636.0983399815979,638.3789610526585,50672,ABREL
2023-02-15,646.11328125,651.1208069422447,635.0572043708008,638.1806439822469,92692,ABREL
2023-02-16,648.4931030273438,653.1535395723041,645.5183640226311,649.4846826955812,51145,ABREL
2023-02-17,635.4537963867188,654.4425709492646,632.1320287578123,647.6006471353983,109113,ABREL
2023-02-20,623.1087036132812,638.5773226236258,618.7457287533268,638.5773226236258,103858,ABREL
2023-02-21,618.2994384765625,634.6109347633959,616.1179512840704,623.059008383045,110677,ABREL
2023-02-22,606.8467407226562,620.7784225843494,604.1694635858127,619.1919193661108,96028,ABREL
2023-02-23,608.8298950195312,624.695169156848,603.8719968516198,604.8635764852021,113912,ABREL
2023-02-24,601.2939453125,617.1095928744298,599.9552764247502,609.8215063967136,94592,ABREL
2023-02-27,606.9458618164062,611.2592694805631,583.0488171583681,597.9225114736327,189739,ABREL
2023-02-28,602.88037109375,608.8298484400699,592.0721297061168,607.8382688823499,145528,ABREL
2023-03-01,612.8457641601562,619.4893596330128,600.1039904154067,600.1039904154067,82585,ABREL
2023-03-02,603.2274169921875,612.7961842064868,600.7980954232277,611.0113530557594,41443,ABREL
2023-03-03,618.6465454101562,622.7119976192474,604.9626983193841,604.9626983193841,87791,ABREL
2023-03-06,630.4462890625,632.9252380290254,617.7540824581329,617.7540824581329,95614,ABREL
2023-03-08,636.6932983398438,639.3210087416871,624.6952082315051,629.653106709533,71908,ABREL
2023-03-09,632.3303833007812,640.1638265747704,627.1741567850237,634.611004493937,130868,ABREL
2023-03-10,634.809326171875,637.337842263308,611.9534265465677,626.5792268941116,232247,ABREL
2023-03-13,601.9384155273438,634.8093051933507,597.0797115462035,634.8093051933507,390261,ABREL
2023-03-14,613.1432495117188,617.1591954924793,596.980513396282,605.0619117146097,134287,ABREL
2023-03-15,625.1414184570312,634.5118584937582,614.1348477474143,616.1180070982043,202804,ABREL
2023-03-16,647.0552978515625,653.2031038746264,620.5801087098195,626.5295866957744,388433,ABREL
2023-03-17,666.0936279296875,674.2741600181429,650.5258153662013,652.4594077822618,478092,ABREL
2023-03-20,670.25830078125,676.7531356195819,661.6315454097671,666.4406826778428,373801,ABREL
2023-03-21,654.5913696289062,670.1591226556919,651.567003097057,669.3163041108561,91516,ABREL
2023-03-22,640.4116821289062,659.4004563201464,636.8420196565626,658.9046665033644,93802,ABREL
2023-03-23,625.0421752929688,639.568840609881,623.3069109967404,639.568840609881,113736,ABREL
2023-03-24,617.25830078125,629.6530457768574,613.2424155069164,628.3640044015574,82549,ABREL
2023-03-27,609.821533203125,629.6531277788364,603.9216217126061,629.6531277788364,261344,ABREL
2023-03-28,616.3162841796875,621.769971943442,607.5903958619234,612.5978607044003,155703,ABREL
2023-03-29,640.0646362304688,651.5173685855003,615.77093586231,615.77093586231,218673,ABREL
2023-03-31,628.6614990234375,653.3518565531926,624.9430753304755,640.0646650151875,282627,ABREL
2023-04-03,650.6746215820312,654.4426123976519,629.2564634090107,635.9992538931164,101810,ABREL
2023-04-05,639.3705444335938,657.3677392394164,635.6025538783404,654.1451053858991,98678,ABREL
2023-04-06,643.6838989257812,649.3358540301668,636.5940808264713,636.5940808264713,58973,ABREL
2023-04-10,661.87939453125,664.060881793499,646.5099104634832,662.3256174632672,144368,ABREL
2023-04-11,675.81103515625,689.9410438474129,663.1683958009991,663.1683958009991,285316,ABREL
2023-04-12,665.4490966796875,680.1740911882019,662.3752238910764,679.2320783912984,108845,ABREL
2023-04-13,661.5819091796875,670.9027209372662,654.3433903357129,668.1263102120558,62301,ABREL
2023-04-17,667.3826904296875,677.2489203338166,646.6090840633739,659.3509192432945,162685,ABREL
2023-04-18,669.3658447265625,676.2573355434561,657.4173217966443,663.3667998219532,114270,ABREL
2023-04-19,677.0009765625,686.1235210495701,660.3920181481143,669.3658014856735,233980,ABREL
2023-04-20,673.629638671875,679.2320881328461,670.1095428741169,679.0833269707518,151109,ABREL
2023-04-21,663.8130493164062,682.0085127960839,651.4678698161032,678.9346399019398,243459,ABREL
2023-04-24,670.952392578125,680.7194278958932,652.4594079468285,654.4425672414997,351387,ABREL
2023-04-25,648.1460571289062,666.3415193490729,646.1628978451292,664.3583600652959,415822,ABREL
2023-04-26,659.4500122070312,661.9289612496268,644.5763179514578,644.5763179514578,169310,ABREL
2023-04-27,671.150634765625,676.7035168939049,662.2760456738173,665.9944692110159,236314,ABREL
2023-04-28,674.6212158203125,682.1076908738992,667.1843681680512,674.2741871383621,322634,ABREL
2023-05-02,673.03466796875,678.240460980663,666.242371771217,678.240460980663,236544,ABREL
2023-05-03,684.0908203125,686.9663649661431,666.9364440616371,669.3162594147101,267216,ABREL
2023-05-04,703.3274536132812,706.0542977282159,680.6203152961936,685.1815576072325,752210,ABREL
2023-05-05,713.739013671875,720.8288323153432,704.0215452918092,707.9382969790144,546595,ABREL
2023-05-08,742.9410400390625,753.1047312775015,716.1683899475647,720.8783932044023,664076,ABREL
2023-05-09,762.0289916992188,773.2338300910072,743.8830954780294,753.6005643349463,841199,ABREL
2023-05-10,771.2011108398438,773.2338371183981,764.2104860666585,768.1272379816613,212601,ABREL
2023-05-11,775.9110717773438,778.4395877664319,763.0205363995732,778.3900208884535,173703,ABREL
2023-05-12,767.3834838867188,778.3899933420497,765.5985921729103,773.4320952952851,96816,ABREL
2023-05-15,801.2954711914062,804.6172992496998,766.3422893910767,772.5396620507097,1001883,ABREL
2023-05-16,794.8006591796875,804.071965252889,790.2889838603871,804.071965252889,260984,ABREL
2023-05-17,798.6677856445312,802.1878810529435,789.0494516043012,793.263664823677,212357,ABREL
2023-05-18,815.9213256835938,821.7716700772477,803.1795508447308,803.1795508447308,520828,ABREL
2023-05-19,796.982177734375,820.1851667440883,792.2226073152912,815.921325649963,262107,ABREL
2023-05-22,794.602294921875,805.1626419590111,783.4470243282311,801.0971897733697,214214,ABREL
2023-05-23,794.7015380859375,808.8315483738396,790.8343531670763,795.1973279206007,137646,ABREL
2023-05-24,795.1973266601562,803.1795308813379,785.3310968617526,803.1795308813379,131114,ABREL
2023-05-25,789.6940307617188,797.2300116383709,785.3310562407833,796.2384320219053,72329,ABREL
2023-05-26,776.4068603515625,794.5031888335753,768.1271945422523,791.9746728485514,148955,ABREL
2023-05-29,788.9007568359375,795.2468908969698,777.7454856107618,777.7454856107618,133553,ABREL
2023-05-30,789.793212890625,793.0654137211443,784.8848813842358,793.0654137211443,40859,ABREL
2023-05-31,791.9746704101562,794.0569634452428,783.298348561932,793.1645780821564,276894,ABREL
2023-06-01,795.2468872070312,797.6762694779301,785.8268804383694,791.97468643374,140966,ABREL
2023-06-02,784.1907348632812,796.3872128643525,779.6790596010502,796.2384517097177,122443,ABREL
2023-06-05,787.4630126953125,793.7099524609508,785.1823310559988,789.1982771036131,57229,ABREL
2023-06-06,788.0579223632812,794.007400229503,784.3890655748676,787.4629987851465,51006,ABREL
2023-06-07,801.2459716796875,809.9718610138424,793.2637671272145,802.0888507449937,318559,ABREL
2023-06-08,797.8745727539062,812.3020442528888,795.4947574356087,809.1289773355646,147402,ABREL
2023-06-09,792.0242309570312,803.7744253862165,789.3469538467358,803.7744253862165,75394,ABREL
2023-06-12,798.8165283203125,814.086878880517,793.0158116744135,796.2384454824057,217357,ABREL
2023-06-13,796.0896606445312,808.186943914256,793.3628167342792,803.1794790196728,134421,ABREL
2023-06-14,789.5452880859375,801.444243761958,787.5621288066008,797.0812691389298,96793,ABREL
2023-06-15,780.9680786132812,795.2964161184573,777.3984162166913,793.1645562642665,103871,ABREL
2023-06-16,776.4564208984375,792.7679179945642,774.3245609964237,785.0336089476414,110912,ABREL
2023-06-19,806.6995849609375,811.1121263589429,778.3404321353586,778.3899990119439,377578,ABREL
2023-06-20,824.6968383789062,841.5536930701041,806.7988371198493,813.095343928367,904690,ABREL
2023-06-21,820.4825439453125,840.859492417943,813.095263894709,840.859492417943,344440,ABREL
2023-06-22,805.4601440429688,829.9521736984082,800.2047839601139,821.0279567769198,270208,ABREL
2023-06-23,791.9251098632812,811.5088079058307,788.3553868187436,805.1626739519095,207430,ABREL
2023-06-26,789.2478637695312,798.2216478303361,784.3890990959885,792.7183926731414,133164,ABREL
2023-06-27,785.4798583984375,796.1889067110986,783.3479379032508,791.2310083699389,185541,ABREL
2023-06-28,793.1149291992188,794.9989546722858,787.4629738224507,787.4629738224507,181943,ABREL
2023-06-30,854.245849609375,866.4918338079406,795.3956228900427,795.3956228900427,1584490,ABREL
2023-07-03,858.8567504882812,867.5330725513744,834.910077385656,860.1953588266706,427317,ABREL
2023-07-04,870.9043579101562,872.5900553485957,840.4628518295473,858.8567019814253,520323,ABREL
2023-07-05,920.7312622070312,925.4412654949302,866.8389330055592,872.59008281075,1203401,ABREL
2023-07-06,906.00634765625,923.1606636739824,900.1560034524061,920.1859246932929,361492,ABREL
2023-07-07,909.8239135742188,942.0006859512175,883.4974854552997,901.3459195049018,1160770,ABREL
2023-07-10,894.1073608398438,920.1363260215112,883.9932365507237,910.2700966388833,194753,ABREL
2023-07-11,887.662109375,914.9801164617854,884.4890424100922,893.4132592057098,339855,ABREL
2023-07-12,880.9193725585938,904.3206277524731,877.5975444662897,892.4216721241512,383304,ABREL
2023-07-13,889.3973999023438,911.6583756679595,876.7547590701616,890.4385464548676,794574,ABREL
2023-07-14,943.1905517578125,947.850988101303,888.9015672687115,891.5292169632161,1180621,ABREL
2023-07-17,951.9625854492188,970.9021552120828,932.0261962251514,932.0760250300052,617065,ABREL
2023-07-18,928.1385498046875,959.9371140563621,913.2859767564084,951.9625585917195,375910,ABREL
2023-07-19,940.3994750976562,985.7547591867348,902.2212422355643,930.0325286837408,2358838,ABREL
2023-07-20,968.6593017578125,987.7484185857733,941.9943814367201,941.9943814367201,975311,ABREL
2023-07-21,952.1121215820312,968.6593001082869,947.6762628632906,968.6593001082869,240711,ABREL
2023-07-24,964.6221923828125,974.0421483383784,932.8734564467222,950.9657537715557,299726,ABREL
2023-07-25,991.5861206054688,996.7197649681365,958.9901133190937,966.1173965269094,310409,ABREL
2023-07-26,995.9223022460938,1007.1864108632514,975.9360841590911,975.9360841590911,366673,ABREL
2023-07-27,1005.7908325195312,1020.1948858472095,994.925476097427,998.8130963177109,292081,ABREL
2023-07-28,1027.820556640625,1041.6264823056974,995.8226751974216,1009.7283193165833,280367,ABREL
2023-07-31,1072.777099609375,1080.5523403994678,1018.5003263866755,1041.67637981314,542158,ABREL
2023-08-01,1072.1292724609375,1104.4760168818054,1062.8588023467735,1077.0135907134058,384356,ABREL
2023-08-02,1026.076171875,1069.4877116295868,1019.2479823443643,1066.5969106195303,417116,ABREL
2023-08-03,1023.4344482421875,1033.1534375720028,1013.2669388468963,1031.7080980880842,187900,ABREL
2023-08-04,1023.4344482421875,1046.6603893647232,1017.7526262298879,1032.7548071502722,240389,ABREL
2023-08-07,1016.9552612304688,1035.097388212372,1004.7940512201138,1029.9138538277898,148261,ABREL
2023-08-08,1037.6890869140625,1041.2776127341244,1017.7526971558673,1017.7526971558673,161777,ABREL
2023-08-09,1024.2818603515625,1041.0782435153078,1021.7399221164001,1041.0782435153078,120127,ABREL
2023-08-10,1003.4981689453125,1033.253266520555,998.7632764801378,1026.7240503431203,157119,ABREL
2023-08-11,1012.3698120117188,1022.736758658116,1006.7876474119855,1006.7876474119855,136132,ABREL
2023-08-14,1005.0930786132812,1010.9245091286834,997.8163085116229,1010.7749618689168,114354,ABREL
2023-08-16,1001.9032592773438,1020.6933434350528,996.81950414263,1006.7876991840562,99839,ABREL
2023-08-17,1015.3602294921875,1030.2627527220557,998.8130515769253,1001.8035098151796,146337,ABREL
2023-08-18,996.9191284179688,1019.1482512897974,988.9445726515104,1015.3602886279039,77259,ABREL
2023-08-21,974.2913208007812,1004.2457320608079,960.2859593437098,996.8194152489971,229577,ABREL
2023-08-22,991.5363159179688,993.8289884774438,976.7335106281046,976.7335106281046,119192,ABREL
2023-08-23,1010.6253662109375,1018.7494689938269,996.5702364252235,996.6200652290817,105506,ABREL
2023-08-24,981.0697021484375,1020.8926508282369,977.8798677815557,1015.9583824464543,191294,ABREL
2023-08-25,1002.052734375,1005.7908072463318,976.8830437080329,981.0696974921304,109325,ABREL
2023-08-28,1011.6221923828125,1016.7558368760007,987.2998343582403,1007.9340090983418,122286,ABREL
2023-08-29,1026.6243896484375,1027.7208667217183,1007.8343062595271,1017.7526720881418,156803,ABREL
2023-08-30,1037.3402099609375,1042.6731698104577,1006.8374975517293,1030.7113361223835,202561,ABREL
2023-08-31,1025.228759765625,1044.417533344126,1013.7653365888581,1041.6762799757687,185596,ABREL
2023-09-01,1068.640380859375,1074.0729983965357,1026.4748678411438,1027.1228248448033,292271,ABREL
2023-09-04,1047.70703125,1086.433438837022,1044.0187266290145,1072.0293261548552,266783,ABREL
2023-09-05,1111.40380859375,1136.3741847472045,1051.6944202671568,1053.1397598117733,1046608,ABREL
2023-09-06,1084.9881591796875,1111.4038764915454,1077.412355154965,1111.4038764915454,287269,ABREL
2023-09-07,1073.4749755859375,1106.1705831421923,1064.653147086844,1089.0253359087233,296130,ABREL
2023-09-08,1079.25634765625,1091.5172753120307,1074.0729352956284,1074.0729352956284,105643,ABREL
2023-09-11,1062.709228515625,1090.9192686111253,1057.176953383669,1083.891642569753,86020,ABREL
2023-09-12,1004.943603515625,1066.9956174063218,992.4334701146333,1066.5968652698073,301422,ABREL
2023-09-13,1044.5172119140625,1051.8438103637757,995.2245399373791,1015.6593381843941,243613,ABREL
2023-09-14,1062.609619140625,1103.0306997610637,1057.0274541081956,1065.4505304651402,387675,ABREL
2023-09-15,1088.4769287109375,1095.5045543703957,1064.1546319468146,1071.5808880329166,185098,ABREL
2023-09-18,1043.271240234375,1095.3052899401505,1037.7887331111767,1091.517327254933,139861,ABREL
2023-09-20,1023.5840454101562,1047.3581653630317,1014.1142604731232,1047.3581653630317,102762,ABREL
2023-09-21,1013.6657104492188,1031.359255466922,1004.1460361471514,1024.132314544198,97797,ABREL
2023-09-22,1083.0443115234375,1106.3699105396913,1008.0336493585606,1023.1354880710242,1346461,ABREL
2023-09-25,1082.2967529296875,1095.6042686822557,1059.8683145774721,1082.5459578002676,222355,ABREL
2023-09-26,1067.5936279296875,1131.1907573325907,1061.6127112466081,1114.4441419471434,796762,ABREL
2023-09-27,1075.2193603515625,1120.4250995976709,1067.5936669653963,1081.549139736186,1013644,ABREL
2023-09-28,1077.1630859375,1090.8195855715321,1067.5936434419402,1074.5713796735868,335745,ABREL
2023-09-29,1113.4971923828125,1122.3190199973728,1078.4589650998844,1078.4589650998844,576780,ABREL
2023-10-03,1109.9085693359375,1121.970182041869,1086.5332018766453,1121.970182041869,361163,ABREL
2023-10-04,1068.2913818359375,1121.272361226508,1063.2076268538895,1106.4696163709316,391594,ABREL
2023-10-05,1071.3316650390625,1084.5395222726215,1058.672107155946,1084.3402070626737,274584,ABREL
2023-10-06,1120.1759033203125,1130.8418232041286,1064.7527639418342,1071.331748247836,526823,ABREL
2023-10-09,1095.5045166015625,1136.2744542491691,1088.377233581165,1103.8778238674122,537074,ABREL
2023-10-10,1143.302001953125,1173.2564746385997,1096.6010357739733,1105.4727530791904,1474472,ABREL
2023-10-11,1168.9700927734375,1177.6424947931464,1141.7569954394623,1153.2204188441115,565468,ABREL
2023-10-12,1175.5989990234375,1181.0317380582917,1157.3073863745162,1157.3073863745162,243477,ABREL
2023-10-13,1181.3306884765625,1191.0995676156485,1148.9340568282446,1171.3127261607033,331858,ABREL
2023-10-16,1183.125,1187.4112505187397,1168.372023835542,1168.372023835542,98136,ABREL
2023-10-17,1191.2491455078125,1202.1642699326342,1172.7082061880765,1187.2119780180492,339743,ABREL
2023-10-18,1182.626708984375,1219.2598265339473,1167.9733889553036,1191.2492222134097,1564153,ABREL
2023-10-19,1154.0677490234375,1180.6330124110054,1137.371022790535,1172.2597044712265,447546,ABREL
2023-10-20,1080.6021728515625,1153.0708981539183,1047.6572413743402,1148.1366905519542,1329225,ABREL
2023-10-23,1058.47265625,1111.4536317312695,1052.740944696229,1111.4536317312695,433852,ABREL
2023-10-25,1076.7642822265625,1082.8449779970244,1043.1216270072937,1051.644481668998,281374,ABREL
2023-10-26,1078.060302734375,1087.031678346589,1047.1588978478603,1072.5777954157998,184731,ABREL
2023-10-27,1095.0062255859375,1097.4982743469432,1079.107003163548,1090.1217856779524,107998,ABREL
2023-10-30,1090.819580078125,1117.4346108976893,1076.0167138013146,1095.006173123204,207775,ABREL
2023-10-31,1079.3560791015625,1096.600981458434,1070.18526774735,1095.4048468688668,114763,ABREL
2023-11-01,1076.265869140625,1082.7451953106606,1063.9054057926644,1081.4494030858878,83143,ABREL
2023-11-02,1089.0252685546875,1091.5173172241489,1076.6149148535947,1076.6149148535947,82925,ABREL
2023-11-03,1068.640380859375,1101.485534318489,1062.7092318961127,1091.6169970501724,134824,ABREL
2023-11-06,1092.065673828125,1096.0030622593665,1073.0263236501323,1083.1939557635542,133250,ABREL
2023-11-07,1133.43359375,1141.3582596309452,1084.5395515095795,1086.5331903910308,203581,ABREL
2023-11-08,1158.40380859375,1170.2659838740292,1134.3804852203111,1134.3804852203111,184620,ABREL
2023-11-09,1165.5810546875,1169.717758141439,1145.94363812358,1156.310584945713,144539,ABREL
2023-11-10,1167.6243896484375,1169.7176860695865,1151.3763063013707,1157.0082386129707,98355,ABREL
2023-11-13,1200.3699951171875,1209.5905755067056,1181.2311093598798,1186.2152068677276,205145,ABREL
2023-11-15,1231.171630859375,1245.9246068230225,1196.2331834940546,1196.2331834940546,377974,ABREL
2023-11-16,1231.171630859375,1239.9436903537694,1221.9012833412667,1238.0497091354277,80032,ABREL
2023-11-17,1224.5927734375,1243.532344211055,1221.1039051371083,1235.956540238047,200210,ABREL
2023-11-20,1223.4462890625,1240.8408609260234,1218.6117392187798,1231.022092307326,94267,ABREL
2023-11-21,1238.9967041015625,1245.0275105315663,1221.1537330416768,1232.0688574996125,273932,ABREL
2023-11-22,1228.7294921875,1251.0083820655625,1227.1843734013685,1245.924627319477,203256,ABREL
2023-11-23,1191.9468994140625,1237.9999109569414,1187.1621172123316,1230.1251343696058,91973,ABREL
2023-11-24,1177.6922607421875,1200.4696819442254,1174.2532823994945,1200.1705874439656,86950,ABREL
2023-11-28,1229.6763916015625,1240.9902674928555,1174.2532571132726,1185.2182705498142,298606,ABREL
2023-11-29,1245.1270751953125,1253.0019727094518,1218.4123885636436,1239.9436630422877,260256,ABREL
2023-11-30,1259.7305908203125,1270.5959472555905,1233.6139696775156,1245.127161415241,143453,ABREL
2023-12-01,1273.4866943359375,1291.8779638991791,1253.998826068802,1255.9924649019797,194108,ABREL
2023-12-04,1318.4930419921875,1323.6266865122582,1278.1218541401174,1286.9438036460344,279615,ABREL
2023-12-05,1326.318115234375,1350.6903011468214,1297.9087620368218,1317.7952606022864,210846,ABREL
2023-12-06,1309.7708740234375,1335.6881798494603,1292.4263128547489,1326.4178319286204,76488,ABREL
2023-12-07,1327.614013671875,1333.6448202603453,1301.0487499219234,1318.0445709024734,100767,ABREL
2023-12-08,1300.749755859375,1358.8144902154272,1286.5450783559631,1335.738095057682,269198,ABREL
2023-12-11,1286.843994140625,1316.200399355489,1263.5185168305268,1316.200399355489,160469,ABREL
2023-12-12,1285.0,1304.5376379682903,1276.3277189763517,1290.8812594179317,65592,ABREL
2023-12-13,1285.2989501953125,1296.0645266348745,1276.32757565465,1294.868392035608,43764,ABREL
2023-12-14,1239.5948486328125,1306.6309551804457,1216.3190176382843,1295.964914289282,305027,ABREL
2023-12-15,1217.26611328125,1256.291619648691,1214.1261076319959,1238.7973893757496,217225,ABREL
2023-12-18,1202.3138427734375,1234.9097911680494,1198.7750849388556,1224.094324122759,151063,ABREL
2023-12-19,1218.5618896484375,1233.7633862817552,1188.8068533616017,1202.3138056004236,311496,ABREL
2023-12-20,1204.7061767578125,1254.497258859756,1197.479235854568,1223.9946084873015,273985,ABREL
2023-12-21,1234.9595947265625,1241.040168807602,1181.6795241086804,1201.1673922997272,115388,ABREL
2023-12-22,1225.4898681640625,1250.410354658036,1210.1388241473621,1242.1367044692117,73229,ABREL
2023-12-26,1217.2161865234375,1232.417682891968,1211.0857226679132,1232.417682891968,55365,ABREL
2023-12-27,1226.8355712890625,1237.0529709280736,1205.00520040686,1224.6923850771495,84484,ABREL
2023-12-28,1218.163330078125,1235.009482440542,1214.1261623924163,1214.1261623924163,73455,ABREL
2023-12-29,1218.66162109375,1226.5363971047157,1201.167391736303,1218.1632113876353,98090,ABREL
2024-01-01,1275.9288330078125,1282.7570215667947,1205.7527228559718,1227.333887219429,479572,ABREL
2024-01-02,1261.774169921875,1290.3329512093267,1246.074262819906,1280.8631659732182,110510,ABREL
2024-01-03,1242.0869140625,1265.6118285513326,1227.5831425122472,1259.6806798636976,140583,ABREL
2024-01-04,1393.802734375,1420.467653484266,1208.3444352244596,1253.649950234297,2495732,ABREL
2024-01-05,1408.6553955078125,1495.2291382776784,1368.7327288429751,1394.5503763003146,2544114,ABREL
2024-01-08,1492.33837890625,1509.0351047457493,1415.9820331348621,1426.4486373924587,1398311,ABREL
2024-01-09,1535.30126953125,1554.839028113622,1512.1751069442807,1514.0690882373142,837932,ABREL
2024-01-10,1581.9525146484375,1593.814690796014,1492.836828806309,1530.117901692093,855329,ABREL
2024-01-11,1541.581298828125,1582.9493065238037,1520.1995700293285,1570.987472973246,785777,ABREL
2024-01-12,1487.952392578125,1548.5590657756768,1470.3087364139835,1540.0861001760031,288293,ABREL
2024-01-15,1445.039306640625,1515.0658713851294,1425.5514381705761,1487.2545850363094,261739,ABREL
2024-01-16,1429.4390869140625,1470.3086842386626,1419.2715772280842,1444.0425161481674,204269,ABREL
2024-01-17,1393.603515625,1420.417862155471,1381.0933825415666,1395.6469225394062,138407,ABREL
2024-01-18,1384.5323486328125,1410.0510243081544,1360.658571094853,1394.500543292848,148501,ABREL
2024-01-19,1396.39453125,1438.9089060134825,1370.7264298784398,1397.540897977764,249645,ABREL
2024-01-23,1368.9322509765625,1400.5313800602555,1354.777341243582,1400.5313800602555,150594,ABREL
2024-01-24,1349.3447265625,1365.0446335252016,1319.7890043566201,1355.674505985652,267320,ABREL
2024-01-25,1341.021240234375,1378.5513947747688,1335.7879381785524,1354.777275486158,481311,ABREL
2024-01-29,1413.7391357421875,1424.4549444566092,1345.7062106483013,1345.7062106483013,273861,ABREL
2024-01-30,1383.8843994140625,1420.4676221322973,1378.6012080062928,1413.539776086649,102225,ABREL
2024-01-31,1421.4146728515625,1440.4041324048815,1380.6448539236085,1385.5790616213046,395897,ABREL
2024-02-01,1510.97900390625,1538.0924448642127,1412.3935338167128,1420.4677472012334,567871,ABREL
2024-02-02,1542.328857421875,1584.9428878983883,1487.1050368656074,1521.7445119313113,1195279,ABREL
2024-02-05,1476.638427734375,1581.952424097167,1465.5238668329455,1581.952424097167,264714,ABREL
2024-02-06,1490.2451171875,1511.8760511521114,1471.4052047475127,1480.077607201254,106247,ABREL
2024-02-07,1445.9365234375,1529.7191264504402,1434.672414811663,1490.2450999780692,236467,ABREL
2024-02-08,1446.0362548828125,1482.3702775596666,1424.1062255359536,1453.7616061300014,115632,ABREL
2024-02-09,1426.299072265625,1464.477305513952,1396.54403629972,1458.944908945722,146439,ABREL
2024-02-12,1370.7763671875,1433.3765591173915,1355.6745273442732,1430.4858798973858,135304,ABREL
2024-02-13,1351.6373291015625,1391.6596556745196,1321.8822918748167,1385.5790811655302,221878,ABREL
2024-02-14,1425.10302734375,1433.42644586056,1325.8198291435074,1345.6564399151164,165391,ABREL
2024-02-15,1424.3055419921875,1440.553748785991,1416.53042277176,1433.4264649057136,77449,ABREL
2024-02-16,1410.6490478515625,1450.322388357433,1405.515403424628,1435.4199864762156,82309,ABREL
2024-02-19,1453.46240234375,1471.803904391509,1397.6904033019077,1425.4518003927246,149748,ABREL
2024-02-20,1454.65869140625,1473.4984819161887,1436.8155986775064,1460.340513673999,91215,ABREL
2024-02-21,1432.5291748046875,1480.276849714378,1426.9470103475637,1459.6925042018033,127958,ABREL
2024-02-22,1418.57373046875,1451.5684298229082,1407.5090589451825,1443.9428584001928,179417,ABREL
2024-02-23,1428.2430419921875,1442.6470352327217,1409.7021017684333,1435.4200937883013,60264,ABREL
2024-02-26,1486.8558349609375,1503.1040403155437,1422.4613242272173,1428.2429255843563,511407,ABREL
2024-02-27,1475.4921875,1494.2324429287046,1438.41055046439,1486.855954230935,171311,ABREL
2024-02-28,1445.737060546875,1494.1326933691005,1415.633161921823,1494.1326933691005,222312,ABREL
2024-02-29,1406.5621337890625,1440.6533103109334,1398.5376885426326,1440.6034206656018,208114,ABREL
2024-03-01,1460.09130859375,1470.2588184446702,1415.2843223996772,1415.5335272654552,135126,ABREL
2024-03-04,1454.0107421875,1462.5334756346608,1430.386047772804,1460.689383954192,95275,ABREL
2024-03-05,1468.26513671875,1491.2418733465458,1445.4380690245343,1455.3563737205595,202805,ABREL
2024-03-06,1432.5791015625,1478.083933939389,1387.7719941300552,1468.813464351418,181457,ABREL
2024-03-07,1525.3829345703125,1542.827274616044,1436.4168003370823,1445.5377224688339,770305,ABREL
2024-03-11,1463.4306640625,1532.1115510313532,1456.353270043466,1495.2292300240924,358820,ABREL
2024-03-12,1428.7413330078125,1475.8908188830012,1410.8982409328978,1470.2587647855535,220430,ABREL
2024-03-13,1340.273681640625,1446.3850667035633,1279.6171188856606,1435.1209578972084,441785,ABREL
2024-03-14,1432.5291748046875,1444.092255826314,1336.4856473094628,1340.5228146633256,255607,ABREL
2024-03-15,1413.7890625,1420.4677040849788,1379.7476542376214,1414.4867874361998,197853,ABREL
2024-03-18,1410.5494384765625,1423.7074067963586,1390.5631594475199,1418.4242149371014,80627,ABREL
2024-03-19,1395.69677734375,1429.4390913920095,1382.6384668843218,1417.6765732084277,84906,ABREL
2024-03-20,1419.81982421875,1426.398808553284,1380.5451117557711,1399.684119080495,85154,ABREL
2024-03-21,1452.4158935546875,1460.3405598654308,1401.6777569335297,1401.6777569335297,109970,ABREL
2024-03-22,1454.65869140625,1482.2705418656906,1445.2885641152054,1460.340513673999,156722,ABREL
2024-03-26,1439.90576171875,1470.0096618198284,1431.8315481389834,1450.3723664249092,112680,ABREL
2024-03-27,1501.1602783203125,1505.1974459707433,1383.6353565401716,1437.014967790357,381940,ABREL
2024-03-28,1624.716064453125,1679.541134829479,1489.7466850447431,1515.0659237004172,3549159,ABREL
2024-04-01,1705.8072509765625,1719.0151084348179,1624.9652194741436,1654.7202551474616,669978,ABREL
2024-04-02,1669.9716796875,1719.8126523793962,1654.7202933709548,1693.6461417161506,443694,ABREL
2024-04-03,1669.6226806640625,1693.5962369881913,1655.766987724758,1684.6248619835453,215722,ABREL
2024-04-04,1668.775390625,1689.6089411382793,1648.7393443319845,1681.0860863021915,186325,ABREL
2024-04-05,1664.4892578125,1678.5941564599739,1656.5147017739819,1669.4234656885055,116761,ABREL
2024-04-08,1736.8582763671875,1769.2549092821325,1669.67261946255,1669.67261946255,1076822,ABREL
2024-04-09,1825.973876953125,1844.016284264204,1734.0172847166048,1734.4658047863982,1214306,ABREL
2024-04-10,1834.8955078125,1885.8828499403626,1783.509413545358,1820.0428728193397,654854,ABREL
2024-04-12,1791.9324951171875,1836.1414130549263,1779.6217993389262,1834.1976638149074,226558,ABREL
2024-04-15,1740.9451904296875,1769.404434743376,1688.512511063494,1761.7288518765322,227252,ABREL
2024-04-16,1767.26123046875,1798.9600160274006,1718.616392547091,1729.4817489083455,204929,ABREL
2024-04-18,1800.9537353515625,1830.0609376537195,1740.2475253705516,1775.3355229686376,330252,ABREL
2024-04-19,1843.6175537109375,1854.034268182898,1744.434019461552,1799.2590886446294,345043,ABREL
2024-04-22,1869.0364990234375,1936.072608121745,1838.1350955729167,1853.0873875651043,631769,ABREL
2024-04-23,1912.6473388671875,1924.0608730113158,1861.0619318123981,1869.0364874923657,310958,ABREL
2024-04-24,1859.1181640625,1932.8329137238038,1844.1658723111555,1918.7278941686232,257364,ABREL
2024-04-25,1918.1298828125,1981.5275773519477,1855.6293501407276,1872.9739117328108,949916,ABREL
2024-04-26,1990.947509765625,1999.669679837503,1904.921943698164,1913.8933186292384,860919,ABREL
2024-04-29,1993.1405029296875,2026.484065071065,1978.5370735580561,2012.1299622455786,893152,ABREL
2024-04-30,1990.7979736328125,2014.0237936304138,1979.7333021591003,2000.118211082406,397474,ABREL
2024-05-02,2003.25830078125,2048.912560148879,1991.4460142297617,1999.6697749745033,749384,ABREL
2024-05-03,1958.002685546875,2027.480955409172,1914.8902425534156,2013.5753721800622,348339,ABREL
2024-05-06,1925.855224609375,1992.6421293965532,1916.6845341173944,1959.049361780903,244839,ABREL
2024-05-07,1837.4373779296875,2023.4936346803815,1800.255963021696,1928.845674666103,1688131,ABREL
2024-05-08,1975.546630859375,2053.3982066797807,1845.1128283005287,1851.0937450859437,2669175,ABREL
2024-05-09,1994.1373291015625,2025.3875948263017,1961.740696661772,1963.7343355811438,1077482,ABREL
2024-05-10,1994.1871337890625,2016.4161337837977,1965.079933797051,1988.6547373506774,381553,ABREL
2024-05-13,1957.2052001953125,1993.8383168501314,1886.5307949334388,1993.6390016227963,287374,ABREL
2024-05-14,1990.349365234375,2014.5721267623837,1957.7534175959038,1957.7534175959038,285548,ABREL
2024-05-15,2041.436279296875,2118.2412641595783,1992.4427022267832,1999.8190685775044,1143986,ABREL
2024-05-16,2077.27197265625,2113.2073628155035,2045.523418914871,2058.4321822323163,343142,ABREL
2024-05-17,2158.363525390625,2168.0825159794986,2060.426004841206,2081.5585305770046,492694,ABREL
2024-05-21,2162.1513671875,2197.837553663893,2135.187351263655,2188.0187843248,308493,ABREL
2024-05-22,2146.451171875,2182.7352991541493,2115.2506773022924,2175.0099491310143,179501,ABREL
2024-05-23,2129.156494140625,2163.198024993522,2041.2869553763458,2161.6030164989666,136750,ABREL
2024-05-24,2218.571044921875,2271.6020327606225,2124.0228689471855,2130.9507152438136,615474,ABREL
2024-05-27,2161.55322265625,2229.5362647185757,2145.155590352637,2229.137634259333,188187,ABREL
2024-05-28,2152.482177734375,2181.987887450037,2104.335749603484,2164.095026986789,173204,ABREL
2024-05-29,2162.1513671875,2184.4301368089555,2136.732470148647,2145.753735221537,129836,ABREL
2024-05-30,2062.27001953125,2157.7154820100527,2043.4798755252825,2127.81089846578,232441,ABREL
2024-05-31,2012.62841796875,2088.2869190875044,1993.7386158303868,2075.1788402828674,258531,ABREL
2024-06-03,2107.625244140625,2126.4151442436983,2041.5360677299593,2058.4321082751817,270424,ABREL
2024-06-04,1890.71728515625,2082.904123115024,1686.1200937613269,2076.374907067599,592556,ABREL
2024-06-05,1836.4405517578125,1914.7905374862535,1769.30466334514,1851.0937492421542,755029,ABREL
2024-06-06,2099.002685546875,2173.066420002349,1910.902902359864,1945.7416937691864,1989926,ABREL
2024-06-07,2114.104736328125,2128.209634923533,2025.587115954497,2039.8914514593725,386207,ABREL
2024-06-10,2083.65185546875,2143.5605615712243,2068.400468402401,2123.1257617629117,128266,ABREL
2024-06-11,2097.507568359375,2134.1905750717356,2045.7727330351456,2075.6773183934606,322855,ABREL
2024-06-12,2074.680419921875,2118.241382263119,2068.4004085628103,2103.2890901530263,102526,ABREL
2024-06-13,2174.262451171875,2205.462947417199,2078.667566977494,2084.748019367724,935624,ABREL
2024-06-14,2238.30810546875,2281.7196396401882,2167.6337063310016,2190.610442506536,502637,ABREL
2024-06-18,2351.3974609375,2388.977751413828,2228.8884396630365,2251.566083671236,836813,ABREL
2024-06-19,2282.218017578125,2361.4651599225062,2262.7800392672393,2309.979535229317,262321,ABREL
2024-06-20,2266.667724609375,2304.546864956044,2247.8778233769403,2287.700713042257,174527,ABREL
2024-06-21,2210.746337890625,2303.59997705892,2193.0029021008004,2275.8386999758077,228826,ABREL
2024-06-24,2322.091064453125,2339.834500525509,2184.6297504280637,2214.484446284264,771187,ABREL
2024-06-25,2283.015869140625,2350.45061450319,2270.00732531122,2325.580015347931,242890,ABREL
2024-06-26,2263.67724609375,2317.605276981201,2238.8565385375387,2295.575469260803,183851,ABREL
2024-06-27,2268.113037109375,2292.4353322441148,2193.999420054048,2266.61780806345,201977,ABREL
2024-06-28,2308.08544921875,2331.3113900943295,2252.8118617266423,2291.687818632545,226696,ABREL
2024-07-01,2295.87451171875,2321.1439821565873,2243.9403643209334,2243.9403643209334,141441,ABREL
2024-07-02,2379.906494140625,2412.303127045157,2282.716595427029,2282.716595427029,718325,ABREL
2024-07-03,2343.572509765625,2403.0326949763553,2332.5576057323956,2397.3508725582956,126026,ABREL
2024-07-04,2315.2626953125,2368.4930021937644,2306.540524759141,2368.4930021937644,123997,ABREL
2024-07-05,2273.346435546875,2352.493799068185,2262.780052493551,2336.046278862835,165249,ABREL
2024-07-08,2219.817138671875,2300.609403869564,2205.014515839094,2271.7515294283257,173683,ABREL
2024-07-09,2230.234130859375,2302.60307811334,2219.9668416809554,2253.3602938108006,211972,ABREL
2024-07-10,2179.894775390625,2282.1184182892384,2153.1300750289874,2242.8438281551953,585765,ABREL
2024-07-11,2185.7392578125,2217.011254440024,2148.1731026032,2203.673121609118,194794,ABREL
2024-07-12,2139.53076171875,2212.8651262375397,2128.091072110782,2190.0355070736314,123233,ABREL
2024-07-15,2099.566650390625,2171.2523486779055,2093.322251585113,2140.080358625154,210387,ABREL
2024-07-16,2216.51171875,2272.961081882466,2109.4578471214945,2145.075799033694,2502119,ABREL
2024-07-18,2257.724853515625,2293.7925989267796,2182.692059188834,2216.012269099527,1076228,ABREL
2024-07-19,2184.040771484375,2263.119734786185,2171.052422889088,2258.973551841799,193090,ABREL
2024-07-22,2190.335205078125,2233.3466704014863,2146.924195822546,2184.0408026539085,256620,ABREL
2024-07-23,2186.98828125,2213.0149848220026,2034.7748370473157,2198.577983253919,527133,ABREL
2024-07-24,2284.650634765625,2317.870836465908,2175.0989995092127,2186.838469282997,500957,ABREL
2024-07-25,2298.68798828125,2307.879694138715,2242.9879533592984,2255.2269744856467,214981,ABREL
2024-07-26,2344.4970703125,2380.7145829955143,2307.9297737314023,2322.916330703684,395439,ABREL
2024-07-29,2335.704833984375,2415.8829112417543,2304.0332933723657,2357.884888815137,454673,ABREL
2024-07-30,2348.992919921875,2363.879468201077,2312.9751810155135,2358.8839494601616,142444,ABREL
2024-07-31,2333.406982421875,2382.9626296922243,2309.4784946063683,2352.8895070021476,198134,ABREL
2024-08-01,2293.892333984375,2371.6726628292863,2277.157345238376,2342.89842443986,140097,ABREL
2024-08-02,2249.482177734375,2287.897669582427,2238.492036071005,2287.897669582427,91136,ABREL
2024-08-05,2165.707275390625,2218.0104573938465,2131.9875218153807,2203.0239002492935,142343,ABREL
2024-08-06,2135.584228515625,2263.81929016855,2113.10439453125,2158.0640625,225290,ABREL
2024-08-07,2159.61279296875,2206.5706699443767,2144.0266766591767,2152.519058665407,144214,ABREL
2024-08-08,2165.45751953125,2222.8062250896355,2154.167841515061,2159.862684498467,164890,ABREL
2024-08-09,2188.986328125,2218.559896907819,2177.8964227728047,2193.032747126156,106381,ABREL
2024-08-12,2204.822265625,2227.0023207077115,2180.7937709846374,2194.980995844979,102390,ABREL
2024-08-13,2198.9775390625,2231.7981976438737,2189.3862885899894,2231.7981976438737,124207,ABREL
2024-08-14,2104.16259765625,2213.0149074101873,2088.1269329513734,2213.0149074101873,189437,ABREL
2024-08-16,2128.790283203125,2154.31743246258,2108.20889257825,2127.5414035321323,111516,ABREL
2024-08-19,2131.08837890625,2153.0686622329904,2112.455190836629,2130.0892751186707,75998,ABREL
2024-08-20,2149.671875,2157.065145693487,2119.44898446863,2128.141138911468,103209,ABREL
2024-08-21,2304.233154296875,2440.8105956584404,2143.0776617631414,2143.0776617631414,3351740,ABREL
2024-08-22,2333.257080078125,2347.8938526974907,2279.954796534329,2316.9216359172256,418505,ABREL
2024-08-23,2348.24365234375,2381.313840903779,2320.9680705343653,2342.7983416390284,752391,ABREL
2024-08-26,2374.220458984375,2447.754353744829,2323.016388236147,2362.880533064572,841375,ABREL
2024-08-27,2509.548828125,2522.73694873601,2365.2781014164752,2374.2202750454844,1733823,ABREL
2024-08-28,2490.016357421875,2521.7379019491673,2454.198389890835,2498.0591915115833,472022,ABREL
2024-08-29,2418.7802734375,2488.917310763949,2408.839239503879,2487.7684389733136,200683,ABREL
2024-08-30,2387.108642578125,2457.0459053093036,2368.8749990803535,2421.9772659996584,148094,ABREL
2024-09-02,2319.51953125,2432.8178071217635,2292.94327201004,2432.8178071217635,357375,ABREL
2024-09-03,2290.3955078125,2342.698690459575,2279.9549216576365,2328.6112290015467,123233,ABREL
2024-09-04,2323.066162109375,2390.7554462816615,2280.554489475169,2287.9477602145525,404053,ABREL
2024-09-05,2368.17578125,2446.805201370434,2353.5887682300618,2358.8340631697083,1199234,ABREL
2024-09-06,2406.041748046875,2427.72225195383,2342.6486600448684,2368.8751350746916,347492,ABREL
2024-09-09,2352.889404296875,2430.0201674070836,2324.265178539444,2417.8311500630307,232416,ABREL
2024-09-10,2482.722900390625,2527.73257466457,2367.8759691521864,2371.97239223717,1481966,ABREL
2024-09-11,2611.008056640625,2686.590162796533,2474.83015765575,2496.1608777867377,3857717,ABREL
2024-09-12,2780.60595703125,2822.4183058161284,2567.696834040699,2613.605606082858,2145914,ABREL
2024-09-13,2893.504638671875,2922.378641181829,2730.6507178128536,2780.605908260406,1572695,ABREL
2024-09-16,2858.2861328125,2933.8182318635463,2810.6786915717466,2888.808558007007,462309,ABREL
2024-09-17,2785.451416015625,2871.324339630176,2772.56307444595,2862.3824093223916,235369,ABREL
2024-09-18,2713.06640625,2788.948292120279,2696.281413394561,2777.708374215542,213597,ABREL
2024-09-19,2788.248779296875,2841.9506056472133,2659.3643960560626,2732.548745454431,350352,ABREL
2024-09-20,2773.7119140625,2897.401012987504,2757.5264813260383,2833.4583699422624,515162,ABREL
2024-09-23,2823.6669921875,2844.4483991390894,2758.0259240686532,2802.486041301421,248328,ABREL
2024-09-24,2769.715576171875,2885.411847945179,2762.522077412888,2847.4459025774795,221379,ABREL
2024-09-25,2742.140380859375,2796.3915219394626,2727.5533678435695,2767.5675237276178,158458,ABREL
2024-09-26,2707.77099609375,2764.1205952293394,2691.285783843551,2764.1205952293394,156586,ABREL
2024-09-27,2745.587158203125,2796.4914463940295,2707.5712110495965,2711.717394117716,270207,ABREL
2024-09-30,2847.495849609375,2867.377917769813,2713.465927750349,2747.5854690607875,566141,ABREL
2024-10-01,2888.209228515625,2907.391972124661,2842.450227042839,2847.4957498681747,506273,ABREL
2024-10-03,2847.44580078125,2895.4027826891447,2787.4995733963815,2847.44580078125,190481,ABREL
2024-10-04,2749.083984375,2849.443907726371,2735.5460797176734,2847.4457002174468,172880,ABREL
2024-10-07,2635.285888671875,2882.414296932546,2588.078236841697,2762.421839897063,604246,ABREL
2024-10-08,2683.39306640625,2722.5578870428303,2604.663637255288,2654.8686037961693,333629,ABREL
2024-10-09,2711.61767578125,2746.5363042738486,2694.8826873867115,2702.575737744911,115737,ABREL
2024-10-10,2684.142333984375,2787.4995722052554,2666.308233776268,2726.554241056682,51017,ABREL
2024-10-11,2699.728271484375,2734.547136945896,2655.6179356968187,2692.5847767881587,60007,ABREL
2024-10-14,2729.351806640625,2777.5085609636144,2698.5793608499002,2707.5712950400703,127294,ABREL
2024-10-15,2855.838134765625,2877.418873888517,2734.6968019673673,2745.53717550196,285167,ABREL
2024-10-16,2922.32861328125,2964.3409768880424,2877.4689501953553,2907.392060244086,527500,ABREL
2024-10-17,2853.4404296875,2961.343639213498,2819.470900762649,2925.425906678792,137439,ABREL
2024-10-18,3050.06396484375,3122.199206526987,2778.15773399264,2853.390294857477,992436,ABREL
2024-10-21,3027.783935546875,3137.185796936871,2949.3542906234534,3047.2164548358946,455543,ABREL
2024-10-22,2735.046630859375,3006.3033104130996,2709.569484160959,3005.3042066210046,383325,ABREL
2024-10-23,2830.56103515625,2865.279891737792,2714.664995920024,2735.0466155962863,445185,ABREL
2024-10-24,2765.6689453125,2858.7856098596762,2747.535309836306,2847.4456847394445,79987,ABREL
2024-10-25,2636.485107421875,2772.013437610154,2559.7538883335064,2762.5219517001533,229456,ABREL
2024-10-28,2743.8388671875,2924.376878515083,2597.7699376189776,2637.8338544119174,1140458,ABREL
2024-10-29,2733.1484375,2771.4639216617334,2698.4793406972326,2752.5309535424217,123557,ABREL
2024-10-30,2692.83447265625,2747.5354048064883,2672.6026210390387,2747.5354048064883,117948,ABREL
2024-10-31,2740.341796875,2791.495859765656,2681.444679971036,2697.5801078623017,222352,ABREL
2024-11-01,2765.5693359375,2787.399607721466,2749.5336710844913,2756.3276257421758,20759,ABREL
2024-11-04,2746.736083984375,2763.521076399801,2682.593669607182,2758.2757815150944,138927,ABREL
2024-11-05,2771.4638671875,2816.473541024418,2730.2008325059,2738.543446593803,148772,ABREL
2024-11-06,2884.912109375,2922.378500405844,2772.5129362824678,2777.50845508658,298128,ABREL
2024-11-07,2836.805419921875,2915.1350588324412,2809.330065927224,2911.6381955967586,92031,ABREL
2024-11-08,2782.4541015625,2844.998097517814,2762.622037324963,2839.702798550559,63261,ABREL
2024-11-11,2707.221435546875,2785.5013135741883,2697.580181725362,2785.5013135741883,95909,ABREL
2024-11-12,2706.721923828125,2772.5130056941366,2682.5936649689215,2716.9129775811075,167595,ABREL
2024-11-13,2555.657470703125,2692.584692827766,2508.7495969167053,2692.584692827766,262369,ABREL
2024-11-14,2597.120361328125,2679.5964299839197,2559.404192337859,2559.404192337859,219481,ABREL
2024-11-18,2544.567626953125,2656.8667972261615,2525.934194610269,2647.6250870167632,311356,ABREL
2024-11-19,2564.999267578125,2627.643027861016,2550.26248633822,2578.0873811736888,91580,ABREL
2024-11-21,2539.17236328125,2585.7306990219936,2513.7452197592283,2560.952875416471,93657,ABREL
2024-11-22,2552.2607421875,2591.925115523704,2520.9387394933283,2542.6692478339432,91915,ABREL
2024-11-25,2653.22021484375,2682.593769725644,2533.777303798415,2588.7280141652345,307123,ABREL
2024-11-26,2597.120361328125,2672.402931305242,2588.228434949483,2667.6071842121796,145739,ABREL
2024-11-27,2793.69384765625,2814.475254371363,2602.6152561054787,2602.6152561054787,584961,ABREL
2024-11-28,2730.6005859375,2840.4519958018946,2714.9147056560564,2810.4288789648235,168347,ABREL
2024-11-29,2750.3330078125,2797.4406547287213,2694.6329705901016,2732.0993633405938,314721,ABREL
2024-12-02,2838.05419921875,2846.8961210201373,2722.5577085813975,2747.5353022381073,233340,ABREL
2024-12-03,2851.142333984375,2916.4838658485814,2818.8712339460503,2843.948835739991,228370,ABREL
2024-12-04,2888.858642578125,2908.391170712345,2832.4592816796626,2856.5377809021784,194216,ABREL
2024-12-05,2850.69287109375,2977.3292756889073,2832.4592270396147,2907.3920108237317,133952,ABREL
2024-12-06,2845.547607421875,2888.4090625278054,2822.4682122590975,2867.427882896853,65524,ABREL
2024-12-09,2823.817138671875,2896.401932583726,2812.4772129089993,2845.5476464447956,73454,ABREL
2024-12-10,2799.138916015625,2851.392090783055,2787.5494589001933,2839.452849787348,118852,ABREL
2024-12-11,2772.613037109375,2843.998954427197,2758.5255760411233,2811.278305164123,103713,ABREL
2024-12-12,2768.31689453125,2788.049194842893,2708.670445664725,2786.3007631697096,77059,ABREL
2024-12-13,2749.0341796875,2793.4942999840996,2709.619582501061,2766.8182765905062,103739,ABREL
2024-12-16,2759.67431640625,2832.8089058028713,2748.7341791641384,2752.6308301293952,133861,ABREL
2024-12-17,2710.66845703125,2777.3586317369827,2687.5890630475074,2777.3586317369827,138422,ABREL
2024-12-18,2684.142333984375,2795.0928585728234,2677.648159353789,2747.835200553581,177570,ABREL
2024-12-19,2655.817626953125,2738.2936930169003,2626.144293384994,2647.6250247176085,218634,ABREL
2024-12-20,2626.044189453125,2704.174297558582,2604.2639229191873,2666.6078991254444,132788,ABREL
2024-12-23,2580.38525390625,2650.22275367169,2552.7101283054626,2626.5938031955366,302588,ABREL
2024-12-24,2542.219482421875,2602.715263043787,2518.6405364408265,2588.677806624122,209722,ABREL
2024-12-26,2502.85498046875,2551.6610538392874,2488.7675195816346,2537.7236048724817,108094,ABREL
2024-12-27,2501.306396484375,2534.7263702002847,2487.7684910519156,2507.750567285264,138451,ABREL
2024-12-30,2474.880126953125,2497.7595064636007,2447.904324283318,2468.93526419028,139684,ABREL
2024-12-31,2506.401611328125,2516.7424330660615,2422.5268974066953,2468.385907466709,134587,ABREL
2025-01-01,2526.43359375,2549.712759816385,2504.753091245955,2506.4015148581457,54148,ABREL
2025-01-02,2463.290283203125,2548.813661340573,2447.854179127829,2528.1820226540262,105157,ABREL
2025-01-03,2382.61279296875,2491.7648833898993,2366.9269120541494,2487.4686882548617,123498,ABREL
2025-01-06,2242.688232421875,2367.87598630498,2224.0050403016394,2367.87598630498,414077,ABREL
2025-01-07,2309.628173828125,2322.416751076148,2232.047862396612,2269.963802299423,288430,ABREL
2025-01-08,2225.603759765625,2287.897736387018,2203.0239159382963,2287.897736387018,303066,ABREL
2025-01-09,2165.157958984375,2237.9925289885296,2150.321169873019,2223.005971874767,197209,ABREL
2025-01-10,2070.492919921875,2186.9882801609897,2041.7685628449535,2168.0553113645465,585143,ABREL
2025-01-13,1893.50146484375,2061.3008985487486,1876.5167003166932,2061.3008985487486,559176,ABREL
2025-01-14,2008.0987548828125,2021.9863221148476,1877.5658188340296,1877.9154807723469,249424,ABREL
2025-01-15,1981.1728515625,2033.4760335928459,1940.9090411898019,2018.2397004879822,162457,ABREL
2025-01-16,2064.04833984375,2097.1187715420815,1988.1664588050442,1988.1664588050442,238420,ABREL
2025-01-17,2032.4769287109375,2089.87539378971,2020.8872269505193,2048.162809737734,92984,ABREL
2025-01-20,2034.17529296875,2042.06823721086,1993.212038051403,2036.1735005256937,137332,ABREL
2025-01-21,1975.427978515625,2046.7641359698832,1934.3149548404776,2034.77476844575,252447,ABREL
2025-01-22,1844.1458740234375,1969.583285059027,1796.6384387453463,1965.8366457456418,559257,ABREL
2025-01-23,1935.2640380859375,1963.2389441604892,1830.5080302668084,1830.5080302668084,290215,ABREL
2025-01-24,1877.0162353515625,1953.8473409435387,1844.8451422031135,1938.261346262681,112899,ABREL
2025-01-27,1858.7825927734375,1898.2971963556258,1808.3278515018799,1878.4150065910871,248349,ABREL
2025-01-28,1901.7440185546875,1924.7234052203726,1801.184321866841,1868.1242743277494,204411,ABREL
2025-01-29,1961.140869140625,1969.133699523216,1884.4596526576443,1903.2927348544413,148464,ABREL
2025-01-30,1988.9658203125,1996.3592125661976,1945.7545824732356,1961.1408048474907,72669,ABREL
2025-01-31,2151.420166015625,2170.652913278078,1973.7794697889703,1989.265577974322,369305,ABREL
2025-02-01,2164.758056640625,2185.0399116464896,2061.151046057022,2173.050666589444,113460,ABREL
2025-02-03,2091.27392578125,2148.073071782934,2036.622999204438,2148.073071782934,142926,ABREL
2025-02-04,2196.479736328125,2227.002406702787,2100.3159940019054,2108.2588205577313,292831,ABREL
2025-02-05,2276.807861328125,2286.798899631477,2175.0490386397505,2247.983618254221,186975,ABREL
2025-02-06,2281.953125,2290.69528342546,2237.992556917688,2285.94954028021,81008,ABREL
2025-02-07,2248.08349609375,2282.9521201856255,2221.657006173402,2273.960186233034,80549,ABREL
2025-02-10,2207.619873046875,2282.952202646433,2186.0891371872226,2248.383113300211,105890,ABREL
2025-02-11,2101.71484375,2203.173639140543,2095.7202209713882,2199.0274559540667,94633,ABREL
2025-02-12,2132.137451171875,2145.925131995295,2010.0969011586278,2111.106268009096,115772,ABREL
2025-02-13,2097.8681640625,2146.024917520218,2088.97623798072,2113.10449672208,73392,ABREL
2025-02-14,2066.845947265625,2116.3515885014212,1952.2987961046533,2098.267712459011,81166,ABREL
2025-02-17,2108.208984375,2127.5915001440476,1997.7080087053407,2072.840564199367,133292,ABREL
2025-02-18,2062.69970703125,2128.0909990389523,2009.6472000498627,2114.253314457696,137370,ABREL
2025-02-19,2040.4697265625,2078.9352226181522,2021.3368645218568,2032.1771162908128,94608,ABREL
2025-02-20,2028.430419921875,2056.705105270105,2010.1967762013608,2040.1698891665899,97953,ABREL
2025-02-21,2060.6015625,2097.1188548017562,2019.2387631707816,2032.0772224776001,170338,ABREL
2025-02-24,1987.7169189453125,2053.0582069000966,1975.7776778671994,2047.962924106857,191663,ABREL
2025-02-25,1889.5550537109375,2002.154002707523,1878.3151360087575,1988.2165535411848,141919,ABREL
2025-02-27,1845.3447265625,1915.2319888896923,1768.4137336305496,1889.5550699032638,186589,ABREL
2025-02-28,1861.43017578125,1922.0758466984028,1636.5319456197094,1806.3795834434889,1186573,ABREL
2025-03-03,1988.416259765625,2061.950394269976,1720.1568994773766,1880.3132814245193,1303381,ABREL
2025-03-04,1999.3065185546875,2012.1949815076682,1874.3186620200522,1938.261302941845,571844,ABREL
2025-03-05,1991.963134765625,2042.1680990399686,1965.3869989648208,1973.08004918369,235702,ABREL
2025-03-06,1957.69384765625,2008.1985923833906,1938.8108838339106,1999.5563203175188,185508,ABREL
2025-03-07,1970.7822265625,1998.2075767692938,1945.4049659453476,1960.2416328106774,140812,ABREL
2025-03-10,1907.5888671875,2013.1940863574712,1891.5031990032119,1968.2844209077066,131062,ABREL
2025-03-11,1892.7520751953125,1925.1730654840226,1856.684453740063,1898.2971498648074,116275,ABREL
2025-03-12,1804.281494140625,1935.1640859436295,1788.8952719334338,1886.457777925336,226250,ABREL
2025-03-13,1773.708984375,1840.598933471441,1744.4351949198729,1822.3152855650642,232115,ABREL
2025-03-17,1758.2728271484375,1807.1290281695017,1743.3861558897856,1778.3547894687395,180214,ABREL
2025-03-18,1758.2728271484375,1758.2728271484375,1758.2728271484375,1758.2728271484375,0,ABREL
2025-03-19,1920.1776123046875,1948.102514653136,1874.2687196450347,1882.9609958575566,291515,ABREL
2025-03-20,1935.3140869140625,1968.234508719704,1894.5506026191567,1921.3266335526027,252783,ABREL
2025-03-21,2036.5731201171875,2053.15821807049,1938.0115102200648,1938.0115102200648,314341,ABREL
2025-03-24,2049.661376953125,2088.1268719629693,2040.2198951441633,2058.1537589682853,161415,ABREL
2025-03-25,1967.635009765625,2080.4338509795098,1953.2978949072185,2069.14392947517,123500,ABREL
2025-03-26,1947.053466796875,2033.475942504019,1931.817134374517,1949.7509981790927,343686,ABREL
2025-03-27,1877.6656494140625,1985.9185187122025,1859.0823436480534,1958.243393013669,440340,ABREL
2025-03-28,1958.1435546875,2023.185187432021,1868.3240990112984,1901.8939621735435,431426,ABREL
2025-04-01,1968.3843994140625,2034.9246888946595,1920.5273024316973,1998.2076238072023,786441,ABREL
2025-04-02,1954.646728515625,1976.2273465324924,1936.0134179693312,1958.2434778582838,139778,ABREL
2025-04-03,1953.1480712890625,1976.8767868825971,1940.259607690286,1954.5967230356703,99822,ABREL
2025-04-04,1896.798583984375,1954.9963809383332,1856.5846556170475,1951.299745624336,176164,ABREL
2025-04-07,1801.184326171875,1828.359899944057,1708.4674474887088,1748.481602280045,280274,ABREL
2025-04-08,1806.1298828125,1868.2740899877188,1781.2521739606127,1868.2740899877188,129369,ABREL
2025-04-09,1712.364013671875,1788.3957878584806,1687.686076830465,1786.3475763003112,239378,ABREL
2025-04-11,1784.799072265625,1799.8355114438095,1723.4540738813746,1771.4110568067695,149271,ABREL
2025-04-15,1855.5355224609375,1878.3151378102352,1789.4947858907494,1803.3823530571672,210694,ABREL
2025-04-16,1893.1019287109375,1977.6260857847608,1867.1252299152382,1867.32500189084,635244,ABREL
2025-04-17,1888.1063232421875,1904.0919833074458,1868.4239061102937,1900.3952262408102,109930,ABREL
2025-04-21,1914.6824951171875,1923.2747631734687,1880.0135210148653,1897.2980650734635,134327,ABREL
2025-04-22,1923.3746337890625,1955.8455061545972,1907.1892015789135,1923.274747804735,121720,ABREL
2025-04-23,2012.994384765625,2021.4867670645333,1937.3621539387984,1938.36125773867,372968,ABREL
2025-04-24,1978.824951171875,2024.9836196584595,1952.2488146279754,2017.5902271863145,130364,ABREL
2025-04-25,1916.8804931640625,1988.116641657465,1869.323177498037,1978.2254898162016,159750,ABREL
2025-04-28,1895.7994384765625,1931.5674028854123,1885.4087346850881,1899.2963017359396,80704,ABREL
2025-04-29,1939.0606689453125,1951.249686301696,1892.3025631620135,1910.4862032105682,108442,ABREL
2025-04-30,1915.9813232421875,1957.1444732959815,1891.6032879030354,1938.2613869382662,143136,ABREL
2025-05-02,1893.50146484375,1919.5781714804907,1883.310654911881,1908.188363817223,70141,ABREL
2025-05-05,1888.9056396484375,1916.8805463410945,1880.313371270733,1898.2972398588695,73086,ABREL
2025-05-06,1873.2197265625,1917.5799593798583,1859.4320454297697,1898.297207383649,70160,ABREL
2025-05-07,1892.4024658203125,1901.094741977087,1840.548954684015,1840.548954684015,60806,ABREL
2025-05-08,1884.010009765625,1911.085820643316,1874.3187515722452,1890.5041845445267,48851,ABREL
2025-05-09,1831.5570068359375,1863.828107822209,1808.2779618606442,1833.3554424303154,75987,ABREL
2025-05-12,1913.9830322265625,1937.262198715971,1889.30521803605,1889.6049979496631,88129,ABREL
2025-05-13,1931.667236328125,1943.2568155660545,1907.8885180268094,1919.5781052095872,46488,ABREL
2025-05-14,2025.3831787109375,2046.4643665027102,1932.7663050462033,1948.1525279898005,512252,ABREL
2025-05-15,2049.5615234375,2058.1539140454533,1980.024042403435,2010.196929640511,147496,ABREL
2025-05-16,2143.37744140625,2158.064218553708,2030.1789315283033,2049.461683746968,285218,ABREL
2025-05-19,2171.352294921875,2180.544000918013,2112.105391954492,2148.5726799423533,169468,ABREL
2025-05-20,2144.67626953125,2186.938164244727,2120.9973148319223,2174.4493670074535,95776,ABREL
2025-05-21,2087.727294921875,2145.9748484471766,2075.13849009499,2134.6851712023104,112343,ABREL
2025-05-22,2112.205322265625,2119.0990405288894,2059.2528238459968,2095.8198745147656,64580,ABREL
2025-05-23,2167.85546875,2199.027458449794,2085.7291853741776,2104.811921554654,80518,ABREL
2025-05-26,2192.932861328125,2206.3209987738546,2156.0660282014746,2167.8555019778596,98002,ABREL
2025-05-27,2223.50537109375,2237.9923753089192,2172.0515285364245,2172.0515285364245,80239,ABREL
2025-05-28,2220.108642578125,2260.9718902642817,2208.4189330278978,2230.49922448741,171538,ABREL
2025-05-29,2259.373291015625,2286.94865413885,2242.6883059318748,2243.687409756313,113370,ABREL
2025-05-30,2176.247802734375,2306.4310739284774,2129.589705037275,2279.5552798408594,173528,ABREL
2025-06-02,2177.047119140625,2211.0166473878858,2128.990130139743,2138.0820720334727,77872,ABREL
2025-06-03,2134.885009765625,2187.0381783919784,2120.6977848482234,2146.2746953095816,68534,ABREL
2025-06-04,2135.584228515625,2152.8687718746396,2107.2097800774045,2143.87683828089,68475,ABREL
2025-06-05,2158.364013671875,2190.834887559226,2136.083949881727,2136.083949881727,90142,ABREL
2025-06-06,2353.688720703125,2455.697069724388,2158.0641528756787,2167.5556387332335,2425159,ABREL
2025-06-09,2458.19482421875,2491.764808542501,2278.056609179697,2320.9180634499717,972179,ABREL
2025-06-10,2443.308349609375,2481.773846015002,2422.826721653132,2481.773846015002,214046,ABREL
2025-06-11,2463.390380859375,2487.768415555528,2409.4387766666046,2413.035403926363,307668,ABREL
2025-06-12,2451.70068359375,2522.7370603672766,2431.5188358951764,2453.798899113676,408565,ABREL
2025-06-13,2452.30029296875,2472.9816929782137,2386.959001594659,2397.8491355163987,211671,ABREL
2025-06-16,2499.857666015625,2517.641518165788,2401.6457156372676,2443.4083024341335,199567,ABREL
2025-06-17,2468.185791015625,2535.6252937194154,2447.8041722116486,2496.760255655882,171867,ABREL
2025-06-18,2443.108642578125,2487.7685349635867,2420.329026485658,2471.782873694744,118593,ABREL
2025-06-19,2452.60009765625,2465.7882192503703,2387.8581215593135,2443.108611399006,108186,ABREL
2025-06-20,2422.7265625,2464.9886995028073,2375.369142774297,2452.599910690711,244371,ABREL
2025-06-23,2395.850830078125,2432.617897439167,2358.9839986936063,2390.2557514216423,161088,ABREL
2025-06-24,2414.134521484375,2438.4127922141147,2402.8445999435194,2408.839222646081,81000,ABREL
2025-06-25,2356.38623046875,2444.1075898467775,2348.8929522289723,2414.134476887667,99738,ABREL
2025-06-26,2332.40771484375,2375.968736107994,2319.419366035453,2356.3862049513746,74240,ABREL
2025-06-27,2395.451416015625,2413.6350567523355,2341.8993537035017,2341.8993537035017,347815,ABREL
2025-06-30,2433.616943359375,2439.8113377749323,2387.8579431949584,2395.451229202295,72279,ABREL
2025-07-01,2408.7392578125,2458.294903942726,2397.8491239433215,2433.617088826508,62710,ABREL
2025-07-02,2400.047119140625,2433.117552758943,2397.8491395470724,2408.839281436663,53243,ABREL
2025-07-03,2363.579833984375,2415.533232092324,2357.3854391481777,2397.8491434437915,87641,ABREL
2025-07-04,2299.63720703125,2370.5735780452433,2292.943260241056,2363.579851325554,87529,ABREL
2025-07-07,2273.760498046875,2367.276468246626,2261.571480357472,2299.637189139669,118147,ABREL
2025-07-08,2238.69189453125,2291.94417725087,2213.714298876816,2273.7605363988087,101755,ABREL
2025-07-09,2213.814208984375,2277.956623005697,2205.3218268372048,2238.6917955879453,91183,ABREL
2025-07-10,2191.93359375,2242.188560567696,2178.0461493572266,2213.8141119704824,279876,ABREL
2025-07-11,2198.927490234375,2224.4046375327434,2178.845649893465,2188.1373641631185,102924,ABREL
2025-07-14,2229.60009765625,2240.989783203222,2188.2370547250857,2199.027424355904,85595,ABREL
2025-07-15,2234.800048828125,2253.5,2218.5,2252.0,61025,ABREL
2025-07-16,2179.5,2237.0,2165.0,2235.0,203170,ABREL
2025-07-17,2167.60009765625,2202.800048828125,2151.0,2179.5,165998,ABREL
2025-07-18,2122.800048828125,2180.699951171875,2101.10009765625,2165.0,202562,ABREL
2025-07-21,2149.800048828125,2165.5,2122.800048828125,2122.800048828125,123469,ABREL
2025-07-22,2136.800048828125,2182.0,2126.5,2155.0,112012,ABREL
2025-07-23,2018.300048828125,2153.800048828125,1992.199951171875,2137.5,660397,ABREL
2025-07-24,2032.0999755859375,2085.0,2014.699951171875,2017.0,234408,ABREL
2025-07-25,2011.4000244140625,2050.5,1980.5,2042.5999755859375,371389,ABREL
2025-07-28,1964.9000244140625,2017.5999755859375,1925.9000244140625,2011.4000244140625,104943,ABREL
2025-07-29,1943.4000244140625,1978.9000244140625,1935.0,1958.9000244140625,77901,ABREL
2025-07-30,1906.699951171875,1961.300048828125,1895.0,1952.0,92880,ABREL
2025-07-31,1884.699951171875,1922.699951171875,1875.0,1890.0,91635,ABREL
2025-08-01,1896.9000244140625,1915.5999755859375,1868.4000244140625,1884.699951171875,61998,ABREL
2025-08-04,1935.199951171875,1944.5,1882.5,1910.5,97250,ABREL
2025-08-05,1910.0,1947.5999755859375,1902.699951171875,1937.5999755859375,39771,ABREL
2025-08-06,1896.199951171875,1912.800048828125,1873.0,1904.800048828125,34284,ABREL
2025-08-07,1873.9000244140625,1899.5,1847.699951171875,1872.0,45345,ABREL
2025-08-08,1865.9000244140625,1892.9000244140625,1848.300048828125,1873.9000244140625,52421,ABREL
2025-08-11,1854.199951171875,1877.300048828125,1823.0999755859375,1865.0999755859375,99416,ABREL
2025-08-12,1818.9000244140625,1874.9000244140625,1813.0,1854.199951171875,81365,ABREL
2025-08-13,1766.0999755859375,1835.5,1760.0,1826.0,157559,ABREL
2025-08-14,1775.0999755859375,1808.300048828125,1755.0,1766.0,88144,ABREL
2025-08-18,1838.5999755859375,1875.0,1775.0999755859375,1775.0999755859375,210695,ABREL
2025-08-19,1854.5999755859375,1894.9000244140625,1833.0,1851.199951171875,93891,ABREL
2025-08-20,1804.5,1868.5,1792.699951171875,1868.5,262220,ABREL
2025-08-21,1808.199951171875,1889.0999755859375,1802.0,1805.0,209704,ABREL
2025-08-22,1796.300048828125,1816.800048828125,1787.0,1808.199951171875,161822,ABREL
2025-08-25,1845.4000244140625,1850.0,1803.0999755859375,1804.9000244140625,102845,ABREL
2025-08-26,1788.300048828125,1845.199951171875,1779.699951171875,1845.199951171875,104013,ABREL
2025-08-28,1747.199951171875,1819.0,1738.5999755859375,1788.0,61407,ABREL
2025-08-29,1750.199951171875,1781.5,1735.0,1754.4000244140625,58801,ABREL
2025-09-01,1777.199951171875,1789.0,1745.199951171875,1767.5999755859375,45334,ABREL
2025-09-02,1821.300048828125,1859.0,1775.0,1788.699951171875,142965,ABREL
2025-09-03,1818.9000244140625,1839.0,1807.300048828125,1825.0,43614,ABREL
2025-09-04,1817.300048828125,1841.0,1801.199951171875,1838.0,71213,ABREL
2025-09-05,1802.4000244140625,1841.800048828125,1785.800048828125,1817.300048828125,41084,ABREL
2025-09-08,1775.699951171875,1822.4000244140625,1771.0,1806.0,63794,ABREL
2025-09-09,1780.5,1810.0,1774.9000244140625,1776.300048828125,92457,ABREL
2025-09-10,1793.5999755859375,1813.0999755859375,1785.0,1785.0,50447,ABREL
2025-09-11,1787.699951171875,1820.0,1780.800048828125,1795.800048828125,55675,ABREL
2025-09-12,1797.0999755859375,1829.9000244140625,1781.699951171875,1802.0,36664,ABREL
2025-09-15,1866.199951171875,1875.5999755859375,1789.4000244140625,1797.0999755859375,213203,ABREL
2025-09-16,1922.199951171875,1934.9000244140625,1870.300048828125,1875.5,202446,ABREL
2025-09-17,1931.0999755859375,1948.800048828125,1910.0,1947.5,115873,ABREL
2025-09-18,1903.5,1965.300048828125,1886.0,1939.0999755859375,106914,ABREL
2025-09-19,1886.699951171875,1932.9000244140625,1870.0999755859375,1903.5,120142,ABREL
2025-09-22,1893.699951171875,1918.0,1875.0,1883.0999755859375,67386,ABREL
2025-09-23,1846.9000244140625,1907.4000244140625,1820.0999755859375,1895.0,76095,ABREL
2025-09-24,1845.0999755859375,1863.300048828125,1823.0,1847.0999755859375,65932,ABREL
2025-09-25,1781.300048828125,1845.0999755859375,1768.0,1845.0999755859375,97309,ABREL
2025-09-26,1743.300048828125,1798.0,1730.0999755859375,1785.4000244140625,71299,ABREL
2025-09-29,1669.199951171875,1760.0,1655.300048828125,1756.800048828125,119680,ABREL
2025-09-30,1689.4000244140625,1725.9000244140625,1673.199951171875,1684.5999755859375,152008,ABREL
2025-10-01,1648.199951171875,1696.0,1637.0,1696.0,353448,ABREL
2025-10-03,1619.199951171875,1664.0,1611.300048828125,1659.5,393466,ABREL
2025-10-06,1568.699951171875,1635.0999755859375,1562.5999755859375,1635.0999755859375,366064,ABREL
2025-10-07,1614.5999755859375,1640.0,1574.5999755859375,1574.5999755859375,805455,ABREL
2025-10-08,1609.800048828125,1629.0,1595.0,1622.9000244140625,150746,ABREL
2025-10-09,1610.0999755859375,1638.9000244140625,1581.5999755859375,1609.800048828125,252000,ABREL
2025-10-10,1627.699951171875,1645.5999755859375,1602.300048828125,1610.0999755859375,188908,ABREL
2025-10-13,1616.300048828125,1631.699951171875,1600.0,1627.699951171875,100249,ABREL
2025-10-14,1615.199951171875,1622.300048828125,1588.0,1615.0,154288,ABREL
2025-10-15,1644.199951171875,1724.9000244140625,1610.0999755859375,1615.0,990286,ABREL
2025-10-16,1632.0999755859375,1655.300048828125,1621.800048828125,1644.199951171875,133394,ABREL
2025-10-17,1632.5999755859375,1641.0,1623.699951171875,1632.0999755859375,73899,ABREL
2025-10-20,1632.0,1648.300048828125,1622.0,1627.0,183075,ABREL
2025-10-21,1643.199951171875,1655.0,1632.0,1643.0,17302,ABREL
2025-10-23,1685.199951171875,1699.0,1632.0,1646.300048828125,217291,ABREL
2025-10-24,1682.4000244140625,1695.300048828125,1654.5999755859375,1685.199951171875,246471,ABREL
2025-10-27,1755.199951171875,1763.9000244140625,1686.4000244140625,1694.800048828125,290897,ABREL
2025-10-28,1694.5999755859375,1764.800048828125,1640.5999755859375,1755.199951171875,471520,ABREL
2025-10-29,1817.800048828125,1840.0,1678.0,1695.0,911743,ABREL
2025-10-30,1890.4000244140625,1898.699951171875,1793.199951171875,1808.9000244140625,632290,ABREL
2025-10-31,1876.699951171875,1898.9000244140625,1840.199951171875,1880.0,244144,ABREL
2025-11-03,1875.0,1914.0,1862.0999755859375,1876.699951171875,111786,ABREL
2025-11-04,1858.0999755859375,1887.300048828125,1838.0,1875.0,83794,ABREL
2025-11-06,1810.0,1858.0999755859375,1795.0,1858.0999755859375,91012,ABREL
2025-11-07,1769.300048828125,1810.4000244140625,1761.5999755859375,1810.0,50385,ABREL
2025-11-10,1735.699951171875,1790.0,1722.300048828125,1769.300048828125,132044,ABREL
2025-11-11,1753.199951171875,1759.0,1722.199951171875,1735.699951171875,62717,ABREL
2025-11-12,1776.4000244140625,1798.199951171875,1753.0999755859375,1753.199951171875,94675,ABREL
2025-11-13,1745.800048828125,1817.5999755859375,1737.0,1776.4000244140625,93294,ABREL
2025-11-14,1744.5999755859375,1763.0,1735.0,1745.800048828125,56057,ABREL
2025-11-17,1752.9000244140625,1763.9000244140625,1724.0,1744.5999755859375,98124,ABREL
2025-11-18,1748.699951171875,1758.9000244140625,1721.0999755859375,1752.9000244140625,148264,ABREL
2025-11-19,1805.300048828125,1833.0999755859375,1731.300048828125,1750.0,470265,ABREL
2025-11-20,1776.0999755859375,1817.800048828125,1769.5,1805.9000244140625,103303,ABREL
2025-11-21,1741.5,1779.9000244140625,1731.699951171875,1773.5999755859375,70848,ABREL
2025-11-24,1716.199951171875,1747.9000244140625,1703.5,1736.0,206792,ABREL
2025-11-25,1733.699951171875,1766.699951171875,1707.0,1715.800048828125,135667,ABREL
2025-11-26,1773.300048828125,1779.5,1731.5999755859375,1735.0,90746,ABREL
2025-11-27,1745.800048828125,1787.0,1740.0,1766.0,121462,ABREL
2025-11-28,1773.5999755859375,1793.699951171875,1736.0,1745.800048828125,275976,ABREL
2025-12-01,1769.800048828125,1778.5,1745.5,1774.9000244140625,102393,ABREL
2025-12-02,1747.699951171875,1789.300048828125,1740.199951171875,1769.800048828125,74276,ABREL
2025-12-03,1767.9000244140625,1785.0,1723.0,1747.699951171875,64329,ABREL
2025-12-04,1777.0,1808.300048828125,1750.0999755859375,1767.9000244140625,261079,ABREL
2025-12-05,1750.300048828125,1839.0,1693.0,1778.199951171875,955662,ABREL
2025-12-08,1657.5,1755.0,1644.0,1755.0,448565,ABREL
2025-12-09,1632.0999755859375,1662.5999755859375,1610.0,1659.9000244140625,713344,ABREL
2025-12-10,1653.699951171875,1669.9000244140625,1625.0,1635.800048828125,154444,ABREL
2025-12-11,1656.300048828125,1669.0,1638.0,1653.300048828125,70181,ABREL
2025-12-12,1674.0,1679.0,1650.0,1656.300048828125,102077,ABREL
2025-12-15,1721.5,1734.0,1664.4000244140625,1674.0,142641,ABREL
2025-12-16,1700.4000244140625,1723.0,1680.0,1701.0999755859375,153360,ABREL
2025-12-17,1746.300048828125,1762.300048828125,1705.199951171875,1711.199951171875,376292,ABREL
2025-12-18,1718.0999755859375,1746.5999755859375,1701.300048828125,1746.300048828125,96178,ABREL
2025-12-19,1738.699951171875,1769.0,1718.9000244140625,1750.0,133661,ABREL
2025-12-22,1744.0,1756.0,1742.0,1749.0,43567,ABREL
2025-12-23,1722.199951171875,1750.5,1717.0,1744.0,68321,ABREL
2025-12-24,1697.800048828125,1743.0,1691.199951171875,1716.800048828125,79125,ABREL
2025-12-26,1681.5999755859375,1715.0,1675.0,1704.5,39912,ABREL
2025-12-29,1650.5999755859375,1686.9000244140625,1645.0999755859375,1675.0,60294,ABREL
2025-12-30,1634.800048828125,1650.0,1612.4000244140625,1645.0999755859375,144074,ABREL
2025-12-31,1674.800048828125,1683.9000244140625,1630.5,1634.800048828125,94768,ABREL
2026-01-01,1680.5999755859375,1687.0999755859375,1655.0,1673.5,52535,ABREL
2026-01-02,1664.199951171875,1689.9000244140625,1660.0999755859375,1677.5,52111,ABREL
2026-01-05,1702.800048828125,1708.5999755859375,1665.4000244140625,1665.4000244140625,90289,ABREL
2026-01-06,1668.0,1702.0,1661.699951171875,1702.0,55925,ABREL
2026-01-07,1668.5999755859375,1681.0999755859375,1650.0,1668.0,57391,ABREL
2026-01-08,1633.800048828125,1689.699951171875,1622.0,1662.5,64095,ABREL
2026-01-09,1621.0,1633.800048828125,1601.9000244140625,1633.800048828125,114315,ABREL
2026-01-12,1569.300048828125,1617.0999755859375,1526.9000244140625,1617.0999755859375,583224,ABREL
2026-01-13,1551.9000244140625,1584.800048828125,1542.0,1569.300048828125,79001,ABREL
2026-01-14,1532.699951171875,1565.9000244140625,1530.0999755859375,1551.9000244140625,87255,ABREL
2026-01-15,1532.699951171875,1532.699951171875,1532.699951171875,1532.699951171875,0,ABREL
2026-01-16,1529.699951171875,1562.9000244140625,1522.0,1535.199951171875,105112,ABREL
2026-01-19,1481.0999755859375,1526.5,1471.4000244140625,1525.0,116147,ABREL
2026-01-20,1373.0999755859375,1478.0999755859375,1359.199951171875,1475.0,446014,ABREL
2026-01-21,1347.0,1390.9000244140625,1321.0,1385.5999755859375,399544,ABREL
2026-01-22,1346.0,1381.0,1333.5,1347.0,164494,ABREL
2026-01-23,1288.5999755859375,1362.699951171875,1280.0,1362.699951171875,240373,ABREL
2026-01-27,1268.9000244140625,1297.4000244140625,1256.0999755859375,1297.300048828125,204131,ABREL
2026-01-28,1305.800048828125,1323.699951171875,1268.9000244140625,1268.9000244140625,225276,ABREL
2026-01-29,1283.699951171875,1329.0,1268.0999755859375,1295.5,305662,ABREL
2026-01-30,1266.4000244140625,1304.9000244140625,1231.0999755859375,1280.0999755859375,274082,ABREL
2026-02-02,1195.4000244140625,1246.300048828125,1186.0,1237.199951171875,342845,ABREL
2026-02-03,1247.9000244140625,1339.0,1211.0,1269.699951171875,841825,ABREL
2026-02-04,1218.800048828125,1274.0,1199.0,1247.9000244140625,430635,ABREL
2026-02-05,1303.5,1314.4000244140625,1201.0999755859375,1219.9000244140625,758147,ABREL
2026-02-06,1351.9000244140625,1382.699951171875,1278.300048828125,1302.9000244140625,641122,ABREL
2026-02-09,1426.5999755859375,1457.4000244140625,1349.0999755859375,1352.0,418895,ABREL
2026-02-10,1462.300048828125,1475.0,1412.5,1429.9000244140625,236166,ABREL
2026-02-11,1442.4000244140625,1466.199951171875,1432.199951171875,1456.0999755859375,97003,ABREL
2026-02-12,1415.199951171875,1460.0,1410.9000244140625,1446.300048828125,62366,ABREL
2026-02-13,1386.800048828125,1413.0999755859375,1374.0999755859375,1409.5999755859375,77682,ABREL
2026-02-16,1386.0,1409.0,1369.5999755859375,1386.0999755859375,73007,ABREL
2026-02-17,1387.0999755859375,1404.0,1376.699951171875,1386.0,60113,ABREL
2026-02-18,1370.4000244140625,1400.4000244140625,1367.699951171875,1389.800048828125,67757,ABREL
2026-02-19,1344.9000244140625,1372.4000244140625,1298.699951171875,1370.0999755859375,389169,ABREL
2026-02-20,1300.9000244140625,1343.699951171875,1296.0,1335.0,110067,ABREL
2026-02-23,1304.5999755859375,1317.5,1292.0999755859375,1301.0,70262,ABREL
2026-02-24,1267.800048828125,1297.4000244140625,1254.0999755859375,1294.699951171875,106499,ABREL
2026-02-25,1262.4000244140625,1287.800048828125,1254.0,1267.800048828125,64750,ABREL
2026-02-26,1291.300048828125,1310.9000244140625,1262.4000244140625,1262.4000244140625,196518,ABREL
2026-02-27,1290.199951171875,1329.0,1274.5999755859375,1291.300048828125,348193,ABREL
2026-03-02,1255.9000244140625,1284.0,1205.0999755859375,1205.0999755859375,189848,ABREL
2026-03-04,1226.9000244140625,1255.5,1208.4000244140625,1255.5,104637,ABREL
2026-03-05,1233.4000244140625,1237.9000244140625,1205.300048828125,1226.9000244140625,148560,ABREL
2026-03-06,1232.9000244140625,1258.0,1219.699951171875,1231.0,132377,ABREL
