Date,Close,High,Low,Open,Volume,symbol
,FMGOETZE.NS,FMGOETZE.NS,FMGOETZE.NS,FMGOETZE.NS,FMGOETZE.NS,
2016-03-08,320.45001220703125,329.8500061035156,315.29998779296875,325.0,218506,FMGOETZE
2016-03-09,316.1000061035156,316.95001220703125,312.0,316.0,423,FMGOETZE
2016-03-10,320.1000061035156,323.3999938964844,304.1000061035156,313.0,1929,FMGOETZE
2016-03-11,315.1000061035156,318.5,310.1499938964844,310.1499938964844,637,FMGOETZE
2016-03-14,320.0,320.5,311.5,319.0,763,FMGOETZE
2016-03-15,319.45001220703125,320.0,310.0,315.0,1334,FMGOETZE
2016-03-16,317.8999938964844,320.0,305.20001220703125,319.25,2119,FMGOETZE
2016-03-17,310.25,320.0,303.0,320.0,1174,FMGOETZE
2016-03-18,312.75,315.3999938964844,307.1499938964844,307.1499938964844,1112,FMGOETZE
2016-03-21,315.0,319.0,306.1000061035156,306.1000061035156,2077,FMGOETZE
2016-03-22,312.1499938964844,317.20001220703125,302.54998779296875,312.0,3881,FMGOETZE
2016-03-23,315.3500061035156,318.79998779296875,303.25,315.5,1489,FMGOETZE
2016-03-28,315.0,323.95001220703125,302.5,323.95001220703125,1861,FMGOETZE
2016-03-29,310.20001220703125,315.0,308.29998779296875,308.29998779296875,3571,FMGOETZE
2016-03-30,317.75,319.0,311.0,318.8999938964844,1974,FMGOETZE
2016-03-31,324.1000061035156,331.79998779296875,312.5,313.0,4696,FMGOETZE
2016-04-01,320.1000061035156,333.0,319.20001220703125,333.0,436,FMGOETZE
2016-04-04,321.45001220703125,330.0,320.0,330.0,959,FMGOETZE
2016-04-05,321.5,324.0,311.04998779296875,320.0,329,FMGOETZE
2016-04-06,323.6499938964844,331.0,319.95001220703125,326.5,1251,FMGOETZE
2016-04-07,330.79998779296875,338.8500061035156,320.75,330.20001220703125,12444,FMGOETZE
2016-04-08,335.0,335.45001220703125,333.0,335.20001220703125,32622,FMGOETZE
2016-04-11,326.3500061035156,339.95001220703125,323.3999938964844,339.8999938964844,951,FMGOETZE
2016-04-12,319.04998779296875,328.8500061035156,315.0,325.0,2993,FMGOETZE
2016-04-13,328.25,338.95001220703125,321.70001220703125,329.0,2714,FMGOETZE
2016-04-18,323.04998779296875,338.0,319.0,338.0,1352,FMGOETZE
2016-04-20,326.54998779296875,330.04998779296875,326.0,327.0,376,FMGOETZE
2016-04-21,318.25,329.95001220703125,316.0,329.29998779296875,604,FMGOETZE
2016-04-22,320.54998779296875,328.79998779296875,316.0,325.29998779296875,1542,FMGOETZE
2016-04-25,324.5,331.1000061035156,311.0,326.0,4552,FMGOETZE
2016-04-26,323.0,328.54998779296875,320.70001220703125,325.25,528,FMGOETZE
2016-04-27,320.0,329.95001220703125,316.0,329.95001220703125,1205,FMGOETZE
2016-04-28,323.54998779296875,328.0,311.0,320.0,418,FMGOETZE
2016-04-29,317.1000061035156,320.0,315.5,317.54998779296875,274,FMGOETZE
2016-05-02,318.6000061035156,324.3999938964844,312.1000061035156,324.3999938964844,1121,FMGOETZE
2016-05-03,333.75,343.6499938964844,315.0,315.0,37937,FMGOETZE
2016-05-04,329.45001220703125,338.0,329.0,335.0,37252,FMGOETZE
2016-05-05,330.54998779296875,340.04998779296875,321.0,327.0,1905,FMGOETZE
2016-05-06,330.5,335.1000061035156,321.8999938964844,327.0,325,FMGOETZE
2016-05-09,326.45001220703125,334.3999938964844,320.0,334.3999938964844,1694,FMGOETZE
2016-05-10,324.95001220703125,330.0,320.0,329.75,230,FMGOETZE
2016-05-11,326.54998779296875,329.0,325.0,329.0,1502,FMGOETZE
2016-05-12,327.8500061035156,332.0,323.29998779296875,329.5,5208,FMGOETZE
2016-05-13,331.54998779296875,338.0,324.0,324.0,7972,FMGOETZE
2016-05-16,333.79998779296875,355.0,327.04998779296875,350.0,13214,FMGOETZE
2016-05-17,331.3500061035156,340.0,328.79998779296875,340.0,8679,FMGOETZE
2016-05-18,325.95001220703125,338.5,325.1499938964844,331.5,2132,FMGOETZE
2016-05-19,322.6000061035156,330.0,322.29998779296875,330.0,1296,FMGOETZE
2016-05-20,317.8500061035156,328.20001220703125,315.54998779296875,328.20001220703125,1403,FMGOETZE
2016-05-23,310.6499938964844,320.6000061035156,309.0,320.6000061035156,3070,FMGOETZE
2016-05-24,312.8500061035156,318.0,305.20001220703125,315.3999938964844,812,FMGOETZE
2016-05-25,315.04998779296875,319.0,309.04998779296875,318.29998779296875,1095,FMGOETZE
2016-05-26,351.79998779296875,377.0,311.1000061035156,313.25,28395,FMGOETZE
2016-05-27,341.20001220703125,351.0,338.0,351.0,3992,FMGOETZE
2016-05-30,342.20001220703125,347.0,340.54998779296875,346.6499938964844,1535,FMGOETZE
2016-05-31,331.3500061035156,342.3500061035156,324.0,341.1499938964844,9159,FMGOETZE
2016-06-01,330.0,335.70001220703125,329.95001220703125,335.0,1504,FMGOETZE
2016-06-02,329.8500061035156,335.04998779296875,323.0,327.0,1761,FMGOETZE
2016-06-03,328.0,334.95001220703125,318.5,327.0,2350,FMGOETZE
2016-06-06,329.8500061035156,333.95001220703125,319.1000061035156,325.1000061035156,2469,FMGOETZE
2016-06-07,335.75,345.0,325.95001220703125,329.8500061035156,4529,FMGOETZE
2016-06-08,336.25,347.0,331.0,347.0,5878,FMGOETZE
2016-06-09,339.95001220703125,344.8999938964844,337.5,340.0,5648,FMGOETZE
2016-06-10,338.04998779296875,344.95001220703125,333.0,333.0,4377,FMGOETZE
2016-06-13,337.54998779296875,343.04998779296875,329.04998779296875,343.04998779296875,4849,FMGOETZE
2016-06-14,335.0,338.0,335.0,335.20001220703125,636,FMGOETZE
2016-06-15,335.95001220703125,338.70001220703125,331.0,335.0,2979,FMGOETZE
2016-06-16,337.0,337.3999938964844,334.0,337.3999938964844,257,FMGOETZE
2016-06-17,331.8999938964844,337.0,331.0,336.3999938964844,1560,FMGOETZE
2016-06-20,331.25,334.0,331.0,331.0,1258,FMGOETZE
2016-06-21,337.04998779296875,341.3500061035156,324.6000061035156,336.5,3341,FMGOETZE
2016-06-22,331.1499938964844,337.0,331.0,337.0,1376,FMGOETZE
2016-06-23,323.29998779296875,339.95001220703125,320.0,330.0,3594,FMGOETZE
2016-06-24,325.0,330.0,310.5,330.0,2557,FMGOETZE
2016-06-27,331.0,335.95001220703125,324.5,324.5,5215,FMGOETZE
2016-06-28,335.1499938964844,339.79998779296875,325.0,328.0,5218,FMGOETZE
2016-06-29,331.04998779296875,337.95001220703125,327.0,337.95001220703125,2234,FMGOETZE
2016-06-30,344.20001220703125,368.0,330.20001220703125,330.20001220703125,166672,FMGOETZE
2016-07-01,347.45001220703125,354.0,345.1000061035156,348.5,6516,FMGOETZE
2016-07-04,350.0,352.6000061035156,346.0,352.6000061035156,10648,FMGOETZE
2016-07-05,345.3999938964844,354.0,345.1000061035156,350.1000061035156,3899,FMGOETZE
2016-07-07,357.29998779296875,363.0,341.04998779296875,350.0,31998,FMGOETZE
2016-07-08,367.70001220703125,376.0,352.79998779296875,358.0,28893,FMGOETZE
2016-07-11,382.79998779296875,393.8999938964844,368.0,369.0,41355,FMGOETZE
2016-07-12,350.70001220703125,375.0,345.1000061035156,375.0,42259,FMGOETZE
2016-07-13,347.75,352.8999938964844,345.1000061035156,352.8999938964844,10756,FMGOETZE
2016-07-14,348.3500061035156,352.8999938964844,344.04998779296875,347.0,5264,FMGOETZE
2016-07-15,343.04998779296875,354.79998779296875,342.1499938964844,353.5,6046,FMGOETZE
2016-07-18,346.1000061035156,352.20001220703125,337.1499938964844,351.45001220703125,16979,FMGOETZE
2016-07-19,350.25,352.0,342.0,342.0,11643,FMGOETZE
2016-07-20,351.04998779296875,354.5,342.6000061035156,354.5,9648,FMGOETZE
2016-07-21,346.3500061035156,353.6499938964844,344.0,353.0,5069,FMGOETZE
2016-07-22,348.3999938964844,353.0,338.29998779296875,353.0,11960,FMGOETZE
2016-07-25,354.20001220703125,359.3999938964844,343.04998779296875,352.8999938964844,12979,FMGOETZE
2016-07-26,356.25,368.0,345.0,351.0,10115,FMGOETZE
2016-07-27,356.54998779296875,363.20001220703125,354.1499938964844,360.04998779296875,38073,FMGOETZE
2016-07-28,357.8500061035156,361.0,351.04998779296875,357.0,4780,FMGOETZE
2016-07-29,369.1000061035156,392.0,358.0,358.1499938964844,130510,FMGOETZE
2016-08-01,380.3500061035156,382.0,369.1000061035156,369.1000061035156,32376,FMGOETZE
2016-08-02,372.0,384.79998779296875,370.5,378.5,15386,FMGOETZE
2016-08-03,373.6000061035156,377.95001220703125,368.04998779296875,371.0,19281,FMGOETZE
2016-08-04,377.75,380.0,366.20001220703125,370.1499938964844,8617,FMGOETZE
2016-08-05,385.04998779296875,394.75,370.0,373.0,15570,FMGOETZE
2016-08-08,388.0,392.0,378.0,389.20001220703125,11529,FMGOETZE
2016-08-09,426.25,436.0,386.0,389.0,103173,FMGOETZE
2016-08-10,409.70001220703125,427.6499938964844,406.0,425.0,15967,FMGOETZE
2016-08-11,399.20001220703125,418.95001220703125,394.0,405.0,6380,FMGOETZE
2016-08-12,454.75,479.0,396.0,396.0,194171,FMGOETZE
2016-08-16,438.1000061035156,463.0,435.1499938964844,454.0,20755,FMGOETZE
2016-08-17,432.75,446.0,430.0,438.0,8086,FMGOETZE
2016-08-18,428.3999938964844,445.0,425.04998779296875,436.0,23122,FMGOETZE
2016-08-19,425.70001220703125,438.0,423.0,425.0,11404,FMGOETZE
2016-08-22,431.54998779296875,437.0,423.0,423.0,12406,FMGOETZE
2016-08-23,429.20001220703125,438.0,426.0,438.0,10778,FMGOETZE
2016-08-24,434.70001220703125,444.0,430.79998779296875,435.0,15562,FMGOETZE
2016-08-25,449.3500061035156,454.0,435.29998779296875,438.0,49359,FMGOETZE
2016-08-26,441.0,450.0,436.0,448.0,4241,FMGOETZE
2016-08-29,452.0,455.0,432.54998779296875,441.0,12211,FMGOETZE
2016-08-30,456.6499938964844,463.3500061035156,451.0,460.0,15025,FMGOETZE
2016-08-31,452.0,460.0,444.54998779296875,459.95001220703125,2194,FMGOETZE
2016-09-01,448.8500061035156,456.0,442.04998779296875,455.20001220703125,2158,FMGOETZE
2016-09-02,448.25,455.0,443.0,447.0,3371,FMGOETZE
2016-09-06,440.75,450.0,439.0,447.0,3263,FMGOETZE
2016-09-07,528.9000244140625,528.9000244140625,450.0,450.0,124371,FMGOETZE
2016-09-08,489.75,594.0,485.1000061035156,581.0,365622,FMGOETZE
2016-09-09,471.95001220703125,503.0,462.0,490.0,83099,FMGOETZE
2016-09-12,470.6000061035156,486.6499938964844,448.6499938964844,460.0,71923,FMGOETZE
2016-09-14,470.70001220703125,482.70001220703125,462.70001220703125,472.04998779296875,26910,FMGOETZE
2016-09-15,471.95001220703125,480.8999938964844,466.5,477.8999938964844,16149,FMGOETZE
2016-09-16,471.04998779296875,484.0,470.0,474.1000061035156,25996,FMGOETZE
2016-09-19,469.70001220703125,479.95001220703125,463.1000061035156,471.0,25317,FMGOETZE
2016-09-20,462.45001220703125,474.0,454.0,474.0,15870,FMGOETZE
2016-09-21,458.6000061035156,467.04998779296875,455.3999938964844,467.04998779296875,12708,FMGOETZE
2016-09-22,476.04998779296875,487.70001220703125,463.75,465.0,38119,FMGOETZE
2016-09-23,479.3999938964844,486.0,466.54998779296875,474.04998779296875,23679,FMGOETZE
2016-09-26,476.54998779296875,492.8999938964844,471.0,480.45001220703125,20844,FMGOETZE
2016-09-27,469.3999938964844,482.8999938964844,468.1499938964844,479.04998779296875,19159,FMGOETZE
2016-09-28,465.1499938964844,478.0,460.0,473.95001220703125,14175,FMGOETZE
2016-09-29,446.3999938964844,472.45001220703125,420.0,467.0,24381,FMGOETZE
2016-09-30,459.20001220703125,461.3999938964844,435.20001220703125,445.20001220703125,13237,FMGOETZE
2016-10-03,473.5,475.0,460.0,462.20001220703125,16315,FMGOETZE
2016-10-04,483.70001220703125,497.0,469.95001220703125,469.95001220703125,25934,FMGOETZE
2016-10-05,489.1000061035156,499.0,482.29998779296875,486.04998779296875,19439,FMGOETZE
2016-10-06,502.6499938964844,522.3499755859375,489.0,496.8999938964844,97436,FMGOETZE
2016-10-07,500.3999938964844,519.0,495.0,508.3999938964844,21474,FMGOETZE
2016-10-10,507.45001220703125,545.4000244140625,503.1000061035156,505.95001220703125,14224,FMGOETZE
2016-10-13,488.3500061035156,509.04998779296875,480.04998779296875,505.0,25366,FMGOETZE
2016-10-14,486.70001220703125,500.0,475.0,500.0,10386,FMGOETZE
2016-10-17,479.70001220703125,497.6000061035156,475.1499938964844,475.1499938964844,10114,FMGOETZE
2016-10-18,485.54998779296875,492.6000061035156,480.29998779296875,492.6000061035156,3482,FMGOETZE
2016-10-19,490.70001220703125,498.0,480.29998779296875,483.54998779296875,7327,FMGOETZE
2016-10-20,486.54998779296875,496.0,486.04998779296875,492.0,5879,FMGOETZE
2016-10-21,478.8500061035156,490.54998779296875,475.0,489.5,5263,FMGOETZE
2016-10-24,490.79998779296875,505.0,475.0,484.5,16589,FMGOETZE
2016-10-25,486.6000061035156,499.95001220703125,483.5,495.0,3625,FMGOETZE
2016-10-26,489.75,501.0,480.0,480.6000061035156,8167,FMGOETZE
2016-10-27,480.3500061035156,490.0,476.5,483.25,11808,FMGOETZE
2016-10-28,478.0,490.95001220703125,475.0,477.0,14797,FMGOETZE
2016-11-01,480.3500061035156,498.0,477.04998779296875,482.0,7129,FMGOETZE
2016-11-02,474.3500061035156,484.0,466.6499938964844,475.0,6797,FMGOETZE
2016-11-03,461.8999938964844,478.0,456.20001220703125,474.25,6454,FMGOETZE
2016-11-04,450.0,475.0,447.0,466.0,12781,FMGOETZE
2016-11-07,514.25,535.0,482.0,498.0,839226,FMGOETZE
2016-11-08,518.8499755859375,533.2999877929688,500.20001220703125,516.0,102567,FMGOETZE
2016-11-09,506.1000061035156,515.7999877929688,455.0,455.0,74176,FMGOETZE
2016-11-10,544.2999877929688,588.9500122070312,500.04998779296875,509.0,123913,FMGOETZE
2016-11-11,524.2999877929688,549.0,507.6000061035156,532.5999755859375,42554,FMGOETZE
2016-11-15,521.0999755859375,539.0,482.20001220703125,525.0,21099,FMGOETZE
2016-11-16,503.6499938964844,528.75,488.75,519.1500244140625,24905,FMGOETZE
2016-11-17,502.8500061035156,519.4500122070312,491.0,505.1000061035156,20746,FMGOETZE
2016-11-18,509.54998779296875,514.9500122070312,490.0,504.95001220703125,15185,FMGOETZE
2016-11-21,480.79998779296875,508.8999938964844,461.1000061035156,508.0,33566,FMGOETZE
2016-11-22,494.8999938964844,499.0,476.5,476.5,12533,FMGOETZE
2016-11-23,497.6499938964844,504.0,483.04998779296875,500.0,4492,FMGOETZE
2016-11-24,500.75,506.8999938964844,491.0,499.8500061035156,7398,FMGOETZE
2016-11-25,494.8500061035156,504.0,491.25,500.04998779296875,7801,FMGOETZE
2016-11-28,501.95001220703125,503.0,487.25,493.04998779296875,6378,FMGOETZE
2016-11-29,499.3999938964844,505.0,493.1000061035156,493.1000061035156,27690,FMGOETZE
2016-11-30,513.8499755859375,543.9500122070312,496.04998779296875,499.95001220703125,68096,FMGOETZE
2016-12-01,506.8999938964844,517.7999877929688,501.1000061035156,517.7999877929688,6536,FMGOETZE
2016-12-02,500.54998779296875,508.0,495.6000061035156,503.0,6687,FMGOETZE
2016-12-05,505.1499938964844,508.0,493.0,493.0,5268,FMGOETZE
2016-12-06,502.1499938964844,509.0,500.20001220703125,505.04998779296875,2659,FMGOETZE
2016-12-07,498.70001220703125,508.8999938964844,493.1499938964844,505.0,3860,FMGOETZE
2016-12-08,502.29998779296875,508.8500061035156,499.04998779296875,500.0,5384,FMGOETZE
2016-12-09,499.70001220703125,506.95001220703125,498.0,500.0,6005,FMGOETZE
2016-12-12,491.8500061035156,501.8500061035156,491.0,501.8500061035156,3264,FMGOETZE
2016-12-13,498.6499938964844,508.95001220703125,492.20001220703125,497.0,12946,FMGOETZE
2016-12-14,501.25,503.95001220703125,496.20001220703125,496.25,3507,FMGOETZE
2016-12-15,498.1000061035156,502.20001220703125,493.8999938964844,501.0,5414,FMGOETZE
2016-12-16,494.75,502.0,492.0,501.95001220703125,3698,FMGOETZE
2016-12-19,489.95001220703125,497.0,485.20001220703125,495.5,4346,FMGOETZE
2016-12-20,488.8500061035156,496.0,482.0,486.1000061035156,7088,FMGOETZE
2016-12-21,479.1000061035156,487.0,476.0,485.0,4281,FMGOETZE
2016-12-22,471.95001220703125,487.6499938964844,467.45001220703125,480.0,3550,FMGOETZE
2016-12-23,467.6499938964844,483.0,462.5,480.0,2190,FMGOETZE
2016-12-26,467.79998779296875,473.6499938964844,462.20001220703125,467.6499938964844,1457,FMGOETZE
2016-12-27,479.70001220703125,483.6000061035156,462.0,470.0,7165,FMGOETZE
2016-12-28,492.5,503.0,482.0,482.0,21564,FMGOETZE
2016-12-29,490.8999938964844,504.79998779296875,486.1499938964844,490.0,7862,FMGOETZE
2016-12-30,491.75,503.8999938964844,490.04998779296875,499.79998779296875,4655,FMGOETZE
2017-01-02,493.6499938964844,499.70001220703125,490.1000061035156,496.0,2287,FMGOETZE
2017-01-03,488.3999938964844,500.29998779296875,485.3500061035156,499.0,2872,FMGOETZE
2017-01-04,485.6000061035156,498.75,481.3500061035156,495.0,9623,FMGOETZE
2017-01-05,483.54998779296875,493.1499938964844,481.20001220703125,485.5,5035,FMGOETZE
2017-01-06,495.54998779296875,497.95001220703125,485.0,485.04998779296875,6948,FMGOETZE
2017-01-09,494.54998779296875,498.0,486.3500061035156,492.04998779296875,3705,FMGOETZE
2017-01-10,489.25,494.0,486.04998779296875,489.29998779296875,1914,FMGOETZE
2017-01-11,506.0,520.0,487.20001220703125,487.3999938964844,31934,FMGOETZE
2017-01-12,503.3500061035156,525.0,501.0,507.8999938964844,4070,FMGOETZE
2017-01-13,502.3500061035156,508.0,496.0,508.0,4329,FMGOETZE
2017-01-16,498.3500061035156,506.6000061035156,497.0,506.6000061035156,1435,FMGOETZE
2017-01-17,499.70001220703125,508.3999938964844,487.25,500.0,9233,FMGOETZE
2017-01-18,496.0,505.04998779296875,494.0,499.0,4176,FMGOETZE
2017-01-19,501.5,513.5999755859375,492.0,499.8500061035156,4755,FMGOETZE
2017-01-20,496.95001220703125,510.1499938964844,495.1499938964844,499.8999938964844,2583,FMGOETZE
2017-01-23,501.5,508.45001220703125,486.20001220703125,496.6499938964844,6664,FMGOETZE
2017-01-24,500.6000061035156,506.20001220703125,496.0,496.04998779296875,3698,FMGOETZE
2017-01-25,500.70001220703125,508.79998779296875,500.0,506.75,2920,FMGOETZE
2017-01-27,501.25,504.6000061035156,500.0,504.6000061035156,991,FMGOETZE
2017-01-30,495.75,499.5,490.0,496.0,2598,FMGOETZE
2017-01-31,491.95001220703125,508.0,489.1499938964844,489.1499938964844,4592,FMGOETZE
2017-02-01,494.79998779296875,506.0,490.04998779296875,506.0,5052,FMGOETZE
2017-02-02,498.1000061035156,501.8500061035156,495.0,501.54998779296875,25856,FMGOETZE
2017-02-03,498.8500061035156,503.0,491.6000061035156,497.8500061035156,3690,FMGOETZE
2017-02-06,495.5,503.70001220703125,487.1000061035156,493.54998779296875,7334,FMGOETZE
2017-02-07,491.75,498.79998779296875,490.1000061035156,495.5,1850,FMGOETZE
2017-02-08,490.6499938964844,499.0,488.0,497.5,3912,FMGOETZE
2017-02-09,490.6499938964844,496.79998779296875,485.3500061035156,495.0,2845,FMGOETZE
2017-02-10,486.70001220703125,494.0,485.3500061035156,494.0,1186,FMGOETZE
2017-02-13,483.3500061035156,492.0,480.1000061035156,488.79998779296875,2358,FMGOETZE
2017-02-14,478.6499938964844,487.1000061035156,476.95001220703125,481.0,1635,FMGOETZE
2017-02-15,472.70001220703125,486.0,460.1000061035156,482.5,4067,FMGOETZE
2017-02-16,483.3500061035156,488.70001220703125,470.0,475.1000061035156,3437,FMGOETZE
2017-02-17,488.75,492.3999938964844,466.04998779296875,480.0,2591,FMGOETZE
2017-02-20,485.1499938964844,489.95001220703125,479.1499938964844,482.0,1519,FMGOETZE
2017-02-21,498.25,501.8999938964844,485.0,489.5,2980,FMGOETZE
2017-02-22,495.1000061035156,499.6499938964844,485.20001220703125,495.0,4258,FMGOETZE
2017-02-23,494.45001220703125,499.5,490.1000061035156,499.45001220703125,2061,FMGOETZE
2017-02-27,489.0,498.0,487.1000061035156,490.20001220703125,2195,FMGOETZE
2017-02-28,490.04998779296875,497.79998779296875,477.5,487.0,3144,FMGOETZE
2017-03-01,502.20001220703125,513.7999877929688,487.0,490.04998779296875,3922,FMGOETZE
2017-03-02,493.95001220703125,504.6499938964844,490.1499938964844,499.0,2978,FMGOETZE
2017-03-03,496.6000061035156,500.95001220703125,489.0,499.0,1879,FMGOETZE
2017-03-06,501.6000061035156,516.5,488.5,488.5,5676,FMGOETZE
2017-03-07,499.70001220703125,506.8999938964844,495.5,497.0,3255,FMGOETZE
2017-03-08,493.95001220703125,503.8500061035156,490.70001220703125,495.04998779296875,4486,FMGOETZE
2017-03-09,500.29998779296875,503.0,492.20001220703125,499.20001220703125,3414,FMGOETZE
2017-03-10,490.20001220703125,505.95001220703125,485.29998779296875,502.25,6446,FMGOETZE
2017-03-14,498.29998779296875,505.0,497.0,500.20001220703125,2655,FMGOETZE
2017-03-15,494.6499938964844,505.0,494.1000061035156,505.0,2797,FMGOETZE
2017-03-16,496.75,504.20001220703125,491.1000061035156,504.20001220703125,5270,FMGOETZE
2017-03-17,491.8999938964844,501.5,489.04998779296875,501.5,4084,FMGOETZE
2017-03-20,489.20001220703125,499.8999938964844,485.25,486.25,2248,FMGOETZE
2017-03-21,489.95001220703125,495.0,487.1000061035156,495.0,2232,FMGOETZE
2017-03-22,489.75,495.0,486.0,494.8999938964844,7342,FMGOETZE
2017-03-23,492.3999938964844,494.95001220703125,485.1499938964844,485.1499938964844,4424,FMGOETZE
2017-03-24,496.20001220703125,498.95001220703125,491.1499938964844,495.04998779296875,5353,FMGOETZE
2017-03-27,489.25,500.5,485.3500061035156,500.5,4535,FMGOETZE
2017-03-28,486.75,496.8500061035156,483.25,496.8500061035156,1255,FMGOETZE
2017-03-29,512.2000122070312,520.0,486.0,492.0,54983,FMGOETZE
2017-03-30,523.5999755859375,539.7000122070312,502.0,502.0,86125,FMGOETZE
2017-03-31,547.8499755859375,567.0,522.0,522.0,84193,FMGOETZE
2017-04-03,569.8499755859375,576.9000244140625,553.9500122070312,559.7999877929688,38976,FMGOETZE
2017-04-05,581.4500122070312,585.0,569.7999877929688,570.0,31122,FMGOETZE
2017-04-06,581.0,593.6500244140625,576.0,580.0,26458,FMGOETZE
2017-04-07,575.4000244140625,588.6500244140625,570.4000244140625,583.7999877929688,24012,FMGOETZE
2017-04-10,573.5999755859375,584.3499755859375,566.0999755859375,584.3499755859375,9310,FMGOETZE
2017-04-11,584.3499755859375,598.0,575.0,575.0,25688,FMGOETZE
2017-04-12,594.7000122070312,604.7000122070312,585.5499877929688,598.9500122070312,37204,FMGOETZE
2017-04-13,613.0499877929688,634.9500122070312,586.0999755859375,602.0,119624,FMGOETZE
2017-04-17,620.5999755859375,627.9500122070312,606.0999755859375,614.0499877929688,37133,FMGOETZE
2017-04-18,611.25,651.0,602.2000122070312,621.0,79925,FMGOETZE
2017-04-19,611.75,626.0,604.0,619.9500122070312,17972,FMGOETZE
2017-04-20,614.75,624.5499877929688,610.0999755859375,617.2000122070312,22769,FMGOETZE
2017-04-21,615.9000244140625,626.0,607.0,625.0,36421,FMGOETZE
2017-04-24,624.7999877929688,626.0,618.25,626.0,6940,FMGOETZE
2017-04-25,619.0,625.9500122070312,615.25,622.0,7850,FMGOETZE
2017-04-26,609.5499877929688,625.0,596.0,625.0,10212,FMGOETZE
2017-04-27,603.0999755859375,614.8499755859375,600.0999755859375,608.0499877929688,12289,FMGOETZE
2017-04-28,600.0,613.0,595.0499877929688,605.0,4434,FMGOETZE
2017-05-02,594.2999877929688,606.9500122070312,592.0,601.5,6481,FMGOETZE
2017-05-03,611.5499877929688,625.0999755859375,592.0499877929688,602.9500122070312,11589,FMGOETZE
2017-05-04,597.9500122070312,618.6500244140625,591.0,618.0,9114,FMGOETZE
2017-05-05,598.9000244140625,604.4500122070312,550.0,599.2000122070312,29404,FMGOETZE
2017-05-08,596.9500122070312,604.7999877929688,582.5,591.0,5539,FMGOETZE
2017-05-09,593.2000122070312,603.25,592.0,592.0,3922,FMGOETZE
2017-05-10,597.0,603.4500122070312,594.5499877929688,603.4000244140625,3344,FMGOETZE
2017-05-11,595.8499755859375,600.0,592.0,592.0,4871,FMGOETZE
2017-05-12,591.4500122070312,600.0,589.0,595.0,3179,FMGOETZE
2017-05-15,590.25,597.7999877929688,587.6500244140625,588.0,2254,FMGOETZE
2017-05-16,594.1500244140625,599.9500122070312,583.2999877929688,591.9500122070312,12804,FMGOETZE
2017-05-17,590.4000244140625,599.9000244140625,586.0999755859375,595.2000122070312,6592,FMGOETZE
2017-05-18,586.4500122070312,593.7000122070312,580.0,592.2000122070312,4076,FMGOETZE
2017-05-19,582.7000122070312,596.0,570.2999877929688,585.0,13094,FMGOETZE
2017-05-22,590.6500244140625,617.7999877929688,585.0999755859375,608.1500244140625,27385,FMGOETZE
2017-05-23,593.0,599.7999877929688,572.1500244140625,583.2000122070312,11048,FMGOETZE
2017-05-24,592.25,596.75,575.5499877929688,584.5,10267,FMGOETZE
2017-05-25,590.6500244140625,600.6500244140625,583.0,587.3499755859375,9871,FMGOETZE
2017-05-26,588.0499877929688,593.9500122070312,583.0,583.0,3335,FMGOETZE
2017-05-29,577.1500244140625,590.0,573.0,588.0499877929688,203580,FMGOETZE
2017-05-30,588.8499755859375,590.0,572.2000122070312,572.2000122070312,2926,FMGOETZE
2017-05-31,589.5,594.9000244140625,578.9500122070312,587.0,10130,FMGOETZE
2017-06-01,583.8499755859375,592.0,580.25,591.2999877929688,1829,FMGOETZE
2017-06-02,591.8499755859375,594.0,581.0499877929688,584.5499877929688,1765,FMGOETZE
2017-06-05,585.1500244140625,596.0,583.5,596.0,2696,FMGOETZE
2017-06-06,583.8499755859375,593.0,579.0,592.9500122070312,1283,FMGOETZE
2017-06-07,582.0,589.0,576.4000244140625,588.9500122070312,5908,FMGOETZE
2017-06-08,581.0,588.0,575.0999755859375,588.0,2057,FMGOETZE
2017-06-09,576.9500122070312,588.9000244140625,569.25,580.5,3856,FMGOETZE
2017-06-12,576.2999877929688,584.9500122070312,574.9500122070312,584.9500122070312,29884,FMGOETZE
2017-06-13,577.75,581.0,575.0,581.0,2996,FMGOETZE
2017-06-14,568.5,582.9000244140625,558.3499755859375,572.0,6537,FMGOETZE
2017-06-15,555.0,579.0,550.5499877929688,570.9500122070312,11150,FMGOETZE
2017-06-16,559.2999877929688,565.4500122070312,540.0,555.0,4918,FMGOETZE
2017-06-19,564.1500244140625,570.0,556.3499755859375,560.0,4170,FMGOETZE
2017-06-20,572.6500244140625,577.0,559.0,564.9500122070312,9985,FMGOETZE
2017-06-21,570.8499755859375,576.0,568.0,570.9500122070312,5255,FMGOETZE
2017-06-22,563.75,574.9500122070312,553.7000122070312,566.0,3704,FMGOETZE
2017-06-23,562.5499877929688,571.9000244140625,544.2999877929688,569.0,12757,FMGOETZE
2017-06-27,556.0,567.8499755859375,548.0499877929688,563.0499877929688,3687,FMGOETZE
2017-06-28,553.9000244140625,567.9500122070312,543.2999877929688,551.0,4825,FMGOETZE
2017-06-29,542.4000244140625,555.0,532.0,555.0,8996,FMGOETZE
2017-06-30,545.5999755859375,548.8499755859375,535.0499877929688,545.0,7978,FMGOETZE
2017-07-03,547.4500122070312,570.0,540.0999755859375,546.0,5177,FMGOETZE
2017-07-04,550.0999755859375,562.0,540.3499755859375,562.0,1973,FMGOETZE
2017-07-05,562.2000122070312,574.0,546.0999755859375,551.0,7407,FMGOETZE
2017-07-06,558.2999877929688,574.9500122070312,554.4000244140625,572.0,3570,FMGOETZE
2017-07-07,565.7000122070312,568.0,557.0499877929688,557.0999755859375,2205,FMGOETZE
2017-07-10,569.1500244140625,573.0,547.0,555.0999755859375,172,FMGOETZE
2017-07-11,562.0,573.7000122070312,557.0499877929688,573.7000122070312,4645,FMGOETZE
2017-07-12,564.4000244140625,571.9500122070312,562.4000244140625,569.5,2659,FMGOETZE
2017-07-13,566.3499755859375,569.9500122070312,565.0999755859375,566.2000122070312,911,FMGOETZE
2017-07-14,560.5999755859375,570.0,557.0499877929688,565.0,1809,FMGOETZE
2017-07-17,560.7000122070312,568.6500244140625,555.0,557.25,2015,FMGOETZE
2017-07-18,555.5499877929688,560.9500122070312,547.0,557.0,4693,FMGOETZE
2017-07-19,547.5,557.0499877929688,545.0,557.0499877929688,3537,FMGOETZE
2017-07-20,552.0999755859375,570.9500122070312,545.0,547.0,4497,FMGOETZE
2017-07-21,559.5999755859375,561.5,551.3499755859375,559.9500122070312,3034,FMGOETZE
2017-07-24,555.1500244140625,560.0,551.25,551.25,2613,FMGOETZE
2017-07-25,547.4500122070312,555.0,541.2000122070312,552.0,2194,FMGOETZE
2017-07-26,546.6500244140625,555.0,543.4500122070312,543.5999755859375,1406,FMGOETZE
2017-07-27,540.6500244140625,554.9500122070312,534.8499755859375,547.0,3516,FMGOETZE
2017-07-28,542.5999755859375,545.9500122070312,535.0,545.0,2925,FMGOETZE
2017-07-31,541.7000122070312,550.0,540.0,543.0499877929688,1042,FMGOETZE
2017-08-01,533.3499755859375,545.0,522.7000122070312,540.0499877929688,6813,FMGOETZE
2017-08-02,539.5,544.9000244140625,535.0999755859375,537.4000244140625,1144,FMGOETZE
2017-08-03,533.1500244140625,545.8499755859375,530.0499877929688,543.0499877929688,4955,FMGOETZE
2017-08-04,525.5,543.3499755859375,521.0499877929688,532.0499877929688,2171,FMGOETZE
2017-08-07,535.8499755859375,546.9500122070312,525.5999755859375,525.6500244140625,2492,FMGOETZE
2017-08-08,525.2000122070312,543.9500122070312,523.1500244140625,535.0,962,FMGOETZE
2017-08-09,525.7999877929688,535.0,525.0,525.2000122070312,1013,FMGOETZE
2017-08-10,532.9000244140625,542.0,507.3500061035156,530.0,18481,FMGOETZE
2017-08-11,534.2000122070312,547.0,510.0,512.0999755859375,7281,FMGOETZE
2017-08-14,522.7999877929688,546.2999877929688,520.2000122070312,546.2999877929688,2654,FMGOETZE
2017-08-16,525.2000122070312,529.0,513.75,517.1500244140625,2779,FMGOETZE
2017-08-17,526.5,535.5,515.0499877929688,534.75,5461,FMGOETZE
2017-08-18,523.8499755859375,530.7999877929688,516.0,521.0,1942,FMGOETZE
2017-08-21,514.3499755859375,524.8499755859375,508.3500061035156,518.5499877929688,2220,FMGOETZE
2017-08-22,516.5,528.0,510.04998779296875,512.0,1203,FMGOETZE
2017-08-23,516.7999877929688,524.7999877929688,504.20001220703125,519.2000122070312,3918,FMGOETZE
2017-08-24,507.6000061035156,518.0,505.95001220703125,513.0499877929688,7305,FMGOETZE
2017-08-28,503.95001220703125,515.0,503.0,512.0,4694,FMGOETZE
2017-08-29,499.6000061035156,510.0,498.0,505.0,2056,FMGOETZE
2017-08-30,499.25,508.8999938964844,497.20001220703125,498.04998779296875,4143,FMGOETZE
2017-08-31,488.75,506.70001220703125,478.0,506.70001220703125,6231,FMGOETZE
2017-09-01,490.1000061035156,498.3999938964844,482.04998779296875,498.3999938964844,3857,FMGOETZE
2017-09-04,503.5,510.0,482.04998779296875,482.04998779296875,4599,FMGOETZE
2017-09-05,513.8499755859375,528.0,500.20001220703125,510.0,7807,FMGOETZE
2017-09-06,511.25,520.0,508.1499938964844,512.0,4800,FMGOETZE
2017-09-07,526.9500122070312,535.2000122070312,510.25,510.25,7389,FMGOETZE
2017-09-08,520.3499755859375,536.5,520.0,534.75,3622,FMGOETZE
2017-09-11,560.6500244140625,575.0,523.25,523.25,51667,FMGOETZE
2017-09-12,542.9000244140625,574.0,538.0,574.0,9405,FMGOETZE
2017-09-13,537.5499877929688,551.0999755859375,531.5999755859375,551.0,9145,FMGOETZE
2017-09-14,538.7000122070312,545.0,532.0,540.1500244140625,7352,FMGOETZE
2017-09-15,532.7000122070312,539.9000244140625,526.1500244140625,535.0,6714,FMGOETZE
2017-09-18,534.0,542.0,527.0,527.0,4310,FMGOETZE
2017-09-19,537.9500122070312,553.9500122070312,535.0499877929688,540.0,3471,FMGOETZE
2017-09-20,532.9000244140625,544.5999755859375,529.4500122070312,538.7999877929688,1995,FMGOETZE
2017-09-21,521.5999755859375,534.9000244140625,518.0999755859375,531.2999877929688,4091,FMGOETZE
2017-09-22,502.3999938964844,520.0499877929688,500.0,520.0,4655,FMGOETZE
2017-09-25,490.8999938964844,510.0,488.0,506.5,4393,FMGOETZE
2017-09-26,492.8999938964844,499.95001220703125,488.1000061035156,494.5,1988,FMGOETZE
2017-09-27,487.29998779296875,500.0,480.0,498.1000061035156,2676,FMGOETZE
2017-09-28,493.1499938964844,500.0,482.25,482.25,1081,FMGOETZE
2017-09-29,496.20001220703125,499.79998779296875,488.0,493.29998779296875,1967,FMGOETZE
2017-10-03,495.75,506.8999938964844,491.1499938964844,493.0,1022,FMGOETZE
2017-10-04,485.75,506.8999938964844,483.1000061035156,506.8999938964844,6726,FMGOETZE
2017-10-05,486.79998779296875,492.0,477.3500061035156,489.0,5380,FMGOETZE
2017-10-06,492.6499938964844,498.75,485.04998779296875,494.70001220703125,9664,FMGOETZE
2017-10-09,499.3500061035156,500.0,490.0,494.79998779296875,5282,FMGOETZE
2017-10-10,503.0,523.7000122070312,496.04998779296875,500.0,11419,FMGOETZE
2017-10-11,501.8500061035156,523.5,495.1000061035156,510.0,8637,FMGOETZE
2017-10-12,498.04998779296875,508.0,492.0,495.0,1821,FMGOETZE
2017-10-13,497.45001220703125,505.5,495.0,500.04998779296875,4533,FMGOETZE
2017-10-16,493.5,500.0,485.25,500.0,4429,FMGOETZE
2017-10-17,489.1499938964844,495.0,486.0,495.0,1357,FMGOETZE
2017-10-18,491.8999938964844,495.79998779296875,485.29998779296875,490.20001220703125,3695,FMGOETZE
2017-10-19,496.8999938964844,504.95001220703125,489.0,489.0,822,FMGOETZE
2017-10-23,487.45001220703125,500.20001220703125,485.20001220703125,500.0,3303,FMGOETZE
2017-10-24,483.75,493.3999938964844,478.04998779296875,487.3999938964844,7163,FMGOETZE
2017-10-25,481.54998779296875,496.0,479.20001220703125,486.1000061035156,5322,FMGOETZE
2017-10-26,479.04998779296875,487.5,475.0,487.5,5279,FMGOETZE
2017-10-27,488.79998779296875,499.95001220703125,475.20001220703125,477.0,38848,FMGOETZE
2017-10-30,495.95001220703125,499.95001220703125,483.25,493.0,7943,FMGOETZE
2017-10-31,501.45001220703125,504.79998779296875,496.0,496.0,4082,FMGOETZE
2017-11-01,501.6499938964844,509.0,498.0,509.0,3705,FMGOETZE
2017-11-02,503.3999938964844,508.0,502.0,502.0,10155,FMGOETZE
2017-11-03,498.04998779296875,508.04998779296875,495.0,508.04998779296875,5598,FMGOETZE
2017-11-06,497.29998779296875,505.8500061035156,491.0,501.0,3708,FMGOETZE
2017-11-07,493.0,499.8999938964844,490.1499938964844,497.3999938964844,1659,FMGOETZE
2017-11-08,491.04998779296875,499.45001220703125,485.6000061035156,497.79998779296875,5847,FMGOETZE
2017-11-09,491.6499938964844,500.25,490.0,496.3999938964844,2317,FMGOETZE
2017-11-10,488.6000061035156,495.95001220703125,485.0,495.0,8548,FMGOETZE
2017-11-13,490.25,495.0,485.0,487.0,2606,FMGOETZE
2017-11-14,486.3500061035156,490.25,485.3999938964844,488.95001220703125,1469,FMGOETZE
2017-11-15,484.79998779296875,504.79998779296875,480.3999938964844,492.8500061035156,5279,FMGOETZE
2017-11-16,490.0,493.79998779296875,486.04998779296875,489.8500061035156,2636,FMGOETZE
2017-11-17,493.1499938964844,496.0,490.0,490.0,4677,FMGOETZE
2017-11-20,521.5,555.0,490.0,493.20001220703125,55752,FMGOETZE
2017-11-21,511.5,529.2999877929688,510.1000061035156,525.0,4498,FMGOETZE
2017-11-22,510.45001220703125,517.9000244140625,508.04998779296875,508.04998779296875,2934,FMGOETZE
2017-11-23,527.9500122070312,531.0,507.20001220703125,514.9000244140625,7421,FMGOETZE
2017-11-24,523.7000122070312,529.9500122070312,518.0,529.0,4778,FMGOETZE
2017-11-27,519.6500244140625,529.0,515.0499877929688,528.9500122070312,4569,FMGOETZE
2017-11-28,515.0,524.75,513.0,516.0,4348,FMGOETZE
2017-11-29,516.0999755859375,525.9000244140625,510.25,511.0,7951,FMGOETZE
2017-11-30,521.0,522.25,515.0999755859375,520.9500122070312,5646,FMGOETZE
2017-12-01,516.4000244140625,529.4500122070312,515.5499877929688,523.1500244140625,3319,FMGOETZE
2017-12-04,534.7000122070312,544.8499755859375,518.2000122070312,523.75,15559,FMGOETZE
2017-12-05,538.1500244140625,543.9500122070312,526.3499755859375,534.5,5797,FMGOETZE
2017-12-06,533.5999755859375,542.2999877929688,530.25,540.0,6129,FMGOETZE
2017-12-07,529.5499877929688,537.0,522.0,537.0,6684,FMGOETZE
2017-12-08,535.0499877929688,538.5,529.9500122070312,538.5,7842,FMGOETZE
2017-12-11,524.9500122070312,532.0,516.4000244140625,529.0,14247,FMGOETZE
2017-12-12,517.3499755859375,527.5999755859375,514.0499877929688,523.0,5400,FMGOETZE
2017-12-13,514.5999755859375,521.9500122070312,506.54998779296875,518.0,8449,FMGOETZE
2017-12-14,499.5,511.0,495.0,507.3500061035156,6785,FMGOETZE
2017-12-15,491.6499938964844,510.1000061035156,489.6000061035156,503.0,4706,FMGOETZE
2017-12-18,498.54998779296875,508.8999938964844,481.8500061035156,491.6499938964844,5740,FMGOETZE
2017-12-19,501.54998779296875,509.79998779296875,498.0,500.0,6243,FMGOETZE
2017-12-20,506.5,514.0,500.0,501.0,5091,FMGOETZE
2017-12-21,540.2000122070312,548.0,503.6000061035156,511.95001220703125,23294,FMGOETZE
2017-12-22,530.9500122070312,545.5,526.2999877929688,544.0,6389,FMGOETZE
2017-12-26,529.0999755859375,538.8499755859375,525.0,527.0,4133,FMGOETZE
2017-12-27,527.8499755859375,539.2999877929688,522.0499877929688,528.0,6223,FMGOETZE
2017-12-28,522.2000122070312,529.9500122070312,517.3499755859375,525.4000244140625,3529,FMGOETZE
2017-12-29,528.0,533.9000244140625,525.0999755859375,529.9000244140625,11339,FMGOETZE
2018-01-01,525.5999755859375,530.0499877929688,523.5,530.0,3671,FMGOETZE
2018-01-02,524.7999877929688,530.0499877929688,520.5,529.3499755859375,2909,FMGOETZE
2018-01-03,526.5999755859375,529.5999755859375,519.0999755859375,525.0,1286,FMGOETZE
2018-01-04,519.5499877929688,530.0,516.5999755859375,525.25,6961,FMGOETZE
2018-01-05,523.4000244140625,533.0,518.0999755859375,526.9000244140625,6134,FMGOETZE
2018-01-08,529.5,533.9000244140625,526.0,529.0,6222,FMGOETZE
2018-01-09,581.5499877929688,591.9000244140625,525.4000244140625,533.0,213058,FMGOETZE
2018-01-10,569.0,589.0,562.0,581.0999755859375,48919,FMGOETZE
2018-01-11,563.1500244140625,575.0,557.1500244140625,566.0,12702,FMGOETZE
2018-01-12,552.6500244140625,571.0,550.0,571.0,13874,FMGOETZE
2018-01-15,562.25,580.0,553.75,556.0,30693,FMGOETZE
2018-01-16,563.4000244140625,569.9000244140625,530.3499755859375,556.0,37577,FMGOETZE
2018-01-17,577.8499755859375,581.5,543.0,560.4500122070312,22484,FMGOETZE
2018-01-18,569.7999877929688,586.0,551.5,586.0,30601,FMGOETZE
2018-01-19,570.5999755859375,575.0,558.4500122070312,565.0499877929688,14010,FMGOETZE
2018-01-22,564.5999755859375,577.4500122070312,561.0,577.4500122070312,4897,FMGOETZE
2018-01-23,569.2999877929688,572.1500244140625,542.0,564.5499877929688,13268,FMGOETZE
2018-01-24,569.0,570.0,557.9500122070312,561.0,11848,FMGOETZE
2018-01-25,559.5999755859375,569.0,555.25,564.0,6378,FMGOETZE
2018-01-29,551.8499755859375,570.0,545.0,563.0,3797,FMGOETZE
2018-01-30,547.0999755859375,564.9500122070312,542.1500244140625,550.0499877929688,5959,FMGOETZE
2018-01-31,534.3499755859375,553.9500122070312,533.0,543.5999755859375,7084,FMGOETZE
2018-02-01,536.2000122070312,546.7999877929688,535.0,544.5,1452,FMGOETZE
2018-02-02,513.2000122070312,544.9500122070312,505.0,532.0499877929688,13893,FMGOETZE
2018-02-05,519.6500244140625,530.0,495.0,510.0,5204,FMGOETZE
2018-02-06,502.54998779296875,509.79998779296875,452.1499938964844,509.3500061035156,8559,FMGOETZE
2018-02-07,516.7999877929688,530.0,502.25,509.95001220703125,4512,FMGOETZE
2018-02-08,537.25,542.9000244140625,507.04998779296875,510.0,12350,FMGOETZE
2018-02-09,536.7999877929688,542.0,510.1499938964844,510.1499938964844,2754,FMGOETZE
2018-02-12,536.8499755859375,554.0,528.7999877929688,533.4000244140625,3365,FMGOETZE
2018-02-14,527.0499877929688,549.0,526.4000244140625,544.7999877929688,3992,FMGOETZE
2018-02-15,518.5499877929688,534.9000244140625,516.0,534.9000244140625,2282,FMGOETZE
2018-02-16,510.0,525.9500122070312,508.79998779296875,525.9500122070312,5234,FMGOETZE
2018-02-19,500.95001220703125,515.5499877929688,500.0,510.0,1682,FMGOETZE
2018-02-20,491.95001220703125,504.0,489.5,502.1000061035156,2366,FMGOETZE
2018-02-21,495.04998779296875,504.95001220703125,490.1000061035156,490.5,4814,FMGOETZE
2018-02-22,487.3500061035156,501.8999938964844,485.0,489.54998779296875,2744,FMGOETZE
2018-02-23,485.54998779296875,501.20001220703125,483.45001220703125,494.95001220703125,8816,FMGOETZE
2018-02-26,488.54998779296875,494.5,483.04998779296875,492.6000061035156,4718,FMGOETZE
2018-02-27,500.04998779296875,502.0,484.29998779296875,492.54998779296875,14856,FMGOETZE
2018-02-28,496.29998779296875,501.95001220703125,494.1000061035156,496.6499938964844,3106,FMGOETZE
2018-03-01,496.3500061035156,500.45001220703125,494.8999938964844,500.45001220703125,6712,FMGOETZE
2018-03-05,487.1000061035156,495.1000061035156,485.1000061035156,494.8500061035156,4547,FMGOETZE
2018-03-06,481.04998779296875,496.95001220703125,480.20001220703125,491.8999938964844,2659,FMGOETZE
2018-03-07,470.45001220703125,489.25,467.20001220703125,482.75,13605,FMGOETZE
2018-03-08,463.45001220703125,473.0,455.0,469.95001220703125,9454,FMGOETZE
2018-03-09,474.8500061035156,480.0,464.04998779296875,470.3500061035156,8974,FMGOETZE
2018-03-12,464.6000061035156,485.04998779296875,461.0,481.8999938964844,9035,FMGOETZE
2018-03-13,461.1000061035156,475.04998779296875,456.1000061035156,465.0,3755,FMGOETZE
2018-03-14,459.79998779296875,466.95001220703125,458.20001220703125,465.3500061035156,10623,FMGOETZE
2018-03-15,470.6000061035156,476.95001220703125,456.1000061035156,459.8999938964844,3271,FMGOETZE
2018-03-16,459.6000061035156,477.0,456.04998779296875,476.54998779296875,4885,FMGOETZE
2018-03-19,444.95001220703125,455.75,444.8999938964844,455.25,4731,FMGOETZE
2018-03-20,446.8999938964844,449.8999938964844,440.3999938964844,441.25,5906,FMGOETZE
2018-03-21,441.20001220703125,449.8999938964844,440.0,449.8999938964844,4123,FMGOETZE
2018-03-22,429.1499938964844,443.1499938964844,425.0,440.0,11999,FMGOETZE
2018-03-23,421.04998779296875,429.95001220703125,419.04998779296875,425.1499938964844,10584,FMGOETZE
2018-03-26,415.3999938964844,434.70001220703125,409.0,433.6000061035156,11762,FMGOETZE
2018-03-27,420.0,435.95001220703125,410.70001220703125,410.70001220703125,7758,FMGOETZE
2018-03-28,419.04998779296875,430.0,414.0,415.04998779296875,4795,FMGOETZE
2018-04-02,444.45001220703125,448.0,412.6499938964844,412.6499938964844,5108,FMGOETZE
2018-04-03,443.95001220703125,451.04998779296875,442.1499938964844,451.04998779296875,2010,FMGOETZE
2018-04-04,444.8999938964844,455.0,440.0,447.95001220703125,15148,FMGOETZE
2018-04-05,440.04998779296875,448.1000061035156,435.70001220703125,448.1000061035156,2345,FMGOETZE
2018-04-06,437.95001220703125,444.95001220703125,433.0,444.95001220703125,2160,FMGOETZE
2018-04-09,438.75,457.95001220703125,436.0,436.0,3722,FMGOETZE
2018-04-10,438.20001220703125,449.45001220703125,435.0,448.0,3719,FMGOETZE
2018-04-11,470.1499938964844,505.0,465.5,500.0,702586,FMGOETZE
2018-04-12,453.70001220703125,469.70001220703125,447.8500061035156,467.25,94616,FMGOETZE
2018-04-13,465.75,481.70001220703125,450.0,450.0,282831,FMGOETZE
2018-04-16,473.5,478.1499938964844,454.04998779296875,454.04998779296875,23844,FMGOETZE
2018-04-17,466.04998779296875,469.8500061035156,450.95001220703125,460.0,50616,FMGOETZE
2018-04-18,458.0,470.5,455.04998779296875,466.20001220703125,13872,FMGOETZE
2018-04-19,456.5,466.75,452.20001220703125,458.25,12141,FMGOETZE
2018-04-20,455.3999938964844,460.29998779296875,451.95001220703125,456.1499938964844,8700,FMGOETZE
2018-04-23,464.04998779296875,472.0,451.0,454.3500061035156,16876,FMGOETZE
2018-04-24,460.1499938964844,465.75,457.0,465.1000061035156,3038,FMGOETZE
2018-04-25,469.8500061035156,474.0,443.6499938964844,459.3999938964844,16837,FMGOETZE
2018-04-26,473.25,484.0,470.0,470.79998779296875,24190,FMGOETZE
2018-04-27,461.75,478.70001220703125,459.1000061035156,469.04998779296875,10295,FMGOETZE
2018-04-30,475.79998779296875,490.0,461.75,461.75,40758,FMGOETZE
2018-05-02,463.8999938964844,476.8999938964844,462.54998779296875,475.95001220703125,8609,FMGOETZE
2018-05-03,459.8999938964844,470.0,454.0,463.8999938964844,11538,FMGOETZE
2018-05-04,453.3500061035156,464.0,451.04998779296875,457.25,5545,FMGOETZE
2018-05-07,455.5,460.0,450.1000061035156,454.0,6131,FMGOETZE
2018-05-08,452.3999938964844,460.20001220703125,450.29998779296875,454.75,4512,FMGOETZE
2018-05-09,454.29998779296875,458.0,450.1000061035156,453.6000061035156,6232,FMGOETZE
2018-05-10,460.25,465.0,447.04998779296875,454.1499938964844,34699,FMGOETZE
2018-05-11,447.95001220703125,468.6499938964844,445.0,465.54998779296875,6414,FMGOETZE
2018-05-14,434.8500061035156,456.95001220703125,430.1000061035156,448.04998779296875,11000,FMGOETZE
2018-05-15,433.29998779296875,444.5,430.20001220703125,444.5,4556,FMGOETZE
2018-05-16,429.1000061035156,438.29998779296875,425.1000061035156,434.0,1783,FMGOETZE
2018-05-17,447.75,452.6000061035156,429.1499938964844,429.1499938964844,8509,FMGOETZE
2018-05-18,447.25,458.45001220703125,434.0,449.75,5879,FMGOETZE
2018-05-21,429.20001220703125,446.8500061035156,425.54998779296875,446.8500061035156,3221,FMGOETZE
2018-05-22,431.3999938964844,439.8999938964844,427.95001220703125,439.8999938964844,1347,FMGOETZE
2018-05-23,421.6000061035156,434.04998779296875,418.5,434.0,2755,FMGOETZE
2018-05-24,439.04998779296875,444.0,416.25,423.04998779296875,4955,FMGOETZE
2018-05-25,436.54998779296875,438.79998779296875,429.6000061035156,438.79998779296875,1033,FMGOETZE
2018-05-28,437.3999938964844,443.0,430.1000061035156,443.0,1641,FMGOETZE
2018-05-29,434.3999938964844,440.70001220703125,431.04998779296875,440.70001220703125,1745,FMGOETZE
2018-05-30,428.8999938964844,444.0,427.0,444.0,3178,FMGOETZE
2018-05-31,424.70001220703125,441.8500061035156,422.79998779296875,431.8999938964844,145696,FMGOETZE
2018-06-01,427.8500061035156,438.0,425.0,438.0,242456,FMGOETZE
2018-06-04,417.25,431.6499938964844,410.3999938964844,430.5,2670,FMGOETZE
2018-06-05,413.5,419.95001220703125,403.0,419.79998779296875,4476,FMGOETZE
2018-06-06,416.29998779296875,420.29998779296875,413.0,414.1499938964844,1583,FMGOETZE
2018-06-07,425.79998779296875,441.95001220703125,419.1499938964844,419.1499938964844,1768,FMGOETZE
2018-06-08,416.5,425.54998779296875,414.0,420.04998779296875,2728,FMGOETZE
2018-06-11,417.6499938964844,424.0,416.0,417.04998779296875,1342,FMGOETZE
2018-06-12,412.70001220703125,421.8500061035156,407.75,419.1499938964844,3993,FMGOETZE
2018-06-13,413.3999938964844,421.0,410.20001220703125,414.6000061035156,4301,FMGOETZE
2018-06-14,412.79998779296875,414.8500061035156,409.0,413.6499938964844,1598,FMGOETZE
2018-06-15,410.95001220703125,418.6499938964844,409.1000061035156,413.70001220703125,3043,FMGOETZE
2018-06-18,410.20001220703125,420.04998779296875,409.95001220703125,410.0,3044,FMGOETZE
2018-06-19,410.0,412.29998779296875,409.0,412.29998779296875,1559,FMGOETZE
2018-06-20,414.3999938964844,415.0,405.1499938964844,414.1499938964844,2708,FMGOETZE
2018-06-21,410.1499938964844,424.75,410.0,415.6499938964844,898,FMGOETZE
2018-06-22,446.0,462.0,406.6000061035156,411.29998779296875,44387,FMGOETZE
2018-06-25,436.8999938964844,443.8999938964844,425.5,436.04998779296875,12341,FMGOETZE
2018-06-26,440.29998779296875,445.95001220703125,425.1499938964844,436.8999938964844,10145,FMGOETZE
2018-06-27,420.54998779296875,439.3500061035156,415.20001220703125,439.3500061035156,6228,FMGOETZE
2018-06-28,415.04998779296875,427.95001220703125,413.5,421.45001220703125,4783,FMGOETZE
2018-06-29,417.1000061035156,423.95001220703125,415.3500061035156,416.0,1624,FMGOETZE
2018-07-02,416.25,422.79998779296875,413.0,416.8500061035156,3041,FMGOETZE
2018-07-03,438.6000061035156,453.8999938964844,415.04998779296875,419.20001220703125,67913,FMGOETZE
2018-07-04,430.25,447.8999938964844,426.1000061035156,436.0,11321,FMGOETZE
2018-07-05,423.95001220703125,432.8999938964844,417.5,426.04998779296875,4092,FMGOETZE
2018-07-06,425.45001220703125,429.54998779296875,422.0,422.04998779296875,1487,FMGOETZE
2018-07-09,421.8999938964844,428.0,412.79998779296875,420.5,1665,FMGOETZE
2018-07-10,429.1000061035156,434.0,420.1000061035156,420.1000061035156,4448,FMGOETZE
2018-07-11,424.04998779296875,432.95001220703125,421.04998779296875,421.04998779296875,1165,FMGOETZE
2018-07-12,423.6499938964844,426.75,421.20001220703125,421.20001220703125,1333,FMGOETZE
2018-07-13,432.0,435.0,422.5,423.8999938964844,6028,FMGOETZE
2018-07-16,414.70001220703125,433.0,411.3999938964844,433.0,2868,FMGOETZE
2018-07-17,421.29998779296875,426.95001220703125,414.0,414.0,4150,FMGOETZE
2018-07-18,415.6000061035156,427.0,413.0,426.95001220703125,40321,FMGOETZE
2018-07-19,414.6000061035156,417.8500061035156,414.0,417.8500061035156,6305,FMGOETZE
2018-07-20,413.0,417.3500061035156,410.6000061035156,413.6000061035156,2966,FMGOETZE
2018-07-23,431.20001220703125,433.95001220703125,414.0,418.8999938964844,13259,FMGOETZE
2018-07-24,432.29998779296875,434.0,422.1000061035156,431.25,3836,FMGOETZE
2018-07-25,429.6499938964844,432.8999938964844,428.0,432.3999938964844,2360,FMGOETZE
2018-07-26,431.8500061035156,432.0,426.0,429.6499938964844,777,FMGOETZE
2018-07-27,441.1499938964844,444.8999938964844,426.0,428.04998779296875,12348,FMGOETZE
2018-07-30,450.0,452.95001220703125,436.1000061035156,443.20001220703125,16540,FMGOETZE
2018-07-31,443.95001220703125,455.0,440.20001220703125,450.0,3023,FMGOETZE
2018-08-01,436.95001220703125,454.45001220703125,436.5,450.54998779296875,5389,FMGOETZE
2018-08-02,430.1000061035156,443.45001220703125,427.45001220703125,443.3999938964844,11141,FMGOETZE
2018-08-03,448.79998779296875,452.0,435.0,435.04998779296875,3891,FMGOETZE
2018-08-06,443.54998779296875,453.95001220703125,440.0,453.95001220703125,1907,FMGOETZE
2018-08-07,444.6000061035156,447.95001220703125,437.04998779296875,440.1000061035156,1107,FMGOETZE
2018-08-08,439.5,442.95001220703125,437.0,442.6499938964844,3992,FMGOETZE
2018-08-09,450.0,451.1499938964844,438.0,442.04998779296875,11862,FMGOETZE
2018-08-10,438.3999938964844,454.0,431.3500061035156,453.95001220703125,5763,FMGOETZE
2018-08-13,448.0,454.1499938964844,422.0,430.04998779296875,9058,FMGOETZE
2018-08-14,442.1000061035156,448.95001220703125,439.6000061035156,448.1499938964844,639,FMGOETZE
2018-08-16,450.1000061035156,455.0,437.0,448.6000061035156,6403,FMGOETZE
2018-08-17,457.5,462.95001220703125,445.0,445.95001220703125,4764,FMGOETZE
2018-08-20,451.45001220703125,459.3999938964844,445.20001220703125,455.04998779296875,8082,FMGOETZE
2018-08-21,455.0,462.04998779296875,448.25,457.8999938964844,1803,FMGOETZE
2018-08-23,448.45001220703125,456.0,440.3500061035156,451.6000061035156,8395,FMGOETZE
2018-08-24,453.45001220703125,459.3999938964844,448.20001220703125,455.1000061035156,2417,FMGOETZE
2018-08-27,448.29998779296875,460.0,444.0,460.0,1329,FMGOETZE
2018-08-28,446.1000061035156,470.0,445.0,448.29998779296875,2724,FMGOETZE
2018-08-29,439.95001220703125,450.0,437.29998779296875,442.04998779296875,5679,FMGOETZE
2018-08-30,445.6000061035156,449.45001220703125,442.04998779296875,445.0,1818,FMGOETZE
2018-08-31,445.75,447.6499938964844,444.25,444.8999938964844,1645,FMGOETZE
2018-09-03,438.8500061035156,445.0,437.0,442.1499938964844,3361,FMGOETZE
2018-09-04,437.70001220703125,442.8999938964844,425.0,436.1000061035156,3936,FMGOETZE
2018-09-05,435.6000061035156,437.8500061035156,431.04998779296875,437.6000061035156,5683,FMGOETZE
2018-09-06,440.1000061035156,445.54998779296875,431.20001220703125,435.04998779296875,2824,FMGOETZE
2018-09-07,431.45001220703125,446.6499938964844,429.04998779296875,436.20001220703125,6120,FMGOETZE
2018-09-10,437.3999938964844,443.0,431.29998779296875,434.29998779296875,3520,FMGOETZE
2018-09-11,438.6000061035156,442.0,431.3999938964844,434.95001220703125,1630,FMGOETZE
2018-09-12,440.20001220703125,469.8999938964844,437.0,439.95001220703125,3531,FMGOETZE
2018-09-14,439.8500061035156,446.45001220703125,437.0,445.45001220703125,2623,FMGOETZE
2018-09-17,446.95001220703125,449.3999938964844,434.79998779296875,435.0,5700,FMGOETZE
2018-09-18,439.75,448.79998779296875,437.0,442.0,3752,FMGOETZE
2018-09-19,435.6000061035156,440.0,434.0,439.95001220703125,1880,FMGOETZE
2018-09-21,436.20001220703125,443.0,420.1000061035156,441.8999938964844,14887,FMGOETZE
2018-09-24,424.79998779296875,434.0,417.0,430.04998779296875,12464,FMGOETZE
2018-09-25,429.79998779296875,438.8999938964844,416.45001220703125,423.1000061035156,6825,FMGOETZE
2018-09-26,419.95001220703125,436.0,417.5,428.04998779296875,15163,FMGOETZE
2018-09-27,413.5,423.8999938964844,395.70001220703125,417.20001220703125,56280,FMGOETZE
2018-09-28,400.1499938964844,418.8999938964844,397.20001220703125,409.0,13381,FMGOETZE
2018-10-01,418.6000061035156,422.0,392.1499938964844,406.1499938964844,100374,FMGOETZE
2018-10-03,421.70001220703125,440.0,415.0,422.0,8118,FMGOETZE
2018-10-04,415.29998779296875,444.3999938964844,412.1000061035156,427.95001220703125,5868,FMGOETZE
2018-10-05,407.25,414.95001220703125,405.1000061035156,413.25,36898,FMGOETZE
2018-10-08,409.8999938964844,415.0,400.0,400.0,73449,FMGOETZE
2018-10-09,406.8999938964844,412.45001220703125,406.1000061035156,408.0,112605,FMGOETZE
2018-10-10,407.79998779296875,420.04998779296875,407.0,412.95001220703125,12536,FMGOETZE
2018-10-11,408.75,411.0,405.0,409.95001220703125,22658,FMGOETZE
2018-10-12,408.6000061035156,414.0,403.20001220703125,407.70001220703125,4952,FMGOETZE
2018-10-15,411.8999938964844,412.95001220703125,408.0,411.20001220703125,17946,FMGOETZE
2018-10-16,412.75,416.3500061035156,408.70001220703125,411.8500061035156,17017,FMGOETZE
2018-10-17,412.6499938964844,419.8999938964844,411.0,412.04998779296875,29022,FMGOETZE
2018-10-19,414.75,417.0,408.25,408.29998779296875,7657,FMGOETZE
2018-10-22,410.5,414.5,405.5,413.70001220703125,5236,FMGOETZE
2018-10-23,410.70001220703125,414.95001220703125,410.0,411.04998779296875,15776,FMGOETZE
2018-10-24,411.54998779296875,435.25,410.04998779296875,413.1000061035156,23729,FMGOETZE
2018-10-25,410.8999938964844,413.75,410.04998779296875,411.1000061035156,3424,FMGOETZE
2018-10-26,411.6499938964844,414.0,407.95001220703125,408.0,2997,FMGOETZE
2018-10-29,411.0,414.5,409.54998779296875,410.79998779296875,7085,FMGOETZE
2018-10-30,411.1499938964844,415.04998779296875,410.0,415.04998779296875,1394,FMGOETZE
2018-10-31,413.6499938964844,417.70001220703125,410.04998779296875,414.6499938964844,3672,FMGOETZE
2018-11-01,411.5,416.0,410.04998779296875,415.95001220703125,1817,FMGOETZE
2018-11-02,416.75,422.0,414.0,414.04998779296875,7269,FMGOETZE
2018-11-05,417.8500061035156,422.8999938964844,414.5,420.25,3855,FMGOETZE
2018-11-06,414.45001220703125,418.3500061035156,411.0,414.79998779296875,6722,FMGOETZE
2018-11-07,416.0,417.75,415.3500061035156,417.0,308,FMGOETZE
2018-11-09,417.70001220703125,420.70001220703125,416.95001220703125,419.45001220703125,1818,FMGOETZE
2018-11-12,419.6000061035156,429.8999938964844,416.75,416.75,4757,FMGOETZE
2018-11-13,417.29998779296875,425.0,416.0,424.95001220703125,940,FMGOETZE
2018-11-14,420.0,429.0,417.04998779296875,422.70001220703125,17977,FMGOETZE
2018-11-15,426.54998779296875,430.8500061035156,419.6000061035156,420.04998779296875,21508,FMGOETZE
2018-11-16,428.6000061035156,430.0,424.0,425.0,4035,FMGOETZE
2018-11-19,426.6499938964844,431.0,424.1000061035156,429.0,5543,FMGOETZE
2018-11-20,423.79998779296875,426.8999938964844,423.79998779296875,426.8999938964844,714,FMGOETZE
2018-11-21,426.29998779296875,429.95001220703125,424.0,425.25,4891,FMGOETZE
2018-11-22,425.5,428.95001220703125,424.1499938964844,426.8999938964844,1157,FMGOETZE
2018-11-26,426.8500061035156,429.3999938964844,424.8999938964844,425.5,6391,FMGOETZE
2018-11-27,425.04998779296875,432.95001220703125,421.0,432.95001220703125,1632,FMGOETZE
2018-11-28,427.1000061035156,429.45001220703125,425.0,426.3500061035156,5900,FMGOETZE
2018-11-29,425.20001220703125,428.5,425.04998779296875,428.5,2234,FMGOETZE
2018-11-30,425.3999938964844,427.8500061035156,424.04998779296875,425.29998779296875,8509,FMGOETZE
2018-12-03,424.8999938964844,438.8999938964844,422.95001220703125,438.8999938964844,8786,FMGOETZE
2018-12-04,427.04998779296875,428.20001220703125,425.29998779296875,425.8500061035156,1856,FMGOETZE
2018-12-05,427.20001220703125,433.29998779296875,421.75,433.29998779296875,2282,FMGOETZE
2018-12-06,429.8999938964844,439.75,428.75,435.0,5502,FMGOETZE
2018-12-07,445.20001220703125,457.0,427.0,427.95001220703125,87925,FMGOETZE
2018-12-10,454.25,456.29998779296875,436.3999938964844,436.3999938964844,24513,FMGOETZE
2018-12-11,469.20001220703125,478.45001220703125,450.95001220703125,451.0,22460,FMGOETZE
2018-12-12,472.6499938964844,476.75,465.20001220703125,469.95001220703125,35702,FMGOETZE
2018-12-13,487.70001220703125,495.0,469.95001220703125,475.0,34984,FMGOETZE
2018-12-14,492.0,498.0,478.0,485.20001220703125,16395,FMGOETZE
2018-12-17,487.1499938964844,497.95001220703125,480.20001220703125,489.0,12970,FMGOETZE
2018-12-18,490.6000061035156,492.5,482.1000061035156,488.0,22235,FMGOETZE
2018-12-19,479.1000061035156,486.54998779296875,478.04998779296875,486.54998779296875,7643,FMGOETZE
2018-12-20,475.3500061035156,478.8500061035156,472.20001220703125,478.8500061035156,14804,FMGOETZE
2018-12-21,472.3500061035156,479.95001220703125,470.6499938964844,479.95001220703125,4467,FMGOETZE
2018-12-24,485.3999938964844,488.04998779296875,472.0,475.20001220703125,11031,FMGOETZE
2018-12-26,476.1000061035156,480.45001220703125,472.95001220703125,480.45001220703125,12908,FMGOETZE
2018-12-27,484.8999938964844,487.0,475.54998779296875,480.79998779296875,31728,FMGOETZE
2018-12-28,494.79998779296875,503.0,485.0,485.0,56327,FMGOETZE
2018-12-31,494.1000061035156,524.0999755859375,492.0,499.29998779296875,45649,FMGOETZE
2019-01-01,499.1499938964844,504.04998779296875,495.20001220703125,498.54998779296875,5171,FMGOETZE
2019-01-02,500.3999938964844,505.6000061035156,499.04998779296875,504.8999938964844,6699,FMGOETZE
2019-01-03,498.79998779296875,505.29998779296875,494.5,505.29998779296875,13715,FMGOETZE
2019-01-04,500.04998779296875,502.0,497.1000061035156,502.0,8640,FMGOETZE
2019-01-07,521.0,530.0,502.1499938964844,503.0,23545,FMGOETZE
2019-01-08,531.5,536.5,521.4500122070312,528.0,21378,FMGOETZE
2019-01-09,526.75,538.4000244140625,523.25,528.5,7841,FMGOETZE
2019-01-10,523.0499877929688,543.75,521.0,529.9500122070312,18377,FMGOETZE
2019-01-11,529.6500244140625,534.9500122070312,520.0,530.0,12280,FMGOETZE
2019-01-14,524.8499755859375,535.0,520.0,529.5999755859375,14179,FMGOETZE
2019-01-15,529.3499755859375,533.9000244140625,521.0999755859375,533.5,5970,FMGOETZE
2019-01-16,521.6500244140625,534.2999877929688,520.0,532.0,7194,FMGOETZE
2019-01-17,521.9000244140625,529.4000244140625,521.5,523.4000244140625,6211,FMGOETZE
2019-01-18,505.6499938964844,525.0499877929688,505.20001220703125,525.0499877929688,7630,FMGOETZE
2019-01-21,502.1000061035156,518.7000122070312,500.20001220703125,501.0,6915,FMGOETZE
2019-01-22,496.29998779296875,510.0,493.25,507.6000061035156,13985,FMGOETZE
2019-01-23,504.1499938964844,510.6000061035156,500.0,500.3999938964844,6356,FMGOETZE
2019-01-24,493.75,510.0,493.20001220703125,510.0,2542,FMGOETZE
2019-01-25,501.25,506.95001220703125,499.0,503.20001220703125,11894,FMGOETZE
2019-01-28,489.04998779296875,496.1000061035156,485.04998779296875,492.25,26328,FMGOETZE
2019-01-29,499.25,505.0,483.1000061035156,485.20001220703125,9545,FMGOETZE
2019-01-30,505.75,510.0,490.29998779296875,496.70001220703125,23923,FMGOETZE
2019-01-31,505.79998779296875,510.8999938964844,493.04998779296875,504.8999938964844,16359,FMGOETZE
2019-02-01,504.3500061035156,508.1499938964844,501.95001220703125,508.1000061035156,5721,FMGOETZE
2019-02-04,503.79998779296875,506.54998779296875,497.95001220703125,502.04998779296875,4991,FMGOETZE
2019-02-05,505.29998779296875,508.0,497.3999938964844,502.54998779296875,13005,FMGOETZE
2019-02-06,498.95001220703125,502.54998779296875,492.20001220703125,501.1499938964844,7822,FMGOETZE
2019-02-07,495.5,499.95001220703125,493.04998779296875,499.95001220703125,2825,FMGOETZE
2019-02-08,498.8500061035156,504.95001220703125,485.6499938964844,495.04998779296875,4329,FMGOETZE
2019-02-11,493.0,497.0,492.95001220703125,495.04998779296875,4991,FMGOETZE
2019-02-12,498.04998779296875,502.8999938964844,490.8500061035156,494.0,6126,FMGOETZE
2019-02-14,486.1499938964844,490.04998779296875,483.20001220703125,483.25,4327,FMGOETZE
2019-02-15,477.75,485.0,476.3999938964844,485.0,5609,FMGOETZE
2019-02-18,480.54998779296875,490.0,471.1000061035156,482.95001220703125,3676,FMGOETZE
2019-02-19,488.45001220703125,490.0,483.04998779296875,483.45001220703125,1447,FMGOETZE
2019-02-20,484.6499938964844,488.0,478.70001220703125,483.95001220703125,4560,FMGOETZE
2019-02-21,486.45001220703125,493.75,478.04998779296875,482.0,641,FMGOETZE
2019-02-22,480.04998779296875,496.04998779296875,461.6000061035156,490.6499938964844,18254,FMGOETZE
2019-02-25,478.70001220703125,481.79998779296875,475.0,481.79998779296875,692,FMGOETZE
2019-02-26,481.0,485.5,478.45001220703125,478.5,762,FMGOETZE
2019-02-27,483.0,485.5,467.0,483.29998779296875,3258,FMGOETZE
2019-02-28,480.04998779296875,484.70001220703125,477.25,483.5,2818,FMGOETZE
2019-03-01,482.1000061035156,484.29998779296875,480.20001220703125,481.8500061035156,2393,FMGOETZE
2019-03-05,498.6000061035156,500.0,481.95001220703125,486.0,3520,FMGOETZE
2019-03-06,488.54998779296875,505.79998779296875,485.5,503.95001220703125,4582,FMGOETZE
2019-03-07,503.3999938964844,504.79998779296875,489.95001220703125,492.1499938964844,7693,FMGOETZE
2019-03-08,538.4500122070312,571.9000244140625,505.95001220703125,512.0,206428,FMGOETZE
2019-03-11,537.2999877929688,552.5,532.5499877929688,548.7000122070312,22547,FMGOETZE
2019-03-12,525.7000122070312,548.0,525.0,544.0,16013,FMGOETZE
2019-03-13,521.7000122070312,528.0,520.0499877929688,521.0999755859375,5489,FMGOETZE
2019-03-14,548.6500244140625,565.0,521.7000122070312,525.7999877929688,36686,FMGOETZE
2019-03-15,540.5499877929688,562.0,526.5,549.0999755859375,12194,FMGOETZE
2019-03-18,548.9000244140625,557.7000122070312,538.4500122070312,538.9000244140625,9807,FMGOETZE
2019-03-19,552.4000244140625,561.5,547.4000244140625,547.4000244140625,9023,FMGOETZE
2019-03-20,575.0,589.0,550.0,554.9000244140625,42521,FMGOETZE
2019-03-22,558.9000244140625,587.0,553.0999755859375,586.9500122070312,60486,FMGOETZE
2019-03-25,559.9000244140625,568.0,557.2999877929688,565.0,58360,FMGOETZE
2019-03-26,550.8499755859375,560.0,541.0,556.7000122070312,32284,FMGOETZE
2019-03-27,558.1500244140625,563.0,548.2000122070312,559.0,35748,FMGOETZE
2019-03-28,562.0499877929688,572.2000122070312,559.2000122070312,560.5999755859375,33170,FMGOETZE
2019-04-01,557.4000244140625,575.0,554.9500122070312,563.1500244140625,16382,FMGOETZE
2019-04-02,538.1500244140625,549.0499877929688,529.2000122070312,549.0499877929688,44417,FMGOETZE
2019-04-03,567.3499755859375,574.0,531.2999877929688,531.2999877929688,51587,FMGOETZE
2019-04-04,595.6500244140625,599.0,556.0,560.0,110423,FMGOETZE
2019-04-05,577.0,595.0,571.5499877929688,595.0,10132,FMGOETZE
2019-04-08,566.4500122070312,581.9500122070312,555.5999755859375,581.9500122070312,13201,FMGOETZE
2019-04-09,575.0,579.0,566.4500122070312,566.4500122070312,3676,FMGOETZE
2019-04-10,581.4000244140625,597.7000122070312,573.0499877929688,576.2000122070312,22536,FMGOETZE
2019-04-11,581.5499877929688,595.0,575.1500244140625,590.0999755859375,14908,FMGOETZE
2019-04-12,585.7999877929688,590.0,571.0499877929688,571.0499877929688,11760,FMGOETZE
2019-04-15,587.8499755859375,594.5999755859375,575.4500122070312,594.5499877929688,10957,FMGOETZE
2019-04-16,580.2999877929688,588.0,575.0,587.9500122070312,14011,FMGOETZE
2019-04-18,579.75,589.9000244140625,574.7000122070312,574.75,13419,FMGOETZE
2019-04-22,575.0,587.9500122070312,570.0499877929688,571.5999755859375,16415,FMGOETZE
2019-04-23,577.3499755859375,580.0,571.7000122070312,578.9000244140625,12143,FMGOETZE
2019-04-24,569.7000122070312,585.9000244140625,566.75,585.9000244140625,13591,FMGOETZE
2019-04-25,565.8499755859375,578.2000122070312,564.0,570.0,6975,FMGOETZE
2019-04-26,559.1500244140625,575.3499755859375,556.0,574.2999877929688,9146,FMGOETZE
2019-04-30,548.9500122070312,559.5,541.6500244140625,555.0,34711,FMGOETZE
2019-05-02,568.1500244140625,570.0,550.4500122070312,554.5499877929688,7493,FMGOETZE
2019-05-03,565.7000122070312,576.7000122070312,560.4000244140625,576.7000122070312,12540,FMGOETZE
2019-05-06,554.4500122070312,569.0,549.7000122070312,560.0,16926,FMGOETZE
2019-05-07,551.4500122070312,567.0,545.0499877929688,562.7999877929688,9004,FMGOETZE
2019-05-08,553.7000122070312,562.0,548.0499877929688,549.9500122070312,8113,FMGOETZE
2019-05-09,530.2999877929688,562.0,523.4000244140625,562.0,12946,FMGOETZE
2019-05-10,544.9000244140625,552.4500122070312,522.9500122070312,538.2999877929688,8801,FMGOETZE
2019-05-13,524.0499877929688,540.2999877929688,520.0,540.2999877929688,9315,FMGOETZE
2019-05-14,495.45001220703125,518.0,482.1000061035156,518.0,10174,FMGOETZE
2019-05-15,532.8499755859375,538.75,497.3999938964844,502.8999938964844,26057,FMGOETZE
2019-05-16,504.95001220703125,540.0,491.6499938964844,525.0499877929688,39652,FMGOETZE
2019-05-17,525.4000244140625,535.0,505.0,509.3999938964844,18773,FMGOETZE
2019-05-20,549.7000122070312,553.0999755859375,539.9000244140625,544.0,14577,FMGOETZE
2019-05-21,551.9500122070312,559.9000244140625,548.0,551.2999877929688,13409,FMGOETZE
2019-05-22,561.4500122070312,564.9000244140625,556.25,557.7000122070312,7287,FMGOETZE
2019-05-23,561.8499755859375,565.0,549.0,564.8499755859375,8378,FMGOETZE
2019-05-24,561.0,565.0,551.7000122070312,564.0499877929688,10302,FMGOETZE
2019-05-27,557.5499877929688,568.7000122070312,550.1500244140625,568.7000122070312,9622,FMGOETZE
2019-05-28,564.9500122070312,568.9500122070312,560.25,568.9500122070312,7296,FMGOETZE
2019-05-29,559.5499877929688,565.2000122070312,555.6500244140625,561.0499877929688,9115,FMGOETZE
2019-05-30,563.5999755859375,565.0,562.4000244140625,562.4000244140625,5421,FMGOETZE
2019-05-31,562.7000122070312,564.0,558.4500122070312,559.0499877929688,6331,FMGOETZE
2019-06-03,543.7999877929688,560.0,534.0,560.0,9137,FMGOETZE
2019-06-04,540.0499877929688,548.0999755859375,530.0,543.7999877929688,5067,FMGOETZE
2019-06-06,539.0499877929688,542.4500122070312,538.7000122070312,542.4500122070312,3076,FMGOETZE
2019-06-07,540.0,542.9500122070312,535.0,537.8499755859375,2992,FMGOETZE
2019-06-10,543.0,544.5,535.75,535.75,2305,FMGOETZE
2019-06-11,547.5499877929688,550.0,539.0499877929688,542.3499755859375,298,FMGOETZE
2019-06-12,541.9000244140625,543.6500244140625,538.5499877929688,542.0999755859375,1782,FMGOETZE
2019-06-13,537.4000244140625,549.5,536.0,541.5999755859375,2977,FMGOETZE
2019-06-14,534.7999877929688,540.9000244140625,534.7999877929688,538.9000244140625,8116,FMGOETZE
2019-06-17,535.9500122070312,550.0,527.3499755859375,530.2000122070312,10268,FMGOETZE
2019-06-18,535.7000122070312,555.0499877929688,535.0999755859375,545.9000244140625,3204,FMGOETZE
2019-06-19,543.75,549.9500122070312,522.5,531.2999877929688,3068,FMGOETZE
2019-06-20,528.2000122070312,543.4500122070312,520.1500244140625,539.5,13725,FMGOETZE
2019-06-21,520.8499755859375,543.0,520.0,530.25,3368,FMGOETZE
2019-06-24,528.0499877929688,548.7000122070312,521.5,525.2000122070312,14115,FMGOETZE
2019-06-25,525.5499877929688,527.5499877929688,521.1500244140625,527.5499877929688,1005,FMGOETZE
2019-06-26,525.2999877929688,537.9500122070312,523.9500122070312,523.9500122070312,533,FMGOETZE
2019-06-27,526.9000244140625,544.0,520.3499755859375,526.6500244140625,10515,FMGOETZE
2019-06-28,533.0499877929688,542.4500122070312,527.0999755859375,537.9500122070312,1638,FMGOETZE
2019-07-01,560.0499877929688,565.0,535.0,535.0,13451,FMGOETZE
2019-07-02,561.9000244140625,562.7999877929688,556.5499877929688,562.7999877929688,2827,FMGOETZE
2019-07-03,567.4000244140625,568.7999877929688,560.0,562.8499755859375,6565,FMGOETZE
2019-07-04,583.1500244140625,588.0,572.0,572.0,10560,FMGOETZE
2019-07-05,580.7999877929688,596.7999877929688,569.0499877929688,591.8499755859375,15672,FMGOETZE
2019-07-08,575.3499755859375,588.75,566.5999755859375,588.75,18365,FMGOETZE
2019-07-09,592.6500244140625,596.0499877929688,571.8499755859375,571.9000244140625,16504,FMGOETZE
2019-07-10,585.1500244140625,600.0,580.8499755859375,585.25,3846,FMGOETZE
2019-07-11,600.2000122070312,613.6500244140625,583.0499877929688,585.8499755859375,13709,FMGOETZE
2019-07-12,590.3499755859375,604.9500122070312,589.9500122070312,604.9500122070312,2683,FMGOETZE
2019-07-15,578.0999755859375,588.6500244140625,568.1500244140625,581.2000122070312,5515,FMGOETZE
2019-07-16,577.9500122070312,585.0,572.0,582.0,18372,FMGOETZE
2019-07-17,568.5,584.9500122070312,562.2000122070312,584.9000244140625,2724,FMGOETZE
2019-07-18,563.25,584.8499755859375,561.0499877929688,566.7000122070312,3324,FMGOETZE
2019-07-19,546.2000122070312,569.0,544.0999755859375,560.2000122070312,6414,FMGOETZE
2019-07-22,529.6500244140625,549.5,527.1500244140625,549.5,8963,FMGOETZE
2019-07-23,534.8499755859375,550.0,526.4500122070312,532.9000244140625,4906,FMGOETZE
2019-07-24,525.0,532.7000122070312,525.0,532.25,5071,FMGOETZE
2019-07-25,518.0999755859375,528.0,515.0499877929688,526.0999755859375,3016,FMGOETZE
2019-07-26,522.5,537.9500122070312,518.5499877929688,518.5499877929688,8600,FMGOETZE
2019-07-29,525.2999877929688,534.6500244140625,513.0,513.0,8400,FMGOETZE
2019-07-30,520.0499877929688,532.9500122070312,520.0,525.2999877929688,4740,FMGOETZE
2019-07-31,517.75,525.0,510.0,523.0,3302,FMGOETZE
2019-08-01,518.5,529.1500244140625,518.0,529.1500244140625,7290,FMGOETZE
2019-08-02,511.5,521.5,505.0,518.1500244140625,6676,FMGOETZE
2019-08-05,511.54998779296875,520.0499877929688,511.5,519.2999877929688,1991,FMGOETZE
2019-08-06,511.29998779296875,524.4000244140625,505.0,524.4000244140625,1019,FMGOETZE
2019-08-07,501.1499938964844,539.7999877929688,501.0,539.7999877929688,11099,FMGOETZE
2019-08-08,501.45001220703125,527.9000244140625,498.25,509.45001220703125,4276,FMGOETZE
2019-08-09,501.29998779296875,505.0,499.5,500.1000061035156,4211,FMGOETZE
2019-08-13,495.45001220703125,525.1500244140625,489.8500061035156,504.95001220703125,6982,FMGOETZE
2019-08-14,505.6499938964844,507.54998779296875,492.1000061035156,495.8500061035156,3806,FMGOETZE
2019-08-16,511.6499938964844,525.0,490.04998779296875,500.0,18348,FMGOETZE
2019-08-19,520.0,520.0999755859375,501.25,505.54998779296875,2428,FMGOETZE
2019-08-20,521.0999755859375,531.4500122070312,500.04998779296875,519.5,15148,FMGOETZE
2019-08-21,498.25,534.75,495.04998779296875,524.0,10566,FMGOETZE
2019-08-22,495.20001220703125,506.0,493.54998779296875,506.0,3398,FMGOETZE
2019-08-23,489.95001220703125,504.95001220703125,485.29998779296875,487.0,3564,FMGOETZE
2019-08-26,501.70001220703125,504.8999938964844,494.8999938964844,494.95001220703125,3317,FMGOETZE
2019-08-27,496.75,531.75,494.1499938964844,511.70001220703125,5937,FMGOETZE
2019-08-28,516.6500244140625,521.0499877929688,499.8500061035156,504.8999938964844,14250,FMGOETZE
2019-08-29,507.6499938964844,527.9500122070312,505.5,527.9500122070312,2462,FMGOETZE
2019-08-30,537.25,540.0,508.95001220703125,518.4500122070312,14124,FMGOETZE
2019-09-03,527.7000122070312,540.5,526.5,534.0499877929688,3354,FMGOETZE
2019-09-04,522.4000244140625,538.0,517.4500122070312,530.9000244140625,1577,FMGOETZE
2019-09-05,539.0999755859375,545.0,518.5499877929688,521.9500122070312,7753,FMGOETZE
2019-09-06,540.9000244140625,550.0,533.0,550.0,2887,FMGOETZE
2019-09-09,551.9000244140625,555.0,533.0999755859375,533.0999755859375,7103,FMGOETZE
2019-09-11,549.9500122070312,558.0,546.2000122070312,549.8499755859375,7391,FMGOETZE
2019-09-12,566.1500244140625,570.0,543.7999877929688,560.3499755859375,13070,FMGOETZE
2019-09-13,573.1500244140625,579.9500122070312,566.0499877929688,566.1500244140625,3706,FMGOETZE
2019-09-16,564.0999755859375,578.7999877929688,555.3499755859375,575.0499877929688,7888,FMGOETZE
2019-09-17,575.8499755859375,585.0499877929688,564.75,569.0,36053,FMGOETZE
2019-09-18,563.0,580.0,560.0499877929688,578.9000244140625,4424,FMGOETZE
2019-09-19,553.2000122070312,575.0,550.1500244140625,569.7000122070312,5439,FMGOETZE
2019-09-20,548.5999755859375,569.0,545.0499877929688,567.9500122070312,13892,FMGOETZE
2019-09-23,537.5,560.9500122070312,531.0499877929688,560.0,4932,FMGOETZE
2019-09-24,543.4000244140625,560.3499755859375,537.0,542.0,3917,FMGOETZE
2019-09-25,546.0,561.0499877929688,540.0499877929688,559.9000244140625,11114,FMGOETZE
2019-09-26,567.5499877929688,569.0,546.0,550.0499877929688,50340,FMGOETZE
2019-09-27,547.5499877929688,568.0499877929688,542.0499877929688,568.0499877929688,7207,FMGOETZE
2019-09-30,544.2999877929688,546.6500244140625,538.8499755859375,545.0499877929688,7362,FMGOETZE
2019-10-01,535.8499755859375,546.7999877929688,531.25,531.25,5039,FMGOETZE
2019-10-03,546.7999877929688,555.0,534.9500122070312,538.9000244140625,876,FMGOETZE
2019-10-04,538.5999755859375,548.0,526.5499877929688,541.5999755859375,4791,FMGOETZE
2019-10-07,534.25,543.1500244140625,525.25,537.0,8069,FMGOETZE
2019-10-09,533.7999877929688,535.0,530.0,533.9500122070312,4491,FMGOETZE
2019-10-10,537.7000122070312,540.0,525.0499877929688,529.5999755859375,6266,FMGOETZE
2019-10-11,536.75,542.0,535.5,542.0,469,FMGOETZE
2019-10-14,535.4000244140625,543.0999755859375,535.4000244140625,540.75,1103,FMGOETZE
2019-10-15,546.9000244140625,565.0,533.0499877929688,539.4000244140625,3912,FMGOETZE
2019-10-16,553.0499877929688,560.7000122070312,540.0999755859375,542.0499877929688,7306,FMGOETZE
2019-10-17,535.0999755859375,552.0999755859375,532.0,552.0999755859375,3004,FMGOETZE
2019-10-18,543.4000244140625,547.3499755859375,540.5999755859375,541.5999755859375,1166,FMGOETZE
2019-10-22,541.0499877929688,559.2999877929688,539.2000122070312,559.2999877929688,2262,FMGOETZE
2019-10-23,545.8499755859375,552.0,543.8499755859375,543.8499755859375,944,FMGOETZE
2019-10-24,551.4500122070312,559.8499755859375,543.0499877929688,551.5,1621,FMGOETZE
2019-10-25,550.4500122070312,568.7999877929688,544.1500244140625,568.7999877929688,1636,FMGOETZE
2019-10-27,559.5,564.9500122070312,540.5,540.5,1044,FMGOETZE
2019-10-29,547.0499877929688,559.5,546.5,559.4500122070312,991,FMGOETZE
2019-10-30,550.2000122070312,559.0,549.0,559.0,640,FMGOETZE
2019-10-31,550.9500122070312,557.0,547.9000244140625,552.8499755859375,407,FMGOETZE
2019-11-01,559.75,564.9000244140625,549.0,554.3499755859375,12885,FMGOETZE
2019-11-04,551.2999877929688,559.4000244140625,550.5999755859375,559.4000244140625,923,FMGOETZE
2019-11-05,545.1500244140625,550.4500122070312,541.5499877929688,545.0499877929688,2276,FMGOETZE
2019-11-06,541.7000122070312,545.4000244140625,540.4500122070312,545.4000244140625,1436,FMGOETZE
2019-11-07,630.6500244140625,650.0,543.4000244140625,545.0,353887,FMGOETZE
2019-11-08,594.0999755859375,638.7999877929688,589.5,624.5499877929688,61562,FMGOETZE
2019-11-11,584.9000244140625,598.9000244140625,578.0,585.25,7778,FMGOETZE
2019-11-13,590.2000122070312,594.5499877929688,582.0499877929688,582.0999755859375,7249,FMGOETZE
2019-11-14,583.7999877929688,594.7000122070312,581.25,594.7000122070312,7868,FMGOETZE
2019-11-15,590.2999877929688,594.0,583.25,590.0,3732,FMGOETZE
2019-11-18,591.2000122070312,596.0,580.2000122070312,594.0,4863,FMGOETZE
2019-11-19,582.5,587.9000244140625,582.2000122070312,583.5499877929688,3804,FMGOETZE
2019-11-20,592.7999877929688,597.8499755859375,580.0999755859375,582.0999755859375,11488,FMGOETZE
2019-11-21,583.5499877929688,601.0,582.0999755859375,599.9000244140625,2739,FMGOETZE
2019-11-22,582.8499755859375,585.1500244140625,582.2999877929688,584.0,4887,FMGOETZE
2019-11-25,585.0,594.0,582.5999755859375,585.0,8878,FMGOETZE
2019-11-26,584.0499877929688,593.0,582.5499877929688,592.9500122070312,4136,FMGOETZE
2019-11-27,588.25,598.0,582.2000122070312,598.0,3167,FMGOETZE
2019-11-28,589.6500244140625,592.3499755859375,583.7999877929688,583.7999877929688,3298,FMGOETZE
2019-11-29,590.0499877929688,592.6500244140625,586.0999755859375,586.5,1911,FMGOETZE
2019-12-02,615.0999755859375,625.5,585.6500244140625,585.6500244140625,6873,FMGOETZE
2019-12-03,598.8499755859375,623.9500122070312,595.0999755859375,623.9000244140625,2301,FMGOETZE
2019-12-04,593.7000122070312,598.9500122070312,590.0,590.0499877929688,3947,FMGOETZE
2019-12-05,537.5999755859375,610.2000122070312,533.0999755859375,591.2999877929688,117352,FMGOETZE
2019-12-06,522.2000122070312,540.0999755859375,518.0,537.5999755859375,19353,FMGOETZE
2019-12-09,525.2000122070312,535.8499755859375,522.0,522.4000244140625,16550,FMGOETZE
2019-12-10,537.9500122070312,551.0,524.2999877929688,528.4500122070312,12368,FMGOETZE
2019-12-11,544.8499755859375,549.8499755859375,532.1500244140625,541.2000122070312,5716,FMGOETZE
2019-12-12,533.7999877929688,545.2000122070312,528.0,544.9000244140625,107858,FMGOETZE
2019-12-13,535.3499755859375,545.9000244140625,525.2000122070312,532.1500244140625,227547,FMGOETZE
2019-12-16,555.4000244140625,564.2999877929688,533.5999755859375,535.2999877929688,61504,FMGOETZE
2019-12-17,662.2000122070312,666.4500122070312,628.0,628.0,783340,FMGOETZE
2019-12-18,652.9500122070312,664.0499877929688,648.2000122070312,658.2000122070312,210352,FMGOETZE
2019-12-19,644.9500122070312,663.8499755859375,637.9000244140625,655.0,86210,FMGOETZE
2019-12-20,644.0499877929688,650.0,630.4500122070312,630.4500122070312,80531,FMGOETZE
2019-12-23,651.4000244140625,652.7999877929688,639.25,647.7999877929688,48806,FMGOETZE
2019-12-24,650.25,650.9000244140625,645.0,645.0,54924,FMGOETZE
2019-12-26,653.75,655.0999755859375,648.25,648.25,32518,FMGOETZE
2019-12-27,657.7000122070312,662.9000244140625,653.7000122070312,653.7000122070312,1438136,FMGOETZE
2019-12-30,658.9000244140625,664.7999877929688,657.0999755859375,662.7999877929688,1224566,FMGOETZE
2019-12-31,658.5999755859375,661.4000244140625,658.0499877929688,659.5,840624,FMGOETZE
2020-01-01,658.4000244140625,660.0,658.1500244140625,658.7999877929688,982150,FMGOETZE
2020-01-02,658.4500122070312,660.8499755859375,658.2999877929688,658.3499755859375,956594,FMGOETZE
2020-01-03,660.2999877929688,660.9500122070312,659.0499877929688,659.9500122070312,54573,FMGOETZE
2020-01-06,659.8499755859375,661.25,659.5,661.0,161269,FMGOETZE
2020-01-07,660.2000122070312,660.9500122070312,659.5499877929688,659.8499755859375,198658,FMGOETZE
2020-01-08,661.25,661.75,660.0499877929688,660.0499877929688,20293,FMGOETZE
2020-01-09,661.7999877929688,662.4500122070312,660.7999877929688,662.0,40903,FMGOETZE
2020-01-10,662.25,663.9500122070312,661.7999877929688,663.9500122070312,12902,FMGOETZE
2020-01-13,662.5,663.0999755859375,662.0,662.0999755859375,93279,FMGOETZE
2020-01-14,662.9500122070312,663.2999877929688,662.25,663.2999877929688,44581,FMGOETZE
2020-01-15,662.5,663.0,661.0,661.9500122070312,12672,FMGOETZE
2020-01-16,643.7000122070312,660.9500122070312,626.0,660.9500122070312,9863,FMGOETZE
2020-01-17,627.5,640.7999877929688,622.0,640.0,11055,FMGOETZE
2020-01-20,652.5,660.0,628.0,628.0,7879,FMGOETZE
2020-01-21,628.2999877929688,652.9000244140625,625.1500244140625,652.0,3351,FMGOETZE
2020-01-22,616.9500122070312,639.5,615.0499877929688,639.5,2915,FMGOETZE
2020-01-23,613.7000122070312,624.0,610.0,617.5499877929688,1378,FMGOETZE
2020-01-24,616.5,620.0,612.0,619.4000244140625,616,FMGOETZE
2020-01-27,618.3499755859375,639.9000244140625,610.0499877929688,617.5,2443,FMGOETZE
2020-01-28,612.75,627.6500244140625,609.7999877929688,617.2000122070312,3207,FMGOETZE
2020-01-29,618.0999755859375,627.8499755859375,606.7000122070312,606.7000122070312,1348,FMGOETZE
2020-01-30,609.75,627.2999877929688,608.0499877929688,627.0499877929688,1423,FMGOETZE
2020-01-31,607.2000122070312,616.0499877929688,604.5499877929688,616.0499877929688,714,FMGOETZE
2020-02-03,562.8499755859375,571.0999755859375,555.0499877929688,555.0499877929688,1103,FMGOETZE
2020-02-04,570.0499877929688,597.9500122070312,556.2999877929688,562.9000244140625,5004,FMGOETZE
2020-02-05,569.9500122070312,578.5999755859375,565.5,576.1500244140625,1771,FMGOETZE
2020-02-06,569.5,574.9000244140625,565.0,565.0,993,FMGOETZE
2020-02-07,575.9000244140625,600.0,556.0,565.0499877929688,4442,FMGOETZE
2020-02-10,573.9500122070312,584.0,556.2000122070312,556.2000122070312,940,FMGOETZE
2020-02-11,575.5499877929688,593.9000244140625,571.25,593.9000244140625,644,FMGOETZE
2020-02-12,571.5499877929688,580.75,569.0,570.0,954,FMGOETZE
2020-02-13,570.6500244140625,576.0,561.5499877929688,568.0,613,FMGOETZE
2020-02-14,565.1500244140625,575.0,556.0499877929688,566.7000122070312,783,FMGOETZE
2020-02-17,557.5499877929688,576.0499877929688,551.1500244140625,560.0,2700,FMGOETZE
2020-02-18,557.0,565.0,550.0,557.5499877929688,622,FMGOETZE
2020-02-19,554.5,574.9500122070312,547.25,574.7999877929688,1555,FMGOETZE
2020-02-20,554.9000244140625,558.0,540.0,551.0999755859375,921,FMGOETZE
2020-02-24,542.4000244140625,560.0,540.0,560.0,899,FMGOETZE
2020-02-25,535.7999877929688,542.0,535.0,542.0,531,FMGOETZE
2020-02-26,554.2999877929688,556.0,535.0,535.0,1157,FMGOETZE
2020-02-27,534.6500244140625,570.0,528.5999755859375,570.0,1975,FMGOETZE
2020-02-28,515.8499755859375,543.0,513.5,533.0,781,FMGOETZE
2020-03-02,521.8499755859375,539.9500122070312,511.0,511.0,1355,FMGOETZE
2020-03-03,513.4000244140625,539.9000244140625,511.1000061035156,521.8499755859375,1168,FMGOETZE
2020-03-04,514.0,518.75,511.1000061035156,513.4000244140625,640,FMGOETZE
2020-03-05,515.1500244140625,518.5,511.5,511.6000061035156,272,FMGOETZE
2020-03-06,501.3999938964844,509.54998779296875,491.0,500.0,535,FMGOETZE
2020-03-09,472.04998779296875,491.0,452.1000061035156,491.0,7049,FMGOETZE
2020-03-11,491.29998779296875,496.5,456.04998779296875,456.04998779296875,562,FMGOETZE
2020-03-12,418.1000061035156,490.95001220703125,395.0,490.95001220703125,10785,FMGOETZE
2020-03-13,395.6000061035156,410.04998779296875,350.0,356.6499938964844,3950,FMGOETZE
2020-03-16,384.8999938964844,395.0,372.5,380.3500061035156,1007,FMGOETZE
2020-03-17,356.3999938964844,403.45001220703125,330.6499938964844,390.75,1982,FMGOETZE
2020-03-18,355.20001220703125,369.79998779296875,350.75,352.6000061035156,447,FMGOETZE
2020-03-19,352.6000061035156,424.70001220703125,335.04998779296875,350.0,2059,FMGOETZE
2020-03-20,353.95001220703125,362.95001220703125,340.0,352.6000061035156,2443,FMGOETZE
2020-03-23,283.20001220703125,394.95001220703125,283.20001220703125,344.79998779296875,5789,FMGOETZE
2020-03-24,262.6499938964844,280.70001220703125,243.1999969482422,280.0,3533,FMGOETZE
2020-03-25,273.45001220703125,280.5,238.3000030517578,252.0,1850,FMGOETZE
2020-03-26,297.1499938964844,299.5,278.0,284.5,1946,FMGOETZE
2020-03-27,294.25,322.8999938964844,290.1000061035156,311.25,1374,FMGOETZE
2020-03-30,315.3500061035156,323.0,280.0,323.0,1822,FMGOETZE
2020-03-31,322.54998779296875,331.95001220703125,314.6499938964844,316.0,549,FMGOETZE
2020-04-01,333.79998779296875,351.8999938964844,318.0,323.54998779296875,993,FMGOETZE
2020-04-03,304.79998779296875,340.95001220703125,300.45001220703125,325.04998779296875,3204,FMGOETZE
2020-04-07,301.0,333.8999938964844,291.1000061035156,333.8999938964844,3984,FMGOETZE
2020-04-08,297.70001220703125,308.0,292.04998779296875,301.0,1125,FMGOETZE
2020-04-09,321.6499938964844,325.0,299.0,319.0,2843,FMGOETZE
2020-04-13,330.0,347.95001220703125,308.1499938964844,347.95001220703125,1241,FMGOETZE
2020-04-15,332.0,345.0,328.0,334.5,1516,FMGOETZE
2020-04-16,336.6499938964844,343.0,329.3999938964844,332.0,841,FMGOETZE
2020-04-17,338.8999938964844,368.0,330.0,339.95001220703125,2315,FMGOETZE
2020-04-20,366.54998779296875,369.75,320.20001220703125,365.0,2097,FMGOETZE
2020-04-21,348.04998779296875,360.0,339.95001220703125,357.0,1553,FMGOETZE
2020-04-22,356.75,360.95001220703125,328.29998779296875,360.0,1499,FMGOETZE
2020-04-23,365.8999938964844,366.95001220703125,356.95001220703125,363.95001220703125,997,FMGOETZE
2020-04-24,336.20001220703125,364.95001220703125,330.1499938964844,341.29998779296875,2281,FMGOETZE
2020-04-27,347.6000061035156,354.0,332.0,345.0,732,FMGOETZE
2020-04-28,343.20001220703125,349.79998779296875,340.5,349.79998779296875,735,FMGOETZE
2020-04-29,363.8500061035156,374.0,344.54998779296875,356.29998779296875,1700,FMGOETZE
2020-04-30,365.20001220703125,379.0,360.0,371.0,3249,FMGOETZE
2020-05-04,350.29998779296875,387.79998779296875,333.0,333.0,1010,FMGOETZE
2020-05-05,342.3500061035156,361.0,336.1499938964844,350.54998779296875,988,FMGOETZE
2020-05-06,354.1499938964844,355.0,340.04998779296875,341.70001220703125,103,FMGOETZE
2020-05-07,341.6499938964844,355.0,340.3500061035156,355.0,243,FMGOETZE
2020-05-08,348.54998779296875,358.54998779296875,337.3500061035156,358.54998779296875,567,FMGOETZE
2020-05-11,344.5,349.5,339.1499938964844,339.1499938964844,404,FMGOETZE
2020-05-12,341.8500061035156,350.0,340.0,350.0,459,FMGOETZE
2020-05-13,342.6499938964844,351.79998779296875,341.04998779296875,341.04998779296875,966,FMGOETZE
2020-05-14,343.6499938964844,348.1000061035156,340.0,347.25,688,FMGOETZE
2020-05-15,344.04998779296875,349.95001220703125,336.3999938964844,336.45001220703125,409,FMGOETZE
2020-05-18,338.0,345.6499938964844,336.79998779296875,345.6000061035156,523,FMGOETZE
2020-05-19,335.0,341.3500061035156,335.0,339.95001220703125,1122,FMGOETZE
2020-05-20,344.0,344.79998779296875,335.0,340.5,339,FMGOETZE
2020-05-21,342.04998779296875,344.95001220703125,340.0,344.8999938964844,326,FMGOETZE
2020-05-22,346.6000061035156,349.3500061035156,338.3999938964844,344.79998779296875,311,FMGOETZE
2020-05-26,350.45001220703125,359.95001220703125,332.04998779296875,359.95001220703125,350,FMGOETZE
2020-05-27,352.3500061035156,354.70001220703125,343.95001220703125,350.0,335,FMGOETZE
2020-05-28,368.8999938964844,380.0,342.45001220703125,342.45001220703125,2821,FMGOETZE
2020-05-29,405.75,405.75,365.04998779296875,370.0,8973,FMGOETZE
2020-06-01,446.29998779296875,446.29998779296875,405.95001220703125,405.95001220703125,10268,FMGOETZE
2020-06-02,455.0,464.79998779296875,446.29998779296875,464.0,12017,FMGOETZE
2020-06-03,445.5,459.04998779296875,439.04998779296875,453.29998779296875,5152,FMGOETZE
2020-06-04,436.54998779296875,443.95001220703125,433.0,435.0,2213,FMGOETZE
2020-06-05,443.1499938964844,454.95001220703125,418.1000061035156,454.95001220703125,1786,FMGOETZE
2020-06-08,446.20001220703125,453.0,426.6000061035156,452.95001220703125,1421,FMGOETZE
2020-06-09,442.3500061035156,445.0,428.3999938964844,428.5,1127,FMGOETZE
2020-06-10,433.25,451.0,431.0,439.04998779296875,916,FMGOETZE
2020-06-11,432.1000061035156,442.1499938964844,416.20001220703125,416.20001220703125,411,FMGOETZE
2020-06-12,412.3999938964844,419.3999938964844,410.5,410.5,2271,FMGOETZE
2020-06-15,410.70001220703125,428.95001220703125,410.6000061035156,413.1000061035156,346,FMGOETZE
2020-06-16,411.6000061035156,426.04998779296875,405.04998779296875,411.1000061035156,1870,FMGOETZE
2020-06-17,411.3500061035156,419.95001220703125,404.0,419.95001220703125,464,FMGOETZE
2020-06-18,406.95001220703125,418.0,402.0,412.0,992,FMGOETZE
2020-06-19,415.3999938964844,426.95001220703125,401.79998779296875,426.95001220703125,1363,FMGOETZE
2020-06-22,414.8500061035156,426.0,405.6499938964844,426.0,933,FMGOETZE
2020-06-23,419.0,420.5,408.0,410.5,1572,FMGOETZE
2020-06-24,415.6000061035156,439.0,406.04998779296875,434.0,2447,FMGOETZE
2020-06-25,398.3999938964844,422.3500061035156,394.8500061035156,414.0,6029,FMGOETZE
2020-06-26,404.25,416.8999938964844,400.20001220703125,416.8999938964844,3316,FMGOETZE
2020-06-29,385.6000061035156,400.1000061035156,384.04998779296875,400.04998779296875,3142,FMGOETZE
2020-06-30,388.8999938964844,394.95001220703125,374.5,393.8999938964844,1347,FMGOETZE
2020-07-01,383.95001220703125,397.5,376.54998779296875,393.0,1378,FMGOETZE
2020-07-02,389.75,395.95001220703125,375.0,375.1499938964844,1799,FMGOETZE
2020-07-03,381.6499938964844,394.0,380.3999938964844,385.45001220703125,1108,FMGOETZE
2020-07-06,382.3999938964844,398.70001220703125,370.04998779296875,393.1499938964844,3297,FMGOETZE
2020-07-07,393.04998779296875,394.45001220703125,375.29998779296875,385.95001220703125,2568,FMGOETZE
2020-07-08,385.45001220703125,400.0,382.0,393.04998779296875,1624,FMGOETZE
2020-07-09,384.1000061035156,389.3999938964844,381.54998779296875,385.3500061035156,504,FMGOETZE
2020-07-10,381.45001220703125,385.95001220703125,378.0,382.0,518,FMGOETZE
2020-07-13,365.25,389.3999938964844,362.3999938964844,383.95001220703125,5853,FMGOETZE
2020-07-14,368.45001220703125,379.0,363.0,364.45001220703125,727,FMGOETZE
2020-07-15,365.04998779296875,375.0,352.0,369.95001220703125,1422,FMGOETZE
2020-07-16,357.3500061035156,368.45001220703125,350.20001220703125,368.45001220703125,629,FMGOETZE
2020-07-17,365.45001220703125,372.8999938964844,350.0,358.0,1310,FMGOETZE
2020-07-20,364.8999938964844,374.0,360.3999938964844,365.45001220703125,2053,FMGOETZE
2020-07-21,367.1000061035156,372.8999938964844,365.0,367.0,1024,FMGOETZE
2020-07-22,363.95001220703125,373.95001220703125,360.0,367.04998779296875,983,FMGOETZE
2020-07-23,355.20001220703125,367.5,350.1000061035156,362.0,2871,FMGOETZE
2020-07-24,350.3500061035156,360.8999938964844,347.75,360.8500061035156,1097,FMGOETZE
2020-07-27,343.70001220703125,354.3999938964844,341.0,348.04998779296875,1246,FMGOETZE
2020-07-28,360.8500061035156,360.8500061035156,344.95001220703125,345.0,1456,FMGOETZE
2020-07-29,361.25,368.0,352.1499938964844,367.95001220703125,897,FMGOETZE
2020-07-30,356.04998779296875,378.0,353.0,364.8500061035156,2973,FMGOETZE
2020-07-31,361.79998779296875,370.04998779296875,351.0,355.3500061035156,753,FMGOETZE
2020-08-03,351.75,368.6000061035156,343.75,362.04998779296875,6714,FMGOETZE
2020-08-04,358.3500061035156,364.0,348.0,358.95001220703125,2410,FMGOETZE
2020-08-05,357.1000061035156,370.0,353.54998779296875,360.0,2780,FMGOETZE
2020-08-06,350.5,359.8999938964844,346.8999938964844,359.04998779296875,1762,FMGOETZE
2020-08-07,351.04998779296875,359.0,344.0,354.95001220703125,3585,FMGOETZE
2020-08-10,351.6499938964844,355.04998779296875,347.0,354.20001220703125,2327,FMGOETZE
2020-08-11,360.95001220703125,368.0,351.0,352.04998779296875,2403,FMGOETZE
2020-08-12,364.0,367.25,354.0,366.0,2654,FMGOETZE
2020-08-13,385.75,394.79998779296875,367.95001220703125,370.0,15562,FMGOETZE
2020-08-14,375.3999938964844,405.0,372.25,382.6000061035156,8703,FMGOETZE
2020-08-17,390.20001220703125,395.0,376.20001220703125,380.0,4776,FMGOETZE
2020-08-18,410.75,427.95001220703125,390.25,396.0,14028,FMGOETZE
2020-08-19,407.20001220703125,417.0,393.3500061035156,411.0,14490,FMGOETZE
2020-08-20,409.54998779296875,413.95001220703125,390.0,413.8500061035156,24490,FMGOETZE
2020-08-21,422.79998779296875,424.8500061035156,415.1499938964844,416.0,28261,FMGOETZE
2020-08-24,415.0,438.0,400.1499938964844,438.0,13543,FMGOETZE
2020-08-25,411.1000061035156,423.70001220703125,406.04998779296875,420.0,14887,FMGOETZE
2020-08-26,413.75,420.0,408.0,411.8999938964844,23691,FMGOETZE
2020-08-27,417.29998779296875,424.0,406.75,406.75,24144,FMGOETZE
2020-08-28,411.95001220703125,423.95001220703125,405.1000061035156,418.0,20884,FMGOETZE
2020-08-31,383.1000061035156,418.8999938964844,371.1000061035156,418.8999938964844,15008,FMGOETZE
2020-09-01,398.04998779296875,418.79998779296875,391.6499938964844,398.95001220703125,2313,FMGOETZE
2020-09-02,388.79998779296875,406.95001220703125,385.0,399.95001220703125,2084,FMGOETZE
2020-09-03,392.8999938964844,398.95001220703125,380.04998779296875,385.04998779296875,8375,FMGOETZE
2020-09-04,389.79998779296875,398.1499938964844,385.0,394.0,2698,FMGOETZE
2020-09-07,381.6499938964844,393.75,372.3999938964844,385.29998779296875,3325,FMGOETZE
2020-09-08,378.5,389.8500061035156,376.1000061035156,376.1000061035156,800,FMGOETZE
2020-09-09,376.20001220703125,378.3500061035156,368.70001220703125,373.54998779296875,1060,FMGOETZE
2020-09-10,375.6499938964844,382.95001220703125,367.6000061035156,375.04998779296875,1708,FMGOETZE
2020-09-11,376.70001220703125,381.5,370.0,376.95001220703125,3446,FMGOETZE
2020-09-14,386.29998779296875,398.8999938964844,374.0,379.95001220703125,5719,FMGOETZE
2020-09-15,387.1000061035156,400.8500061035156,380.04998779296875,393.95001220703125,4448,FMGOETZE
2020-09-16,385.25,395.20001220703125,383.20001220703125,386.79998779296875,3369,FMGOETZE
2020-09-17,381.0,389.8999938964844,377.20001220703125,387.95001220703125,1892,FMGOETZE
2020-09-18,378.20001220703125,389.6000061035156,377.20001220703125,384.1000061035156,2664,FMGOETZE
2020-09-21,365.3500061035156,381.45001220703125,360.20001220703125,378.95001220703125,1834,FMGOETZE
2020-09-22,360.8500061035156,377.70001220703125,351.70001220703125,377.70001220703125,3107,FMGOETZE
2020-09-23,358.75,375.95001220703125,353.3500061035156,353.3500061035156,3031,FMGOETZE
2020-09-24,345.45001220703125,365.0,342.54998779296875,364.95001220703125,4478,FMGOETZE
2020-09-25,344.1499938964844,356.0,340.1000061035156,355.95001220703125,5529,FMGOETZE
2020-09-28,378.54998779296875,378.54998779296875,343.1499938964844,354.8999938964844,66928,FMGOETZE
2020-09-29,396.29998779296875,416.20001220703125,381.0,416.20001220703125,44300,FMGOETZE
2020-09-30,426.79998779296875,435.04998779296875,395.8999938964844,407.8500061035156,91356,FMGOETZE
2020-10-01,438.79998779296875,449.8999938964844,411.54998779296875,427.79998779296875,47819,FMGOETZE
2020-10-05,451.3500061035156,459.8999938964844,422.54998779296875,432.04998779296875,51273,FMGOETZE
2020-10-06,458.79998779296875,465.0,438.0,453.6499938964844,48467,FMGOETZE
2020-10-07,441.25,457.0,436.5,457.0,12895,FMGOETZE
2020-10-08,446.20001220703125,450.0,422.0,449.75,19961,FMGOETZE
2020-10-09,438.8500061035156,451.0,423.8999938964844,435.0,39921,FMGOETZE
2020-10-12,416.95001220703125,416.95001220703125,416.95001220703125,416.95001220703125,1228,FMGOETZE
2020-10-13,396.1499938964844,396.1499938964844,396.1499938964844,396.1499938964844,1245,FMGOETZE
2020-10-14,376.3500061035156,376.3500061035156,376.3500061035156,376.3500061035156,302,FMGOETZE
2020-10-15,357.54998779296875,357.54998779296875,357.54998779296875,357.54998779296875,1097,FMGOETZE
2020-10-16,339.70001220703125,353.0,339.70001220703125,351.0,61106,FMGOETZE
2020-10-19,322.75,331.0,322.75,322.79998779296875,32275,FMGOETZE
2020-10-20,306.6499938964844,317.0,306.6499938964844,315.04998779296875,164804,FMGOETZE
2020-10-21,291.3500061035156,304.8999938964844,291.3500061035156,291.3500061035156,293099,FMGOETZE
2020-10-22,276.79998779296875,276.79998779296875,276.79998779296875,276.79998779296875,7987,FMGOETZE
2020-10-23,290.6000061035156,290.6000061035156,264.20001220703125,272.0,620766,FMGOETZE
2020-10-26,276.3500061035156,298.8999938964844,276.1000061035156,294.0,138204,FMGOETZE
2020-10-27,277.0,286.25,268.0,276.3500061035156,62126,FMGOETZE
2020-10-28,268.70001220703125,276.45001220703125,264.1499938964844,273.25,40099,FMGOETZE
2020-10-29,266.20001220703125,274.79998779296875,261.1499938964844,262.29998779296875,15356,FMGOETZE
2020-10-30,258.45001220703125,278.79998779296875,254.64999389648438,265.95001220703125,83459,FMGOETZE
2020-11-02,257.1499938964844,264.0,253.64999389648438,264.0,16301,FMGOETZE
2020-11-03,249.0,261.6499938964844,246.10000610351562,258.45001220703125,78934,FMGOETZE
2020-11-04,254.1999969482422,261.45001220703125,248.89999389648438,249.0,48165,FMGOETZE
2020-11-05,254.0500030517578,259.3999938964844,252.60000610351562,254.1999969482422,23766,FMGOETZE
2020-11-06,258.0,260.0,254.25,254.25,18543,FMGOETZE
2020-11-09,258.70001220703125,262.8500061035156,256.95001220703125,262.8500061035156,17155,FMGOETZE
2020-11-10,257.54998779296875,262.04998779296875,255.0,261.79998779296875,14458,FMGOETZE
2020-11-11,263.95001220703125,268.75,257.5,257.54998779296875,30567,FMGOETZE
2020-11-12,268.79998779296875,270.6000061035156,263.04998779296875,263.04998779296875,19649,FMGOETZE
2020-11-13,282.20001220703125,282.20001220703125,274.5,274.5,59011,FMGOETZE
2020-11-14,292.1000061035156,294.54998779296875,285.0,286.3999938964844,29840,FMGOETZE
2020-11-17,286.3500061035156,298.45001220703125,278.0,297.95001220703125,52648,FMGOETZE
2020-11-18,283.04998779296875,290.8999938964844,280.0,287.0,27039,FMGOETZE
2020-11-19,282.70001220703125,287.1499938964844,280.79998779296875,283.79998779296875,15057,FMGOETZE
2020-11-20,282.29998779296875,285.70001220703125,280.45001220703125,285.0,16636,FMGOETZE
2020-11-23,296.3999938964844,296.3999938964844,288.0,289.8999938964844,23523,FMGOETZE
2020-11-24,311.20001220703125,311.20001220703125,311.20001220703125,311.20001220703125,23044,FMGOETZE
2020-11-25,321.3500061035156,326.75,303.3500061035156,326.75,198143,FMGOETZE
2020-11-26,318.20001220703125,325.75,313.8999938964844,321.20001220703125,63914,FMGOETZE
2020-11-27,330.6499938964844,334.1000061035156,315.95001220703125,320.5,115588,FMGOETZE
2020-12-01,338.75,342.04998779296875,322.0,340.95001220703125,109928,FMGOETZE
2020-12-02,331.79998779296875,339.95001220703125,328.3999938964844,339.95001220703125,41181,FMGOETZE
2020-12-03,342.6499938964844,344.70001220703125,325.3500061035156,332.0,57964,FMGOETZE
2020-12-04,345.75,350.0,330.0,341.0,87452,FMGOETZE
2020-12-07,347.45001220703125,354.0,340.04998779296875,345.29998779296875,50183,FMGOETZE
2020-12-08,346.3500061035156,353.0,340.0,353.0,46584,FMGOETZE
2020-12-09,348.79998779296875,352.75,340.04998779296875,344.0,117165,FMGOETZE
2020-12-10,333.45001220703125,345.0,331.3999938964844,345.0,233304,FMGOETZE
2020-12-11,316.79998779296875,334.79998779296875,316.79998779296875,334.79998779296875,206303,FMGOETZE
2020-12-14,319.79998779296875,324.25,317.8500061035156,320.0,37968,FMGOETZE
2020-12-15,317.54998779296875,323.8999938964844,316.8999938964844,323.8999938964844,22342,FMGOETZE
2020-12-16,316.8999938964844,319.95001220703125,316.0,318.0,29158,FMGOETZE
2020-12-17,312.3999938964844,320.0,309.95001220703125,318.8500061035156,39072,FMGOETZE
2020-12-18,318.95001220703125,325.0,310.0,315.95001220703125,36264,FMGOETZE
2020-12-21,303.6499938964844,324.8500061035156,303.04998779296875,321.54998779296875,44331,FMGOETZE
2020-12-22,304.95001220703125,309.0,293.0,295.1499938964844,14468,FMGOETZE
2020-12-23,311.25,316.20001220703125,305.6499938964844,309.70001220703125,10062,FMGOETZE
2020-12-24,309.3500061035156,317.1000061035156,308.54998779296875,311.25,11381,FMGOETZE
2020-12-28,314.20001220703125,319.20001220703125,306.3999938964844,319.20001220703125,12387,FMGOETZE
2020-12-29,311.3999938964844,316.45001220703125,311.0,314.20001220703125,6275,FMGOETZE
2020-12-30,312.1499938964844,316.95001220703125,310.29998779296875,311.3999938964844,6156,FMGOETZE
2020-12-31,311.75,316.8999938964844,311.0,312.1000061035156,10283,FMGOETZE
2021-01-01,311.3999938964844,314.79998779296875,311.04998779296875,311.04998779296875,9578,FMGOETZE
2021-01-04,315.45001220703125,319.0,312.8999938964844,312.8999938964844,18401,FMGOETZE
2021-01-05,313.8500061035156,317.1000061035156,313.04998779296875,315.45001220703125,13133,FMGOETZE
2021-01-06,312.1499938964844,320.0,310.0,320.0,17843,FMGOETZE
2021-01-07,314.75,317.0,314.0,315.0,9490,FMGOETZE
2021-01-08,315.6000061035156,318.0,311.0,314.70001220703125,10735,FMGOETZE
2021-01-11,312.54998779296875,317.0,311.45001220703125,316.8999938964844,13446,FMGOETZE
2021-01-12,312.1499938964844,315.0,311.0,315.0,12855,FMGOETZE
2021-01-13,308.20001220703125,315.0,307.6000061035156,315.0,21318,FMGOETZE
2021-01-14,313.3999938964844,317.95001220703125,309.1000061035156,314.0,19540,FMGOETZE
2021-01-15,309.6000061035156,314.45001220703125,308.3500061035156,313.95001220703125,7493,FMGOETZE
2021-01-18,302.45001220703125,309.45001220703125,300.95001220703125,309.04998779296875,13220,FMGOETZE
2021-01-19,308.6499938964844,317.54998779296875,302.54998779296875,305.95001220703125,30492,FMGOETZE
2021-01-20,314.8500061035156,321.3999938964844,306.0,308.3500061035156,30375,FMGOETZE
2021-01-21,306.8999938964844,314.8500061035156,305.3500061035156,314.8500061035156,9944,FMGOETZE
2021-01-22,305.6000061035156,311.20001220703125,302.0,302.0,21056,FMGOETZE
2021-01-25,300.70001220703125,309.95001220703125,295.0,307.6000061035156,62559,FMGOETZE
2021-01-27,294.8500061035156,300.95001220703125,292.6499938964844,300.0,20414,FMGOETZE
2021-01-28,290.1000061035156,296.0,288.04998779296875,296.0,8386,FMGOETZE
2021-01-29,289.1499938964844,296.0,288.3999938964844,296.0,32476,FMGOETZE
2021-02-01,285.25,294.8999938964844,284.6000061035156,294.8999938964844,73281,FMGOETZE
2021-02-02,285.95001220703125,298.6000061035156,282.54998779296875,289.45001220703125,69405,FMGOETZE
2021-02-03,283.8999938964844,288.95001220703125,281.04998779296875,286.1000061035156,74306,FMGOETZE
2021-02-04,282.1000061035156,286.5,281.0,285.29998779296875,74557,FMGOETZE
2021-02-05,281.20001220703125,294.25,278.0,285.0,182104,FMGOETZE
2021-02-08,281.3500061035156,290.1499938964844,279.0,282.54998779296875,243089,FMGOETZE
2021-02-09,281.0,289.3999938964844,279.0,282.70001220703125,111929,FMGOETZE
2021-02-10,281.5,286.1499938964844,279.8999938964844,282.5,142390,FMGOETZE
2021-02-11,279.95001220703125,285.1499938964844,278.0,282.95001220703125,72625,FMGOETZE
2021-02-12,307.8999938964844,307.8999938964844,289.04998779296875,298.79998779296875,679115,FMGOETZE
2021-02-15,309.8999938964844,322.0,307.8500061035156,314.0,149884,FMGOETZE
2021-02-16,299.29998779296875,314.0,296.5,314.0,56665,FMGOETZE
2021-02-17,302.3500061035156,305.0,296.6499938964844,305.0,33979,FMGOETZE
2021-02-18,304.70001220703125,309.70001220703125,302.54998779296875,304.79998779296875,20445,FMGOETZE
2021-02-19,302.1499938964844,306.3500061035156,299.0,306.29998779296875,44809,FMGOETZE
2021-02-22,303.45001220703125,303.95001220703125,301.1000061035156,302.20001220703125,28349,FMGOETZE
2021-02-23,301.75,307.45001220703125,301.20001220703125,304.0,22344,FMGOETZE
2021-02-24,303.6000061035156,305.04998779296875,301.8500061035156,303.25,5816,FMGOETZE
2021-02-25,306.20001220703125,310.0,304.0,304.0,33379,FMGOETZE
2021-02-26,304.45001220703125,306.79998779296875,302.0,305.0,18688,FMGOETZE
2021-03-01,304.3999938964844,306.45001220703125,302.1499938964844,302.1499938964844,15759,FMGOETZE
2021-03-02,307.20001220703125,313.20001220703125,304.25,305.0,20069,FMGOETZE
2021-03-03,307.20001220703125,311.1499938964844,307.1000061035156,307.8500061035156,20390,FMGOETZE
2021-03-04,313.45001220703125,317.79998779296875,304.0,304.0,38196,FMGOETZE
2021-03-05,308.5,316.8999938964844,308.0,316.0,13141,FMGOETZE
2021-03-08,309.45001220703125,312.04998779296875,308.8500061035156,309.0,6081,FMGOETZE
2021-03-09,307.25,313.8999938964844,307.0,307.25,9747,FMGOETZE
2021-03-10,307.6000061035156,308.8999938964844,307.1000061035156,308.1000061035156,4874,FMGOETZE
2021-03-12,307.45001220703125,309.0,304.95001220703125,307.70001220703125,14773,FMGOETZE
2021-03-15,304.95001220703125,308.0,303.04998779296875,303.04998779296875,27002,FMGOETZE
2021-03-16,303.95001220703125,306.95001220703125,302.0,302.0,14315,FMGOETZE
2021-03-17,297.8500061035156,306.95001220703125,297.04998779296875,304.95001220703125,13274,FMGOETZE
2021-03-18,293.1000061035156,301.5,291.0,300.6000061035156,14213,FMGOETZE
2021-03-19,290.8999938964844,293.75,285.0,293.75,9273,FMGOETZE
2021-03-22,291.79998779296875,293.45001220703125,288.1499938964844,292.6499938964844,5134,FMGOETZE
2021-03-23,291.79998779296875,301.8500061035156,291.5,293.20001220703125,8385,FMGOETZE
2021-03-24,291.70001220703125,293.70001220703125,290.1000061035156,293.70001220703125,3087,FMGOETZE
2021-03-25,281.0,293.8500061035156,276.1000061035156,293.8500061035156,12169,FMGOETZE
2021-03-26,282.6499938964844,286.5,282.0,286.5,11694,FMGOETZE
2021-03-30,284.5,290.0,281.04998779296875,284.0,8013,FMGOETZE
2021-03-31,281.1000061035156,285.95001220703125,280.04998779296875,285.95001220703125,7907,FMGOETZE
2021-04-01,288.45001220703125,289.45001220703125,281.3500061035156,281.3500061035156,3956,FMGOETZE
2021-04-05,285.1499938964844,289.54998779296875,281.5,289.54998779296875,2750,FMGOETZE
2021-04-06,284.95001220703125,290.8999938964844,282.79998779296875,290.8999938964844,3066,FMGOETZE
2021-04-07,291.45001220703125,292.20001220703125,282.79998779296875,284.75,6139,FMGOETZE
2021-04-08,299.45001220703125,303.0,295.0,295.0,18417,FMGOETZE
2021-04-09,302.25,311.04998779296875,299.3500061035156,299.45001220703125,43434,FMGOETZE
2021-04-12,291.1499938964844,300.25,290.1000061035156,298.0,15807,FMGOETZE
2021-04-13,295.45001220703125,298.95001220703125,291.04998779296875,291.04998779296875,6399,FMGOETZE
2021-04-15,297.25,298.0,290.0,296.95001220703125,8353,FMGOETZE
2021-04-16,308.20001220703125,316.0,294.0,294.0,20243,FMGOETZE
2021-04-19,299.3999938964844,310.54998779296875,295.95001220703125,308.20001220703125,11906,FMGOETZE
2021-04-20,295.3500061035156,308.0,294.8999938964844,308.0,5931,FMGOETZE
2021-04-22,294.0,296.5,289.8999938964844,290.5,4533,FMGOETZE
2021-04-23,286.0,295.5,284.95001220703125,292.04998779296875,23744,FMGOETZE
2021-04-26,272.54998779296875,278.8999938964844,256.54998779296875,260.0,2282249,FMGOETZE
2021-04-27,283.6499938964844,289.70001220703125,267.0,268.54998779296875,5114278,FMGOETZE
2021-04-28,285.20001220703125,292.0,275.0,287.1000061035156,1686826,FMGOETZE
2021-04-29,291.95001220703125,295.29998779296875,278.6000061035156,284.1000061035156,1754340,FMGOETZE
2021-04-30,291.8999938964844,302.75,288.0,289.95001220703125,1029144,FMGOETZE
2021-05-03,301.79998779296875,304.6000061035156,289.0,290.04998779296875,1138083,FMGOETZE
2021-05-04,290.79998779296875,305.8999938964844,289.6499938964844,304.25,448697,FMGOETZE
2021-05-05,290.3999938964844,296.95001220703125,289.0,296.95001220703125,139073,FMGOETZE
2021-05-06,289.6000061035156,293.95001220703125,287.29998779296875,292.1000061035156,146596,FMGOETZE
2021-05-07,285.1499938964844,294.0,283.70001220703125,291.0,172211,FMGOETZE
2021-05-10,289.54998779296875,295.6499938964844,285.25,285.25,498017,FMGOETZE
2021-05-11,293.1000061035156,296.0,284.25,285.79998779296875,209040,FMGOETZE
2021-05-12,288.95001220703125,295.8999938964844,287.79998779296875,294.0,137599,FMGOETZE
2021-05-14,285.75,291.75,284.25,290.5,157876,FMGOETZE
2021-05-17,288.29998779296875,291.3999938964844,285.5,288.79998779296875,115731,FMGOETZE
2021-05-18,290.75,291.6499938964844,286.6000061035156,290.1000061035156,191785,FMGOETZE
2021-05-19,290.29998779296875,292.54998779296875,288.1000061035156,290.0,393123,FMGOETZE
2021-05-20,290.3999938964844,298.6000061035156,287.0,290.20001220703125,239329,FMGOETZE
2021-05-21,287.95001220703125,293.6000061035156,287.0,291.6000061035156,252170,FMGOETZE
2021-05-24,289.6000061035156,293.0,283.8999938964844,289.95001220703125,176298,FMGOETZE
2021-05-25,289.8500061035156,293.95001220703125,288.0,291.3999938964844,138350,FMGOETZE
2021-05-26,299.8999938964844,309.8999938964844,289.0,291.45001220703125,1179041,FMGOETZE
2021-05-27,307.1000061035156,315.29998779296875,297.1000061035156,302.0,851560,FMGOETZE
2021-05-28,303.3500061035156,312.79998779296875,301.25,309.0,281389,FMGOETZE
2021-05-31,305.3999938964844,310.45001220703125,301.3500061035156,303.95001220703125,186492,FMGOETZE
2021-06-01,307.70001220703125,317.0,304.79998779296875,304.79998779296875,455948,FMGOETZE
2021-06-02,332.79998779296875,337.70001220703125,308.1000061035156,308.8500061035156,2285953,FMGOETZE
2021-06-03,331.6000061035156,340.70001220703125,327.79998779296875,335.0,607672,FMGOETZE
2021-06-04,327.70001220703125,335.75,323.29998779296875,332.95001220703125,254323,FMGOETZE
2021-06-07,336.95001220703125,343.70001220703125,334.0,335.0,425609,FMGOETZE
2021-06-08,332.6000061035156,341.0,322.0,337.95001220703125,287464,FMGOETZE
2021-06-09,325.1499938964844,336.79998779296875,323.0,334.95001220703125,239860,FMGOETZE
2021-06-10,330.0,334.45001220703125,325.25,327.95001220703125,136911,FMGOETZE
2021-06-11,340.6499938964844,351.0,332.25,332.8999938964844,1083670,FMGOETZE
2021-06-14,334.45001220703125,344.8500061035156,328.0,342.0,324547,FMGOETZE
2021-06-15,337.0,344.95001220703125,333.5,333.5,236058,FMGOETZE
2021-06-16,337.1000061035156,342.95001220703125,330.8500061035156,338.0,234670,FMGOETZE
2021-06-17,333.29998779296875,344.95001220703125,331.0,331.0,237046,FMGOETZE
2021-06-18,324.6000061035156,337.75,317.5,337.0,204208,FMGOETZE
2021-06-21,328.04998779296875,330.45001220703125,319.04998779296875,320.0,100665,FMGOETZE
2021-06-22,335.20001220703125,343.0,332.0,333.70001220703125,281748,FMGOETZE
2021-06-23,339.8999938964844,346.8999938964844,335.75,340.0,242858,FMGOETZE
2021-06-24,336.79998779296875,344.8999938964844,335.3999938964844,343.95001220703125,127780,FMGOETZE
2021-06-25,339.1000061035156,341.5,336.5,338.79998779296875,151091,FMGOETZE
2021-06-28,346.0,358.95001220703125,342.0,342.0,883491,FMGOETZE
2021-06-29,329.3500061035156,337.0,326.95001220703125,333.0,582583,FMGOETZE
2021-06-30,320.1499938964844,332.8500061035156,318.04998779296875,330.25,275184,FMGOETZE
2021-07-01,314.1499938964844,325.20001220703125,311.04998779296875,320.3999938964844,232377,FMGOETZE
2021-07-02,316.1499938964844,320.54998779296875,313.04998779296875,316.0,119073,FMGOETZE
2021-07-05,316.95001220703125,320.1499938964844,314.3999938964844,319.8500061035156,146580,FMGOETZE
2021-07-06,314.6499938964844,319.0,313.0,319.0,127257,FMGOETZE
2021-07-07,316.95001220703125,321.75,312.8500061035156,316.79998779296875,140573,FMGOETZE
2021-07-08,306.8999938964844,320.0,305.29998779296875,318.8500061035156,221733,FMGOETZE
2021-07-09,307.29998779296875,310.79998779296875,304.95001220703125,305.0,99381,FMGOETZE
2021-07-12,317.0,322.0,309.3500061035156,311.6000061035156,318667,FMGOETZE
2021-07-13,314.6000061035156,319.8999938964844,313.5,319.5,96343,FMGOETZE
2021-07-14,310.6000061035156,316.29998779296875,309.0,315.95001220703125,109079,FMGOETZE
2021-07-15,306.8999938964844,314.25,306.04998779296875,311.3999938964844,168365,FMGOETZE
2021-07-16,307.70001220703125,314.0,305.8999938964844,309.3999938964844,107304,FMGOETZE
2021-07-19,301.20001220703125,307.5,297.8500061035156,306.0,181462,FMGOETZE
2021-07-20,295.1000061035156,303.95001220703125,291.6000061035156,303.95001220703125,192417,FMGOETZE
2021-07-22,307.95001220703125,313.54998779296875,297.1000061035156,297.1000061035156,245333,FMGOETZE
2021-07-23,306.20001220703125,309.8999938964844,303.0,309.8999938964844,65960,FMGOETZE
2021-07-26,302.20001220703125,307.25,301.0,306.04998779296875,70599,FMGOETZE
2021-07-27,296.1499938964844,304.8500061035156,294.04998779296875,304.8500061035156,195944,FMGOETZE
2021-07-28,296.95001220703125,303.6000061035156,294.0,297.95001220703125,127456,FMGOETZE
2021-07-29,308.3500061035156,310.0,297.1499938964844,298.0,204415,FMGOETZE
2021-07-30,312.6499938964844,319.0,307.6000061035156,308.70001220703125,691627,FMGOETZE
2021-08-02,313.75,319.6000061035156,311.95001220703125,314.45001220703125,287205,FMGOETZE
2021-08-03,311.70001220703125,317.5,309.95001220703125,316.0,218718,FMGOETZE
2021-08-04,304.04998779296875,317.8999938964844,303.0,313.8999938964844,394273,FMGOETZE
2021-08-05,302.3999938964844,305.6499938964844,297.8999938964844,304.79998779296875,349671,FMGOETZE
2021-08-06,302.25,305.0,300.79998779296875,302.5,44243,FMGOETZE
2021-08-09,298.45001220703125,309.0,297.25,304.0,85794,FMGOETZE
2021-08-10,287.70001220703125,301.25,284.04998779296875,298.5,138533,FMGOETZE
2021-08-11,278.20001220703125,292.0,275.6499938964844,290.25,250730,FMGOETZE
2021-08-12,290.04998779296875,291.95001220703125,279.04998779296875,280.79998779296875,102357,FMGOETZE
2021-08-13,285.1000061035156,295.54998779296875,284.0,292.95001220703125,124611,FMGOETZE
2021-08-16,280.0,288.6000061035156,279.0,285.3500061035156,80085,FMGOETZE
2021-08-17,277.95001220703125,282.8500061035156,277.0,282.8500061035156,64857,FMGOETZE
2021-08-18,275.75,280.45001220703125,273.6499938964844,279.95001220703125,70933,FMGOETZE
2021-08-20,269.75,276.5,268.1000061035156,274.0,75250,FMGOETZE
2021-08-23,260.3999938964844,274.1000061035156,258.1000061035156,273.0,111849,FMGOETZE
2021-08-24,267.3999938964844,269.8999938964844,260.1499938964844,263.0,72873,FMGOETZE
2021-08-25,270.79998779296875,276.8500061035156,269.1499938964844,270.0,67273,FMGOETZE
2021-08-26,277.3500061035156,278.8999938964844,267.8500061035156,273.0,77463,FMGOETZE
2021-08-27,280.1000061035156,281.45001220703125,273.45001220703125,278.0,78876,FMGOETZE
2021-08-30,281.5,284.95001220703125,279.6499938964844,284.95001220703125,52013,FMGOETZE
2021-08-31,281.5,283.29998779296875,280.6499938964844,283.0,27690,FMGOETZE
2021-09-01,277.45001220703125,283.0,275.3999938964844,283.0,41264,FMGOETZE
2021-09-02,278.79998779296875,281.25,275.6499938964844,275.6499938964844,38446,FMGOETZE
2021-09-03,280.6000061035156,285.0,278.79998779296875,278.79998779296875,51387,FMGOETZE
2021-09-06,283.8999938964844,288.8999938964844,282.0,285.0,98965,FMGOETZE
2021-09-07,290.70001220703125,297.45001220703125,282.3500061035156,285.95001220703125,239004,FMGOETZE
2021-09-08,291.70001220703125,299.8500061035156,281.0,292.04998779296875,157492,FMGOETZE
2021-09-09,290.45001220703125,294.5,288.54998779296875,293.8500061035156,54328,FMGOETZE
2021-09-13,287.1000061035156,292.20001220703125,285.75,290.3999938964844,59430,FMGOETZE
2021-09-14,289.1000061035156,290.5,286.5,289.95001220703125,45189,FMGOETZE
2021-09-15,292.5,294.79998779296875,288.70001220703125,290.5,63824,FMGOETZE
2021-09-16,285.6000061035156,294.5,284.0,294.5,87239,FMGOETZE
2021-09-17,279.79998779296875,288.45001220703125,278.0,288.45001220703125,101343,FMGOETZE
2021-09-20,272.3999938964844,282.6000061035156,271.5,278.04998779296875,89504,FMGOETZE
2021-09-21,275.25,277.3999938964844,270.25,272.54998779296875,40522,FMGOETZE
2021-09-22,271.04998779296875,279.5,269.29998779296875,277.8999938964844,90336,FMGOETZE
2021-09-23,272.3500061035156,276.95001220703125,270.54998779296875,273.5,76085,FMGOETZE
2021-09-24,270.54998779296875,276.25,269.3500061035156,274.8999938964844,65796,FMGOETZE
2021-09-27,275.70001220703125,283.25,272.0,272.0,179156,FMGOETZE
2021-09-28,285.3999938964844,289.8999938964844,273.8999938964844,277.8999938964844,483830,FMGOETZE
2021-09-29,282.8999938964844,288.0,281.1499938964844,285.0,123436,FMGOETZE
2021-09-30,283.6000061035156,288.0,281.54998779296875,288.0,50221,FMGOETZE
2021-10-01,283.3500061035156,285.6000061035156,279.1000061035156,281.25,67198,FMGOETZE
2021-10-04,282.95001220703125,286.0,281.75,286.0,47291,FMGOETZE
2021-10-05,277.20001220703125,285.3500061035156,274.3999938964844,284.79998779296875,120712,FMGOETZE
2021-10-06,278.54998779296875,282.5,277.54998779296875,279.0,81153,FMGOETZE
2021-10-07,281.8999938964844,286.1499938964844,280.04998779296875,281.5,67529,FMGOETZE
2021-10-08,279.75,283.95001220703125,278.25,283.95001220703125,57536,FMGOETZE
2021-10-11,277.54998779296875,283.0,276.79998779296875,282.3999938964844,70970,FMGOETZE
2021-10-12,280.1000061035156,282.5,277.54998779296875,278.3999938964844,69356,FMGOETZE
2021-10-13,279.04998779296875,284.70001220703125,278.1000061035156,280.95001220703125,92893,FMGOETZE
2021-10-14,279.0,281.95001220703125,278.1000061035156,279.20001220703125,63137,FMGOETZE
2021-10-18,277.1000061035156,282.79998779296875,275.0,280.29998779296875,80007,FMGOETZE
2021-10-19,273.95001220703125,278.95001220703125,273.0,278.95001220703125,62111,FMGOETZE
2021-10-20,268.3999938964844,273.8999938964844,265.1000061035156,272.04998779296875,107087,FMGOETZE
2021-10-21,265.79998779296875,270.0,265.0,269.6000061035156,58117,FMGOETZE
2021-10-22,263.6499938964844,267.5,261.0,266.70001220703125,57587,FMGOETZE
2021-10-25,259.6499938964844,265.04998779296875,257.79998779296875,264.8999938964844,53030,FMGOETZE
2021-10-26,262.20001220703125,269.0,260.0,260.0,42730,FMGOETZE
2021-10-27,262.04998779296875,264.8999938964844,260.45001220703125,264.8500061035156,32320,FMGOETZE
2021-10-28,258.70001220703125,263.0,258.0,262.45001220703125,29217,FMGOETZE
2021-10-29,257.70001220703125,262.5,256.0,258.5,30057,FMGOETZE
2021-11-01,259.79998779296875,260.8999938964844,258.1499938964844,259.0,20423,FMGOETZE
2021-11-02,262.6000061035156,265.54998779296875,260.8500061035156,262.0,29620,FMGOETZE
2021-11-03,261.0,266.0,260.3999938964844,264.5,27237,FMGOETZE
2021-11-04,262.79998779296875,263.8500061035156,258.0,260.6000061035156,9147,FMGOETZE
2021-11-08,262.70001220703125,264.75,260.1000061035156,263.54998779296875,31078,FMGOETZE
2021-11-09,275.1000061035156,277.8500061035156,262.95001220703125,263.0,88845,FMGOETZE
2021-11-10,272.0,278.79998779296875,267.0,278.5,56305,FMGOETZE
2021-11-11,272.1499938964844,275.0,268.6499938964844,275.0,37739,FMGOETZE
2021-11-12,267.79998779296875,275.8500061035156,266.0,274.8999938964844,64312,FMGOETZE
2021-11-15,256.6499938964844,272.5,250.9499969482422,272.5,127813,FMGOETZE
2021-11-16,261.5,264.6000061035156,257.25,258.95001220703125,48121,FMGOETZE
2021-11-17,257.3500061035156,263.79998779296875,257.04998779296875,261.5,92797,FMGOETZE
2021-11-18,255.5500030517578,259.3500061035156,253.6999969482422,258.0,35728,FMGOETZE
2021-11-22,246.85000610351562,257.8999938964844,245.10000610351562,257.8999938964844,62758,FMGOETZE
2021-11-23,250.35000610351562,253.4499969482422,244.5500030517578,246.85000610351562,31269,FMGOETZE
2021-11-24,250.89999389648438,254.89999389648438,249.10000610351562,249.10000610351562,35770,FMGOETZE
2021-11-25,249.6999969482422,253.60000610351562,248.4499969482422,252.75,58332,FMGOETZE
2021-11-26,243.0500030517578,252.35000610351562,242.10000610351562,248.89999389648438,63731,FMGOETZE
2021-11-29,235.5,243.0,224.14999389648438,243.0,55296,FMGOETZE
2021-11-30,236.14999389648438,242.0,231.0500030517578,231.0500030517578,31118,FMGOETZE
2021-12-01,239.64999389648438,240.75,236.1999969482422,238.1999969482422,23750,FMGOETZE
2021-12-02,240.5500030517578,244.0,237.25,240.10000610351562,35980,FMGOETZE
2021-12-03,240.8000030517578,248.0500030517578,238.4499969482422,243.75,37842,FMGOETZE
2021-12-06,236.3000030517578,242.75,234.39999389648438,242.75,40263,FMGOETZE
2021-12-07,237.6999969482422,241.5,235.25,241.5,28166,FMGOETZE
2021-12-08,239.75,240.5,238.35000610351562,239.8000030517578,34205,FMGOETZE
2021-12-09,239.60000610351562,242.0,238.6999969482422,241.0,35919,FMGOETZE
2021-12-10,238.5,241.89999389648438,237.0,241.89999389648438,60645,FMGOETZE
2021-12-13,238.35000610351562,241.9499969482422,237.0,240.0,45546,FMGOETZE
2021-12-14,237.1999969482422,240.0,236.25,240.0,20260,FMGOETZE
2021-12-15,235.9499969482422,239.89999389648438,235.0,239.89999389648438,24654,FMGOETZE
2021-12-16,234.9499969482422,238.0500030517578,232.5500030517578,236.39999389648438,81614,FMGOETZE
2021-12-17,231.89999389648438,234.5,229.5500030517578,234.5,87738,FMGOETZE
2021-12-20,219.75,230.8000030517578,217.39999389648438,230.8000030517578,76845,FMGOETZE
2021-12-21,210.75,225.14999389648438,202.35000610351562,220.85000610351562,253524,FMGOETZE
2021-12-22,217.0,219.39999389648438,210.0500030517578,210.0500030517578,105802,FMGOETZE
2021-12-23,216.60000610351562,220.3000030517578,214.64999389648438,218.9499969482422,34182,FMGOETZE
2021-12-24,214.6999969482422,220.0,212.0,217.0,36844,FMGOETZE
2021-12-27,209.35000610351562,216.60000610351562,208.9499969482422,214.8000030517578,95780,FMGOETZE
2021-12-28,209.9499969482422,213.89999389648438,208.0,211.3000030517578,127497,FMGOETZE
2021-12-29,210.3000030517578,215.0,209.35000610351562,209.9499969482422,65705,FMGOETZE
2021-12-30,214.0,215.39999389648438,210.5500030517578,210.5500030517578,77129,FMGOETZE
2021-12-31,215.1999969482422,217.6999969482422,214.1999969482422,215.14999389648438,66958,FMGOETZE
2022-01-03,222.14999389648438,223.9499969482422,214.4499969482422,214.5,71948,FMGOETZE
2022-01-04,235.14999389648438,236.85000610351562,221.25,222.85000610351562,341149,FMGOETZE
2022-01-05,232.10000610351562,239.4499969482422,227.0,234.0,122574,FMGOETZE
2022-01-06,234.0,234.85000610351562,227.14999389648438,230.10000610351562,50294,FMGOETZE
2022-01-07,231.14999389648438,237.89999389648438,230.10000610351562,234.0,49271,FMGOETZE
2022-01-10,233.4499969482422,235.0,231.8000030517578,231.8000030517578,43702,FMGOETZE
2022-01-11,240.10000610351562,243.89999389648438,232.8000030517578,232.8000030517578,104531,FMGOETZE
2022-01-12,239.60000610351562,243.64999389648438,239.0,242.60000610351562,48627,FMGOETZE
2022-01-13,236.9499969482422,240.0500030517578,235.10000610351562,238.0500030517578,27376,FMGOETZE
2022-01-14,236.1999969482422,238.6999969482422,231.89999389648438,235.14999389648438,42222,FMGOETZE
2022-01-17,242.4499969482422,243.85000610351562,236.0,236.10000610351562,45505,FMGOETZE
2022-01-18,238.4499969482422,243.4499969482422,237.85000610351562,242.9499969482422,34758,FMGOETZE
2022-01-19,237.25,239.89999389648438,235.35000610351562,236.0500030517578,22239,FMGOETZE
2022-01-20,237.85000610351562,242.0,235.9499969482422,238.0,39201,FMGOETZE
2022-01-21,233.5500030517578,239.10000610351562,233.10000610351562,238.0,27218,FMGOETZE
2022-01-24,220.39999389648438,235.0,216.0,235.0,64645,FMGOETZE
2022-01-25,234.6999969482422,237.1999969482422,218.0,221.8000030517578,45800,FMGOETZE
2022-01-27,239.0,240.8000030517578,231.1999969482422,234.0,36969,FMGOETZE
2022-01-28,233.85000610351562,242.39999389648438,232.64999389648438,239.0,24095,FMGOETZE
2022-01-31,231.8000030517578,237.60000610351562,230.0500030517578,232.25,23252,FMGOETZE
2022-02-01,229.35000610351562,235.0,225.0,232.10000610351562,18917,FMGOETZE
2022-02-02,234.10000610351562,235.0,230.39999389648438,232.10000610351562,19934,FMGOETZE
2022-02-03,231.6999969482422,236.4499969482422,231.0,236.4499969482422,29712,FMGOETZE
2022-02-04,233.8000030517578,236.0,231.0,232.0,32863,FMGOETZE
2022-02-07,232.1999969482422,241.0,231.5,235.0,47960,FMGOETZE
2022-02-08,241.25,245.3000030517578,234.0500030517578,234.9499969482422,159970,FMGOETZE
2022-02-09,248.35000610351562,252.5,241.9499969482422,244.0,168843,FMGOETZE
2022-02-10,241.5,243.5,233.0,240.0,194950,FMGOETZE
2022-02-11,243.0,245.0,234.6999969482422,238.0,74591,FMGOETZE
2022-02-14,226.5,241.0,225.0,241.0,58270,FMGOETZE
2022-02-15,232.4499969482422,234.0,223.1999969482422,227.0,33332,FMGOETZE
2022-02-16,233.0,235.6999969482422,230.0,231.0500030517578,127536,FMGOETZE
2022-02-17,227.14999389648438,236.35000610351562,225.0,234.3000030517578,134664,FMGOETZE
2022-02-18,234.75,235.9499969482422,226.25,227.14999389648438,148679,FMGOETZE
2022-02-21,255.1999969482422,267.8999938964844,235.0,235.0,1026175,FMGOETZE
2022-02-22,249.3000030517578,254.9499969482422,241.3000030517578,242.0,275665,FMGOETZE
2022-02-23,251.5,256.1499938964844,247.14999389648438,249.35000610351562,208489,FMGOETZE
2022-02-24,265.45001220703125,274.0,262.1499938964844,270.1000061035156,2349033,FMGOETZE
2022-02-25,266.79998779296875,272.0,265.5,270.1499938964844,196420,FMGOETZE
2022-02-28,265.45001220703125,268.75,265.1000061035156,266.5,139347,FMGOETZE
2022-03-02,265.95001220703125,273.3999938964844,265.0,265.1000061035156,210244,FMGOETZE
2022-03-03,265.04998779296875,267.45001220703125,264.1000061035156,266.1000061035156,122643,FMGOETZE
2022-03-04,265.0,267.0,264.25,264.25,112370,FMGOETZE
2022-03-07,262.1499938964844,264.8999938964844,260.1000061035156,264.1000061035156,208528,FMGOETZE
2022-03-08,262.04998779296875,264.79998779296875,261.25,262.1499938964844,60099,FMGOETZE
2022-03-09,263.1499938964844,263.95001220703125,261.25,263.95001220703125,70233,FMGOETZE
2022-03-10,265.04998779296875,267.3999938964844,262.04998779296875,264.8500061035156,134325,FMGOETZE
2022-03-11,263.25,264.8999938964844,263.04998779296875,264.0,39440,FMGOETZE
2022-03-14,263.3500061035156,264.45001220703125,262.3500061035156,262.70001220703125,49232,FMGOETZE
2022-03-15,263.3500061035156,264.75,262.70001220703125,263.75,178615,FMGOETZE
2022-03-16,265.25,266.29998779296875,263.45001220703125,264.29998779296875,346532,FMGOETZE
2022-03-17,266.79998779296875,268.79998779296875,265.25,266.75,197061,FMGOETZE
2022-03-21,265.6499938964844,267.54998779296875,265.04998779296875,266.79998779296875,57361,FMGOETZE
2022-03-22,266.75,267.95001220703125,265.20001220703125,265.6000061035156,159064,FMGOETZE
2022-03-23,267.20001220703125,269.0,265.8500061035156,267.79998779296875,64613,FMGOETZE
2022-03-24,266.6000061035156,269.5,265.25,265.25,650888,FMGOETZE
2022-03-25,266.45001220703125,268.3999938964844,264.29998779296875,268.3999938964844,154467,FMGOETZE
2022-03-28,264.0,268.0,263.3999938964844,266.45001220703125,109385,FMGOETZE
2022-03-29,264.8500061035156,267.5,264.0,264.5,114876,FMGOETZE
2022-03-30,266.1000061035156,267.0,264.0,266.0,67200,FMGOETZE
2022-03-31,265.6499938964844,270.75,265.04998779296875,266.1000061035156,165436,FMGOETZE
2022-04-01,267.70001220703125,269.45001220703125,265.95001220703125,267.3999938964844,26709,FMGOETZE
2022-04-04,268.54998779296875,272.79998779296875,267.04998779296875,271.5,53989,FMGOETZE
2022-04-05,266.8500061035156,269.6000061035156,265.1000061035156,269.5,162017,FMGOETZE
2022-04-06,268.3500061035156,270.0,266.8500061035156,268.8999938964844,46426,FMGOETZE
2022-04-07,268.3999938964844,269.79998779296875,267.54998779296875,269.79998779296875,26841,FMGOETZE
2022-04-08,278.20001220703125,282.0,268.20001220703125,269.75,374125,FMGOETZE
2022-04-11,280.8500061035156,287.0,279.6000061035156,282.0,117602,FMGOETZE
2022-04-12,272.95001220703125,280.8500061035156,272.1000061035156,280.75,63281,FMGOETZE
2022-04-13,274.0,277.45001220703125,271.6000061035156,272.95001220703125,51533,FMGOETZE
2022-04-18,272.04998779296875,274.75,270.25,271.5,49103,FMGOETZE
2022-04-19,270.1499938964844,278.0,270.1000061035156,273.95001220703125,85983,FMGOETZE
2022-04-20,272.29998779296875,272.8999938964844,270.1000061035156,271.70001220703125,40986,FMGOETZE
2022-04-21,272.5,274.5,272.04998779296875,274.5,33745,FMGOETZE
2022-04-22,270.75,273.8500061035156,270.25,273.8500061035156,22669,FMGOETZE
2022-04-25,272.25,276.0,269.25,269.25,67503,FMGOETZE
2022-04-26,272.3999938964844,274.3500061035156,271.25,273.6000061035156,15939,FMGOETZE
2022-04-27,270.20001220703125,273.70001220703125,270.0,272.04998779296875,58468,FMGOETZE
2022-04-28,270.8999938964844,274.0,270.25,271.6499938964844,45430,FMGOETZE
2022-04-29,271.0,274.5,270.5,274.5,23968,FMGOETZE
2022-05-02,271.6499938964844,272.8999938964844,269.1000061035156,271.0,36182,FMGOETZE
2022-05-04,270.0,271.6499938964844,269.6000061035156,271.6499938964844,51294,FMGOETZE
2022-05-05,270.95001220703125,271.95001220703125,270.1000061035156,270.1499938964844,17225,FMGOETZE
2022-05-06,271.04998779296875,274.8999938964844,268.29998779296875,270.95001220703125,40463,FMGOETZE
2022-05-09,269.54998779296875,270.0,267.54998779296875,269.25,44324,FMGOETZE
2022-05-10,269.1000061035156,272.3999938964844,268.45001220703125,268.5,51722,FMGOETZE
2022-05-11,269.1000061035156,271.0,268.1000061035156,271.0,161533,FMGOETZE
2022-05-12,266.95001220703125,269.20001220703125,265.5,268.3500061035156,38969,FMGOETZE
2022-05-13,267.45001220703125,268.1000061035156,266.5,267.0,17015,FMGOETZE
2022-05-16,268.79998779296875,270.6499938964844,267.25,268.79998779296875,17887,FMGOETZE
2022-05-17,268.0,269.8999938964844,267.04998779296875,269.79998779296875,18127,FMGOETZE
2022-05-18,270.8500061035156,271.75,267.3999938964844,269.0,22691,FMGOETZE
2022-05-19,267.3999938964844,271.8999938964844,266.5,266.54998779296875,19567,FMGOETZE
2022-05-20,272.79998779296875,273.70001220703125,269.04998779296875,270.04998779296875,22369,FMGOETZE
2022-05-23,270.54998779296875,274.5,270.0,274.0,38815,FMGOETZE
2022-05-24,270.29998779296875,273.0,270.1000061035156,273.0,13704,FMGOETZE
2022-05-25,270.20001220703125,272.75,270.0,272.75,42543,FMGOETZE
2022-05-26,271.70001220703125,272.5,270.0,270.0,21466,FMGOETZE
2022-05-27,271.6499938964844,274.29998779296875,271.04998779296875,272.75,34315,FMGOETZE
2022-05-30,270.3500061035156,273.45001220703125,270.1000061035156,273.45001220703125,10305,FMGOETZE
2022-05-31,272.5,273.8999938964844,270.3999938964844,270.3999938964844,26305,FMGOETZE
2022-06-01,272.3500061035156,273.8999938964844,270.25,270.25,16529,FMGOETZE
2022-06-02,275.1000061035156,276.75,271.0,272.79998779296875,53699,FMGOETZE
2022-06-03,274.8500061035156,276.3999938964844,273.54998779296875,276.3999938964844,12030,FMGOETZE
2022-06-06,274.3999938964844,276.1000061035156,271.54998779296875,271.54998779296875,16498,FMGOETZE
2022-06-07,275.70001220703125,276.5,273.0,273.0,13935,FMGOETZE
2022-06-08,287.70001220703125,292.5,274.29998779296875,276.0,682455,FMGOETZE
2022-06-09,285.3500061035156,290.0,282.6499938964844,290.0,58495,FMGOETZE
2022-06-10,283.45001220703125,286.8999938964844,282.5,286.8999938964844,37648,FMGOETZE
2022-06-13,281.8500061035156,284.6499938964844,281.0,282.3999938964844,48604,FMGOETZE
2022-06-14,280.6000061035156,284.6499938964844,280.04998779296875,280.04998779296875,35705,FMGOETZE
2022-06-15,280.1000061035156,282.95001220703125,280.04998779296875,281.20001220703125,30805,FMGOETZE
2022-06-16,275.3999938964844,282.0,274.6499938964844,281.1000061035156,71204,FMGOETZE
2022-06-17,276.0,278.0,274.29998779296875,274.29998779296875,39852,FMGOETZE
2022-06-20,274.20001220703125,279.0,274.1000061035156,276.3999938964844,72718,FMGOETZE
2022-06-21,275.3500061035156,276.95001220703125,274.1000061035156,274.20001220703125,13016,FMGOETZE
2022-06-22,274.25,275.8999938964844,273.25,274.0,16585,FMGOETZE
2022-06-23,274.3999938964844,276.20001220703125,274.04998779296875,275.8999938964844,12982,FMGOETZE
2022-06-24,275.0,276.0,274.04998779296875,275.3999938964844,11559,FMGOETZE
2022-06-27,275.79998779296875,277.70001220703125,275.0,275.0,10628,FMGOETZE
2022-06-28,279.04998779296875,280.8999938964844,274.54998779296875,276.6000061035156,24493,FMGOETZE
2022-06-29,282.3999938964844,284.45001220703125,277.3500061035156,279.25,29186,FMGOETZE
2022-06-30,283.54998779296875,284.5,281.1000061035156,284.5,11154,FMGOETZE
2022-07-01,279.79998779296875,284.79998779296875,278.25,284.79998779296875,11999,FMGOETZE
2022-07-04,282.3999938964844,283.3999938964844,278.3500061035156,279.8999938964844,17294,FMGOETZE
2022-07-05,278.79998779296875,283.45001220703125,277.54998779296875,282.3500061035156,16802,FMGOETZE
2022-07-06,281.6499938964844,283.04998779296875,279.04998779296875,281.54998779296875,8228,FMGOETZE
2022-07-07,279.54998779296875,282.79998779296875,279.1000061035156,282.79998779296875,10178,FMGOETZE
2022-07-08,283.79998779296875,286.0,281.75,281.79998779296875,57255,FMGOETZE
2022-07-11,284.04998779296875,285.79998779296875,283.0,285.0,17475,FMGOETZE
2022-07-12,287.3999938964844,288.45001220703125,283.6499938964844,283.6499938964844,57265,FMGOETZE
2022-07-13,287.25,289.79998779296875,285.6000061035156,287.5,45575,FMGOETZE
2022-07-14,287.1499938964844,289.20001220703125,286.1000061035156,287.6499938964844,24381,FMGOETZE
2022-07-15,289.04998779296875,295.75,287.79998779296875,287.79998779296875,59016,FMGOETZE
2022-07-18,288.5,292.8999938964844,285.25,285.25,22424,FMGOETZE
2022-07-19,289.54998779296875,291.29998779296875,287.1000061035156,291.29998779296875,41328,FMGOETZE
2022-07-20,288.1000061035156,294.75,287.1000061035156,287.1499938964844,39373,FMGOETZE
2022-07-21,289.29998779296875,290.6000061035156,287.0,287.0,15358,FMGOETZE
2022-07-22,297.3500061035156,298.3999938964844,288.1000061035156,290.0,101921,FMGOETZE
2022-07-25,293.29998779296875,303.79998779296875,292.29998779296875,298.0,80589,FMGOETZE
2022-07-26,289.25,294.70001220703125,288.79998779296875,294.1000061035156,15809,FMGOETZE
2022-07-27,289.3500061035156,292.5,288.20001220703125,289.75,18668,FMGOETZE
2022-07-28,289.20001220703125,292.0,288.04998779296875,289.0,28742,FMGOETZE
2022-07-29,288.1499938964844,291.3500061035156,285.04998779296875,290.79998779296875,29979,FMGOETZE
2022-08-01,288.1499938964844,291.0,287.20001220703125,290.29998779296875,43023,FMGOETZE
2022-08-02,291.70001220703125,294.70001220703125,286.5,286.5,48567,FMGOETZE
2022-08-03,289.20001220703125,294.3999938964844,288.25,294.3999938964844,25431,FMGOETZE
2022-08-04,290.8500061035156,294.0,288.5,290.29998779296875,34624,FMGOETZE
2022-08-05,289.8500061035156,294.95001220703125,288.54998779296875,288.54998779296875,24406,FMGOETZE
2022-08-08,289.54998779296875,293.3999938964844,288.54998779296875,292.6499938964844,24355,FMGOETZE
2022-08-10,288.1499938964844,290.0,286.8999938964844,290.0,55223,FMGOETZE
2022-08-11,287.70001220703125,290.5,287.25,290.0,8326,FMGOETZE
2022-08-12,287.5,291.20001220703125,287.25,289.95001220703125,37191,FMGOETZE
2022-08-16,286.95001220703125,293.0,285.54998779296875,290.3500061035156,48077,FMGOETZE
2022-08-17,286.54998779296875,289.45001220703125,286.1499938964844,286.3500061035156,51185,FMGOETZE
2022-08-18,286.79998779296875,288.25,286.20001220703125,287.0,20987,FMGOETZE
2022-08-19,285.79998779296875,288.3999938964844,285.1000061035156,288.0,17364,FMGOETZE
2022-08-22,285.1499938964844,286.45001220703125,284.0,285.79998779296875,28704,FMGOETZE
2022-08-23,286.45001220703125,287.79998779296875,284.0,285.0,28878,FMGOETZE
2022-08-24,290.5,292.0,285.0,286.0,58195,FMGOETZE
2022-08-25,289.1499938964844,293.3500061035156,288.5,291.0,21369,FMGOETZE
2022-08-26,288.1000061035156,291.25,288.04998779296875,289.20001220703125,30440,FMGOETZE
2022-08-29,290.70001220703125,294.79998779296875,285.04998779296875,285.1000061035156,81249,FMGOETZE
2022-08-30,290.79998779296875,294.3999938964844,289.0,289.0,40147,FMGOETZE
2022-09-01,291.0,294.0,289.8999938964844,292.75,30933,FMGOETZE
2022-09-02,290.8999938964844,294.3999938964844,288.04998779296875,292.0,31577,FMGOETZE
2022-09-05,294.25,294.95001220703125,292.0,293.0,48733,FMGOETZE
2022-09-06,293.1499938964844,298.5,291.1499938964844,295.75,50041,FMGOETZE
2022-09-07,292.95001220703125,295.1000061035156,291.75,294.0,37149,FMGOETZE
2022-09-08,294.54998779296875,299.5,291.1000061035156,293.79998779296875,194498,FMGOETZE
2022-09-09,295.95001220703125,303.20001220703125,293.20001220703125,293.20001220703125,104774,FMGOETZE
2022-09-12,297.04998779296875,298.8500061035156,294.6499938964844,296.79998779296875,65052,FMGOETZE
2022-09-13,308.3999938964844,312.75,295.8500061035156,297.8500061035156,406983,FMGOETZE
2022-09-14,306.70001220703125,310.79998779296875,303.3999938964844,304.0,92313,FMGOETZE
2022-09-15,301.1000061035156,309.70001220703125,301.0,306.70001220703125,41703,FMGOETZE
2022-09-16,300.5,302.79998779296875,298.0,301.79998779296875,70918,FMGOETZE
2022-09-19,303.95001220703125,307.8999938964844,301.1000061035156,301.79998779296875,50968,FMGOETZE
2022-09-20,301.95001220703125,306.6499938964844,301.0,305.79998779296875,28805,FMGOETZE
2022-09-21,304.29998779296875,307.0,300.5,300.5,46613,FMGOETZE
2022-09-22,312.3500061035156,314.8999938964844,301.54998779296875,304.29998779296875,147809,FMGOETZE
2022-09-23,327.8500061035156,334.0,312.95001220703125,314.79998779296875,522728,FMGOETZE
2022-09-26,316.25,334.0,312.25,329.0,275404,FMGOETZE
2022-09-27,319.1499938964844,332.3999938964844,306.3999938964844,317.5,173866,FMGOETZE
2022-09-28,317.3999938964844,324.1000061035156,315.70001220703125,315.70001220703125,46965,FMGOETZE
2022-09-29,319.04998779296875,325.8999938964844,313.25,318.79998779296875,70497,FMGOETZE
2022-09-30,327.6499938964844,332.79998779296875,315.8500061035156,315.8500061035156,173257,FMGOETZE
2022-10-03,333.8999938964844,341.3999938964844,325.54998779296875,330.0,193852,FMGOETZE
2022-10-04,329.79998779296875,340.0,326.70001220703125,339.8999938964844,163895,FMGOETZE
2022-10-06,327.95001220703125,339.0,326.29998779296875,333.04998779296875,78406,FMGOETZE
2022-10-07,337.25,340.0,325.1000061035156,328.5,136603,FMGOETZE
2022-10-10,343.1000061035156,346.3999938964844,330.29998779296875,336.0,197042,FMGOETZE
2022-10-11,330.8999938964844,347.5,327.04998779296875,345.0,118141,FMGOETZE
2022-10-12,336.20001220703125,338.79998779296875,325.1000061035156,328.6000061035156,58209,FMGOETZE
2022-10-13,327.5,338.45001220703125,325.1000061035156,335.3999938964844,42077,FMGOETZE
2022-10-14,329.6499938964844,333.75,327.45001220703125,330.54998779296875,47084,FMGOETZE
2022-10-17,326.79998779296875,331.8999938964844,320.45001220703125,331.8999938964844,142994,FMGOETZE
2022-10-18,323.54998779296875,330.95001220703125,322.1000061035156,329.0,36682,FMGOETZE
2022-10-19,322.1499938964844,327.79998779296875,320.5,325.54998779296875,43450,FMGOETZE
2022-10-20,319.5,325.3500061035156,317.0,321.0,19504,FMGOETZE
2022-10-21,315.6499938964844,322.6499938964844,312.04998779296875,322.6499938964844,34146,FMGOETZE
2022-10-24,316.79998779296875,319.95001220703125,311.70001220703125,315.0,8821,FMGOETZE
2022-10-25,312.04998779296875,319.5,310.20001220703125,319.5,59126,FMGOETZE
2022-10-27,316.6000061035156,321.75,312.79998779296875,314.95001220703125,50166,FMGOETZE
2022-10-28,315.25,321.0,313.0,314.6499938964844,25686,FMGOETZE
2022-10-31,321.25,328.8999938964844,320.0,323.0,80861,FMGOETZE
2022-11-01,319.29998779296875,325.8999938964844,318.0,325.8999938964844,25727,FMGOETZE
2022-11-02,319.3999938964844,330.79998779296875,316.0,316.0,135209,FMGOETZE
2022-11-03,319.1000061035156,322.25,315.1000061035156,321.95001220703125,43084,FMGOETZE
2022-11-04,318.75,321.70001220703125,316.1000061035156,320.0,47548,FMGOETZE
2022-11-07,313.79998779296875,322.79998779296875,312.54998779296875,321.95001220703125,22658,FMGOETZE
2022-11-09,315.1000061035156,318.3999938964844,313.6000061035156,315.0,23927,FMGOETZE
2022-11-10,313.0,315.04998779296875,311.6499938964844,312.04998779296875,17238,FMGOETZE
2022-11-11,312.45001220703125,318.04998779296875,311.3999938964844,313.1000061035156,18878,FMGOETZE
2022-11-14,314.79998779296875,318.0,307.0,312.0,42542,FMGOETZE
2022-11-15,324.70001220703125,326.0,314.54998779296875,314.79998779296875,176912,FMGOETZE
2022-11-16,327.8999938964844,333.70001220703125,324.04998779296875,327.25,106320,FMGOETZE
2022-11-17,336.1499938964844,341.0,328.1499938964844,329.75,157208,FMGOETZE
2022-11-18,335.25,343.8999938964844,333.8999938964844,341.1000061035156,194864,FMGOETZE
2022-11-21,344.04998779296875,345.0,337.25,338.95001220703125,210566,FMGOETZE
2022-11-22,341.45001220703125,350.0,341.0,346.70001220703125,188517,FMGOETZE
2022-11-23,332.54998779296875,344.0,331.1000061035156,341.3999938964844,63900,FMGOETZE
2022-11-24,313.70001220703125,329.0,311.20001220703125,329.0,241200,FMGOETZE
2022-11-25,309.04998779296875,317.20001220703125,307.45001220703125,315.6499938964844,122823,FMGOETZE
2022-11-28,306.1499938964844,310.0,305.04998779296875,307.5,95967,FMGOETZE
2022-11-29,305.20001220703125,308.45001220703125,304.79998779296875,306.95001220703125,49560,FMGOETZE
2022-11-30,307.3500061035156,309.95001220703125,304.0,308.8500061035156,76501,FMGOETZE
2022-12-01,308.5,309.8500061035156,305.1000061035156,309.0,36030,FMGOETZE
2022-12-02,308.79998779296875,313.0,307.1000061035156,309.3500061035156,218807,FMGOETZE
2022-12-05,307.20001220703125,311.5,306.3999938964844,311.1499938964844,58348,FMGOETZE
2022-12-06,308.6499938964844,310.3999938964844,305.0,305.0,40368,FMGOETZE
2022-12-07,307.1000061035156,308.8500061035156,306.0,308.6499938964844,36596,FMGOETZE
2022-12-08,308.29998779296875,309.45001220703125,306.0,309.45001220703125,40788,FMGOETZE
2022-12-09,306.8999938964844,309.04998779296875,305.5,307.79998779296875,173378,FMGOETZE
2022-12-12,306.75,309.0,306.25,309.0,131911,FMGOETZE
2022-12-13,308.1000061035156,310.95001220703125,307.25,308.0,190363,FMGOETZE
2022-12-14,308.1499938964844,309.8500061035156,307.5,307.6000061035156,43735,FMGOETZE
2022-12-15,315.1499938964844,318.8999938964844,307.54998779296875,309.04998779296875,211546,FMGOETZE
2022-12-16,309.1499938964844,317.5,308.1000061035156,317.5,37120,FMGOETZE
2022-12-19,311.20001220703125,312.1499938964844,308.20001220703125,312.1499938964844,13701,FMGOETZE
2022-12-20,308.45001220703125,314.75,306.04998779296875,312.0,31654,FMGOETZE
2022-12-21,302.3500061035156,311.0,301.1499938964844,311.0,72737,FMGOETZE
2022-12-22,302.6000061035156,308.3500061035156,298.04998779296875,301.54998779296875,84925,FMGOETZE
2022-12-23,299.54998779296875,305.8999938964844,298.0,301.0,341972,FMGOETZE
2022-12-26,301.75,304.0,298.54998779296875,300.0,199552,FMGOETZE
2022-12-27,318.75,321.95001220703125,302.20001220703125,303.0,203164,FMGOETZE
2022-12-28,317.75,320.0,311.25,314.0,80333,FMGOETZE
2022-12-29,311.3999938964844,317.79998779296875,310.0,317.75,36527,FMGOETZE
2022-12-30,315.75,316.70001220703125,309.1499938964844,310.04998779296875,35211,FMGOETZE
2023-01-02,316.79998779296875,318.79998779296875,314.20001220703125,316.0,19778,FMGOETZE
2023-01-03,314.1000061035156,319.8999938964844,312.6000061035156,319.8999938964844,25895,FMGOETZE
2023-01-04,314.04998779296875,319.0,312.5,314.3999938964844,78814,FMGOETZE
2023-01-05,316.1000061035156,318.0,312.1000061035156,312.5,34434,FMGOETZE
2023-01-06,309.75,318.8999938964844,308.5,316.04998779296875,52134,FMGOETZE
2023-01-09,310.54998779296875,313.20001220703125,309.04998779296875,313.0,25576,FMGOETZE
2023-01-10,309.04998779296875,312.54998779296875,308.0,310.54998779296875,14156,FMGOETZE
2023-01-11,307.54998779296875,313.20001220703125,305.1000061035156,310.3999938964844,50262,FMGOETZE
2023-01-12,305.25,311.8999938964844,304.1499938964844,311.8999938964844,22671,FMGOETZE
2023-01-13,306.45001220703125,307.0,304.1000061035156,305.25,5510,FMGOETZE
2023-01-16,303.45001220703125,308.75,300.20001220703125,307.0,36644,FMGOETZE
2023-01-17,306.8999938964844,307.8999938964844,303.04998779296875,303.04998779296875,9530,FMGOETZE
2023-01-18,309.1499938964844,311.95001220703125,302.04998779296875,302.5,15543,FMGOETZE
2023-01-19,309.8999938964844,310.75,304.5,304.5,12504,FMGOETZE
2023-01-20,310.29998779296875,311.25,306.1000061035156,311.1000061035156,49323,FMGOETZE
2023-01-23,306.1499938964844,311.3500061035156,303.8999938964844,307.8500061035156,33196,FMGOETZE
2023-01-24,304.45001220703125,309.1000061035156,304.1000061035156,305.0,4913,FMGOETZE
2023-01-25,304.3500061035156,306.95001220703125,302.25,306.95001220703125,23223,FMGOETZE
2023-01-27,301.29998779296875,305.8500061035156,299.04998779296875,303.29998779296875,74747,FMGOETZE
2023-01-30,302.04998779296875,306.1000061035156,300.1499938964844,303.8999938964844,25424,FMGOETZE
2023-01-31,301.6000061035156,304.3500061035156,301.0,303.1000061035156,16955,FMGOETZE
2023-02-01,300.25,306.3999938964844,299.29998779296875,303.25,45121,FMGOETZE
2023-02-02,303.6000061035156,307.3999938964844,300.70001220703125,302.5,29556,FMGOETZE
2023-02-03,300.45001220703125,305.0,298.1000061035156,305.0,45252,FMGOETZE
2023-02-06,300.0,304.95001220703125,296.45001220703125,299.95001220703125,53751,FMGOETZE
2023-02-07,301.70001220703125,302.6499938964844,299.54998779296875,299.79998779296875,16961,FMGOETZE
2023-02-08,302.8999938964844,305.0,299.8500061035156,299.8500061035156,34909,FMGOETZE
2023-02-09,303.79998779296875,304.5,301.54998779296875,301.95001220703125,8235,FMGOETZE
2023-02-10,301.29998779296875,303.5,296.5,303.5,8849,FMGOETZE
2023-02-13,302.8999938964844,305.8500061035156,300.54998779296875,305.79998779296875,33835,FMGOETZE
2023-02-14,301.8500061035156,306.0,300.79998779296875,306.0,23115,FMGOETZE
2023-02-15,301.20001220703125,302.79998779296875,299.1000061035156,302.75,12394,FMGOETZE
2023-02-16,300.8999938964844,303.95001220703125,300.0,301.0,14550,FMGOETZE
2023-02-17,302.45001220703125,305.0,299.3500061035156,300.54998779296875,17797,FMGOETZE
2023-02-20,300.8500061035156,305.0,297.8999938964844,305.0,46231,FMGOETZE
2023-02-21,300.29998779296875,302.04998779296875,299.79998779296875,300.8999938964844,13443,FMGOETZE
2023-02-22,300.29998779296875,304.8999938964844,299.04998779296875,304.8999938964844,28483,FMGOETZE
2023-02-23,299.0,304.0,298.1000061035156,304.0,29181,FMGOETZE
2023-02-24,305.75,308.75,299.0,301.95001220703125,52093,FMGOETZE
2023-02-27,305.54998779296875,308.45001220703125,302.54998779296875,308.0,64797,FMGOETZE
2023-02-28,302.70001220703125,306.75,302.0,306.75,23699,FMGOETZE
2023-03-01,312.1000061035156,313.70001220703125,301.75,305.6499938964844,87037,FMGOETZE
2023-03-02,309.8500061035156,312.70001220703125,308.29998779296875,312.3500061035156,20107,FMGOETZE
2023-03-03,312.3999938964844,313.5,307.1499938964844,308.0,31611,FMGOETZE
2023-03-06,315.3500061035156,317.0,312.0,315.0,71343,FMGOETZE
2023-03-08,312.8999938964844,316.75,310.0,316.75,32128,FMGOETZE
2023-03-09,310.45001220703125,314.6499938964844,307.79998779296875,313.8500061035156,27079,FMGOETZE
2023-03-10,309.8999938964844,313.3999938964844,305.0,305.0,27935,FMGOETZE
2023-03-13,310.3999938964844,313.0,308.0,311.95001220703125,63509,FMGOETZE
2023-03-14,306.6000061035156,312.3500061035156,304.70001220703125,307.29998779296875,14118,FMGOETZE
2023-03-15,310.0,310.8500061035156,306.54998779296875,306.54998779296875,20328,FMGOETZE
2023-03-16,307.1499938964844,309.8999938964844,301.8999938964844,307.8999938964844,22002,FMGOETZE
2023-03-17,310.29998779296875,310.95001220703125,306.1000061035156,310.0,22438,FMGOETZE
2023-03-20,306.1499938964844,309.20001220703125,304.29998779296875,309.0,20431,FMGOETZE
2023-03-21,306.95001220703125,309.1499938964844,305.1000061035156,309.1499938964844,10550,FMGOETZE
2023-03-22,307.0,309.5,306.29998779296875,309.0,16472,FMGOETZE
2023-03-23,306.8500061035156,309.8999938964844,306.0,309.8999938964844,9717,FMGOETZE
2023-03-24,305.79998779296875,307.3999938964844,302.25,302.25,23996,FMGOETZE
2023-03-27,304.3999938964844,307.20001220703125,302.04998779296875,306.0,28599,FMGOETZE
2023-03-28,301.1000061035156,305.6000061035156,301.0,303.1000061035156,22367,FMGOETZE
2023-03-29,302.3999938964844,308.5,300.29998779296875,300.29998779296875,17847,FMGOETZE
2023-03-31,305.5,307.20001220703125,302.3999938964844,302.3999938964844,15655,FMGOETZE
2023-04-03,310.3500061035156,313.1499938964844,305.0,308.5,16473,FMGOETZE
2023-04-05,307.8500061035156,313.0,306.25,313.0,9590,FMGOETZE
2023-04-06,304.29998779296875,310.04998779296875,301.79998779296875,309.8999938964844,21996,FMGOETZE
2023-04-10,307.20001220703125,309.5,303.54998779296875,304.29998779296875,9815,FMGOETZE
2023-04-11,307.25,309.79998779296875,305.54998779296875,307.8999938964844,13467,FMGOETZE
2023-04-12,307.6000061035156,309.5,306.0,308.0,13551,FMGOETZE
2023-04-13,307.95001220703125,310.5,305.0,310.5,44763,FMGOETZE
2023-04-17,304.6499938964844,309.5,304.20001220703125,309.5,16733,FMGOETZE
2023-04-18,303.70001220703125,305.8999938964844,302.29998779296875,304.3500061035156,32932,FMGOETZE
2023-04-19,302.45001220703125,305.45001220703125,301.0,304.20001220703125,30223,FMGOETZE
2023-04-20,316.6000061035156,319.70001220703125,301.3500061035156,304.20001220703125,218862,FMGOETZE
2023-04-21,311.79998779296875,318.70001220703125,311.0,316.6000061035156,32000,FMGOETZE
2023-04-24,333.04998779296875,338.8999938964844,316.95001220703125,318.95001220703125,483844,FMGOETZE
2023-04-25,336.29998779296875,340.0,333.3500061035156,340.0,154958,FMGOETZE
2023-04-26,335.20001220703125,344.95001220703125,334.0,340.0,183695,FMGOETZE
2023-04-27,328.75,338.8500061035156,327.04998779296875,337.95001220703125,61831,FMGOETZE
2023-04-28,333.6000061035156,337.0,330.3500061035156,332.0,57684,FMGOETZE
2023-05-02,326.95001220703125,339.45001220703125,325.25,333.6000061035156,87437,FMGOETZE
2023-05-03,327.6499938964844,331.70001220703125,327.0,327.79998779296875,38140,FMGOETZE
2023-05-04,321.1000061035156,329.79998779296875,320.25,329.54998779296875,35748,FMGOETZE
2023-05-05,323.1499938964844,327.0,320.3999938964844,323.29998779296875,25761,FMGOETZE
2023-05-08,321.95001220703125,330.0,320.5,323.25,35051,FMGOETZE
2023-05-09,321.79998779296875,325.95001220703125,320.04998779296875,323.3999938964844,15936,FMGOETZE
2023-05-10,321.1000061035156,324.95001220703125,320.20001220703125,321.79998779296875,22380,FMGOETZE
2023-05-11,315.6499938964844,324.70001220703125,312.79998779296875,321.1499938964844,45111,FMGOETZE
2023-05-12,320.95001220703125,324.70001220703125,313.0,313.0,26014,FMGOETZE
2023-05-15,324.75,329.0,320.04998779296875,320.95001220703125,42018,FMGOETZE
2023-05-16,319.75,327.8999938964844,318.1000061035156,325.70001220703125,32239,FMGOETZE
2023-05-17,318.6499938964844,322.6000061035156,314.3999938964844,321.75,24407,FMGOETZE
2023-05-18,319.29998779296875,326.8999938964844,319.0,319.6499938964844,18966,FMGOETZE
2023-05-19,323.95001220703125,327.45001220703125,319.29998779296875,322.3500061035156,34508,FMGOETZE
2023-05-22,322.5,327.5,320.75,323.95001220703125,31624,FMGOETZE
2023-05-23,336.3999938964844,341.79998779296875,328.0,328.0,357498,FMGOETZE
2023-05-24,324.3500061035156,339.75,323.45001220703125,339.75,179693,FMGOETZE
2023-05-25,320.54998779296875,327.95001220703125,317.04998779296875,327.95001220703125,77226,FMGOETZE
2023-05-26,320.25,324.04998779296875,319.04998779296875,324.04998779296875,37625,FMGOETZE
2023-05-29,320.04998779296875,330.0,318.25,330.0,47353,FMGOETZE
2023-05-30,319.20001220703125,323.0,316.6499938964844,323.0,37636,FMGOETZE
2023-05-31,320.95001220703125,324.25,318.6000061035156,322.29998779296875,27211,FMGOETZE
2023-06-01,320.04998779296875,325.54998779296875,318.6499938964844,322.04998779296875,44814,FMGOETZE
2023-06-02,321.1499938964844,323.8999938964844,320.0,323.8999938964844,27563,FMGOETZE
2023-06-05,329.3999938964844,334.29998779296875,319.3500061035156,321.70001220703125,126729,FMGOETZE
2023-06-06,333.75,335.0,328.0,332.20001220703125,112743,FMGOETZE
2023-06-07,335.25,344.70001220703125,330.0,333.79998779296875,198507,FMGOETZE
2023-06-08,332.1499938964844,342.5,328.25,338.0,111127,FMGOETZE
2023-06-09,368.45001220703125,370.0,330.04998779296875,332.0,2081715,FMGOETZE
2023-06-12,384.6499938964844,399.5,375.0,377.0,2498435,FMGOETZE
2023-06-13,384.45001220703125,389.54998779296875,380.0,387.95001220703125,402447,FMGOETZE
2023-06-14,382.54998779296875,391.0,376.1499938964844,384.5,401681,FMGOETZE
2023-06-15,379.0,384.95001220703125,375.79998779296875,384.95001220703125,185219,FMGOETZE
2023-06-16,375.79998779296875,386.6000061035156,372.95001220703125,380.0,217245,FMGOETZE
2023-06-19,369.6499938964844,377.6499938964844,366.79998779296875,377.0,188125,FMGOETZE
2023-06-20,366.70001220703125,372.6000061035156,364.25,368.0,192858,FMGOETZE
2023-06-21,387.8500061035156,393.79998779296875,368.0,368.6000061035156,695651,FMGOETZE
2023-06-22,376.79998779296875,390.0,373.3999938964844,387.8500061035156,184564,FMGOETZE
2023-06-23,370.3999938964844,378.45001220703125,368.04998779296875,378.45001220703125,89230,FMGOETZE
2023-06-26,373.8999938964844,384.8999938964844,372.5,378.5,222297,FMGOETZE
2023-06-27,369.79998779296875,379.3500061035156,365.8999938964844,374.1000061035156,146407,FMGOETZE
2023-06-28,367.6000061035156,377.95001220703125,366.1499938964844,373.0,147166,FMGOETZE
2023-06-30,372.20001220703125,377.0,366.1000061035156,369.5,134388,FMGOETZE
2023-07-03,371.04998779296875,378.75,370.0,374.1499938964844,114078,FMGOETZE
2023-07-04,367.29998779296875,374.3999938964844,366.29998779296875,374.3999938964844,71117,FMGOETZE
2023-07-05,369.8500061035156,373.0,367.75,370.70001220703125,100060,FMGOETZE
2023-07-06,372.45001220703125,377.0,367.0,369.8500061035156,162539,FMGOETZE
2023-07-07,385.54998779296875,389.0,371.3999938964844,373.6000061035156,499462,FMGOETZE
2023-07-10,381.6499938964844,398.0,378.04998779296875,389.5,270682,FMGOETZE
2023-07-11,379.70001220703125,384.79998779296875,378.20001220703125,383.75,119086,FMGOETZE
2023-07-12,378.04998779296875,385.0,375.6000061035156,382.75,132071,FMGOETZE
2023-07-13,372.79998779296875,382.1499938964844,369.6000061035156,380.75,118278,FMGOETZE
2023-07-14,372.04998779296875,376.8999938964844,370.95001220703125,376.8999938964844,77751,FMGOETZE
2023-07-17,371.29998779296875,377.29998779296875,370.3500061035156,373.04998779296875,119535,FMGOETZE
2023-07-18,385.0,388.75,369.95001220703125,370.0,412227,FMGOETZE
2023-07-19,379.3500061035156,393.8999938964844,377.6000061035156,389.0,271884,FMGOETZE
2023-07-20,377.70001220703125,385.0,374.3999938964844,380.79998779296875,164377,FMGOETZE
2023-07-21,369.20001220703125,379.8999938964844,365.0,377.45001220703125,111332,FMGOETZE
2023-07-24,377.1499938964844,379.95001220703125,370.6000061035156,376.45001220703125,113106,FMGOETZE
2023-07-25,369.6000061035156,382.1499938964844,366.0,378.0,147775,FMGOETZE
2023-07-26,372.25,375.0,368.0,370.20001220703125,89242,FMGOETZE
2023-07-27,367.95001220703125,374.95001220703125,367.1000061035156,370.0,102578,FMGOETZE
2023-07-28,368.25,371.95001220703125,367.04998779296875,369.95001220703125,70934,FMGOETZE
2023-07-31,360.95001220703125,370.20001220703125,358.20001220703125,369.79998779296875,153099,FMGOETZE
2023-08-01,375.3500061035156,379.8500061035156,360.20001220703125,362.45001220703125,328171,FMGOETZE
2023-08-02,370.70001220703125,378.3500061035156,362.79998779296875,374.75,112383,FMGOETZE
2023-08-03,367.0,374.1000061035156,365.25,372.8500061035156,66514,FMGOETZE
2023-08-04,371.20001220703125,373.95001220703125,367.3500061035156,370.0,60828,FMGOETZE
2023-08-07,368.3999938964844,376.0,366.6000061035156,371.20001220703125,78347,FMGOETZE
2023-08-08,370.5,372.8999938964844,369.29998779296875,369.29998779296875,64455,FMGOETZE
2023-08-09,371.8500061035156,379.0,369.75,371.29998779296875,127455,FMGOETZE
2023-08-10,372.20001220703125,376.79998779296875,369.5,374.0,62796,FMGOETZE
2023-08-11,373.04998779296875,377.79998779296875,368.0,375.0,172172,FMGOETZE
2023-08-14,366.5,378.0,362.54998779296875,377.95001220703125,169621,FMGOETZE
2023-08-16,361.8999938964844,370.04998779296875,360.0,365.0,97239,FMGOETZE
2023-08-17,356.1499938964844,364.79998779296875,350.0,362.45001220703125,114859,FMGOETZE
2023-08-18,356.3500061035156,366.1499938964844,353.0,360.0,88591,FMGOETZE
2023-08-21,366.3500061035156,374.79998779296875,362.45001220703125,365.0,309071,FMGOETZE
2023-08-22,365.25,369.45001220703125,363.3500061035156,368.0,61862,FMGOETZE
2023-08-23,366.04998779296875,369.3999938964844,364.25,366.8500061035156,66835,FMGOETZE
2023-08-24,365.1499938964844,369.0,364.04998779296875,367.8999938964844,55306,FMGOETZE
2023-08-25,359.0,365.45001220703125,357.75,364.0,71779,FMGOETZE
2023-08-28,363.1499938964844,365.0,360.1000061035156,360.1000061035156,61182,FMGOETZE
2023-08-29,366.70001220703125,368.6499938964844,363.95001220703125,364.0,74264,FMGOETZE
2023-08-30,363.95001220703125,372.1000061035156,363.0,366.70001220703125,93038,FMGOETZE
2023-08-31,364.54998779296875,369.0,363.04998779296875,365.0,65710,FMGOETZE
2023-09-01,364.0,370.45001220703125,363.04998779296875,370.0,144975,FMGOETZE
2023-09-04,373.75,378.0,365.0,369.70001220703125,272327,FMGOETZE
2023-09-05,413.79998779296875,420.95001220703125,373.75,376.0,2586671,FMGOETZE
2023-09-06,425.3500061035156,428.0,413.20001220703125,419.5,1144677,FMGOETZE
2023-09-07,423.29998779296875,425.95001220703125,420.0,424.25,235223,FMGOETZE
2023-09-08,422.5,432.0,413.3999938964844,426.70001220703125,332880,FMGOETZE
2023-09-11,411.25,427.0,403.3999938964844,423.79998779296875,371237,FMGOETZE
2023-09-12,385.75,416.5,382.04998779296875,416.5,358355,FMGOETZE
2023-09-13,386.25,390.79998779296875,378.04998779296875,385.8999938964844,156779,FMGOETZE
2023-09-14,393.1499938964844,396.3999938964844,382.5,392.0,156176,FMGOETZE
2023-09-15,369.45001220703125,398.1000061035156,358.45001220703125,395.25,923632,FMGOETZE
2023-09-18,367.1000061035156,372.3500061035156,366.04998779296875,369.45001220703125,137023,FMGOETZE
2023-09-20,362.29998779296875,367.8999938964844,358.3500061035156,367.8999938964844,124813,FMGOETZE
2023-09-21,360.45001220703125,366.5,358.20001220703125,363.5,77550,FMGOETZE
2023-09-22,356.8500061035156,362.5,354.04998779296875,358.79998779296875,105864,FMGOETZE
2023-09-25,360.04998779296875,365.6499938964844,356.6000061035156,356.8500061035156,58500,FMGOETZE
2023-09-26,361.5,364.0,360.1000061035156,361.8999938964844,30979,FMGOETZE
2023-09-27,362.1499938964844,365.5,359.79998779296875,360.1000061035156,53655,FMGOETZE
2023-09-28,359.0,367.0,357.79998779296875,364.25,81134,FMGOETZE
2023-09-29,360.1000061035156,364.0,355.0,362.04998779296875,97695,FMGOETZE
2023-10-03,358.3500061035156,363.29998779296875,356.1000061035156,360.5,40960,FMGOETZE
2023-10-04,353.3999938964844,360.04998779296875,344.3999938964844,359.79998779296875,114239,FMGOETZE
2023-10-05,355.95001220703125,359.0,354.04998779296875,358.70001220703125,26446,FMGOETZE
2023-10-06,356.95001220703125,360.29998779296875,355.1000061035156,357.0,51357,FMGOETZE
2023-10-09,353.75,358.1000061035156,348.6000061035156,352.79998779296875,56264,FMGOETZE
2023-10-10,347.95001220703125,358.0,343.6000061035156,353.75,69611,FMGOETZE
2023-10-11,351.1499938964844,355.1000061035156,348.8500061035156,350.95001220703125,68460,FMGOETZE
2023-10-12,353.1499938964844,358.0,352.0,352.0,46737,FMGOETZE
2023-10-13,346.70001220703125,353.29998779296875,345.54998779296875,350.6499938964844,70474,FMGOETZE
2023-10-16,348.1499938964844,349.45001220703125,343.70001220703125,346.70001220703125,83084,FMGOETZE
2023-10-17,346.70001220703125,351.95001220703125,345.0,349.8999938964844,54727,FMGOETZE
2023-10-18,363.6499938964844,371.0,347.54998779296875,350.1499938964844,828949,FMGOETZE
2023-10-19,359.1499938964844,368.95001220703125,357.0,365.0,93512,FMGOETZE
2023-10-20,357.6499938964844,363.54998779296875,354.0,362.0,70674,FMGOETZE
2023-10-23,338.5,357.0,335.0,355.25,155214,FMGOETZE
2023-10-25,340.54998779296875,345.70001220703125,337.1000061035156,343.54998779296875,87703,FMGOETZE
2023-10-26,337.5,340.54998779296875,330.79998779296875,337.04998779296875,91724,FMGOETZE
2023-10-27,343.04998779296875,346.54998779296875,338.3999938964844,338.3999938964844,48101,FMGOETZE
2023-10-30,340.79998779296875,343.1000061035156,338.6000061035156,343.04998779296875,29254,FMGOETZE
2023-10-31,339.54998779296875,349.70001220703125,338.3999938964844,340.54998779296875,52652,FMGOETZE
2023-11-01,340.6499938964844,343.45001220703125,338.0,343.45001220703125,36617,FMGOETZE
2023-11-02,341.0,344.6000061035156,339.54998779296875,342.54998779296875,28120,FMGOETZE
2023-11-03,350.45001220703125,354.5,340.45001220703125,342.0,77981,FMGOETZE
2023-11-06,351.1499938964844,353.70001220703125,349.0,351.8999938964844,34465,FMGOETZE
2023-11-07,356.29998779296875,359.45001220703125,351.5,352.04998779296875,64802,FMGOETZE
2023-11-08,359.8500061035156,364.70001220703125,354.1499938964844,360.3999938964844,96916,FMGOETZE
2023-11-09,357.54998779296875,370.8999938964844,353.8500061035156,362.1000061035156,330649,FMGOETZE
2023-11-10,357.1000061035156,361.1000061035156,353.25,360.0,64007,FMGOETZE
2023-11-13,371.79998779296875,375.54998779296875,356.6499938964844,362.70001220703125,193805,FMGOETZE
2023-11-15,366.95001220703125,374.95001220703125,364.5,373.04998779296875,135815,FMGOETZE
2023-11-16,361.75,369.6499938964844,359.70001220703125,369.6499938964844,60513,FMGOETZE
2023-11-17,359.3500061035156,364.95001220703125,358.1000061035156,364.70001220703125,43318,FMGOETZE
2023-11-20,356.79998779296875,362.95001220703125,355.8500061035156,361.0,39565,FMGOETZE
2023-11-21,357.29998779296875,368.04998779296875,354.6000061035156,358.8999938964844,96526,FMGOETZE
2023-11-22,358.95001220703125,364.0,355.0,356.1000061035156,90714,FMGOETZE
2023-11-23,358.54998779296875,364.04998779296875,357.04998779296875,358.95001220703125,68833,FMGOETZE
2023-11-24,362.6499938964844,364.8500061035156,358.3999938964844,359.0,82331,FMGOETZE
2023-11-28,366.25,377.8500061035156,360.5,364.0,332728,FMGOETZE
2023-11-29,361.25,369.5,359.6499938964844,368.45001220703125,59996,FMGOETZE
2023-11-30,367.29998779296875,371.0,321.20001220703125,364.8500061035156,257399,FMGOETZE
2023-12-01,375.04998779296875,385.75,367.29998779296875,374.0,808510,FMGOETZE
2023-12-04,390.1499938964844,394.0,378.6000061035156,385.0,738182,FMGOETZE
2023-12-05,387.6499938964844,398.54998779296875,383.6000061035156,392.95001220703125,456723,FMGOETZE
2023-12-06,380.95001220703125,388.20001220703125,380.0,387.29998779296875,152410,FMGOETZE
2023-12-07,376.0,384.0,374.1499938964844,384.0,141039,FMGOETZE
2023-12-08,373.79998779296875,380.0,370.5,380.0,117596,FMGOETZE
2023-12-11,366.8500061035156,380.0,366.0,379.95001220703125,197386,FMGOETZE
2023-12-12,366.54998779296875,376.95001220703125,363.79998779296875,370.6000061035156,135361,FMGOETZE
2023-12-13,362.5,368.5,361.25,366.54998779296875,78880,FMGOETZE
2023-12-14,361.1499938964844,368.95001220703125,360.0,364.3999938964844,93634,FMGOETZE
2023-12-15,361.04998779296875,365.20001220703125,359.20001220703125,363.0,83969,FMGOETZE
2023-12-18,367.8500061035156,371.0,364.75,367.8999938964844,188326,FMGOETZE
2023-12-19,365.54998779296875,370.8999938964844,364.54998779296875,369.70001220703125,108494,FMGOETZE
2023-12-20,352.3500061035156,371.0,350.0,368.95001220703125,245896,FMGOETZE
2023-12-21,361.79998779296875,364.0,346.3999938964844,354.79998779296875,123344,FMGOETZE
2023-12-22,368.20001220703125,376.95001220703125,361.0,363.0,371729,FMGOETZE
2023-12-26,368.1499938964844,374.0,365.04998779296875,374.0,99972,FMGOETZE
2023-12-27,366.54998779296875,371.0,365.20001220703125,366.0,111569,FMGOETZE
2023-12-28,361.3999938964844,370.0,360.0,370.0,76304,FMGOETZE
2023-12-29,360.6499938964844,364.95001220703125,358.0,364.95001220703125,81283,FMGOETZE
2024-01-01,365.79998779296875,367.3999938964844,358.0,358.0,62114,FMGOETZE
2024-01-02,363.1499938964844,368.0,361.0,365.0,85369,FMGOETZE
2024-01-03,358.8500061035156,365.29998779296875,357.8500061035156,360.29998779296875,101234,FMGOETZE
2024-01-04,360.6499938964844,365.1499938964844,359.45001220703125,359.45001220703125,180943,FMGOETZE
2024-01-05,364.54998779296875,369.0,361.0,364.95001220703125,152691,FMGOETZE
2024-01-08,362.5,367.5,360.29998779296875,364.8999938964844,106412,FMGOETZE
2024-01-09,364.54998779296875,367.0,360.6000061035156,360.6000061035156,71907,FMGOETZE
2024-01-10,364.6499938964844,366.3999938964844,360.1000061035156,365.0,73841,FMGOETZE
2024-01-11,367.8999938964844,371.0,364.45001220703125,370.1000061035156,160736,FMGOETZE
2024-01-12,366.3999938964844,371.0,364.79998779296875,367.8999938964844,131614,FMGOETZE
2024-01-15,389.3999938964844,397.8500061035156,366.45001220703125,370.0,679054,FMGOETZE
2024-01-16,381.3999938964844,393.0,376.6000061035156,391.8500061035156,557997,FMGOETZE
2024-01-17,373.3999938964844,378.54998779296875,371.0,377.0,175333,FMGOETZE
2024-01-18,372.70001220703125,376.20001220703125,360.04998779296875,374.0,207373,FMGOETZE
2024-01-19,367.95001220703125,377.20001220703125,366.6499938964844,374.6000061035156,140696,FMGOETZE
2024-01-23,365.45001220703125,382.0,363.0,379.0,144935,FMGOETZE
2024-01-24,364.8999938964844,371.0,361.79998779296875,361.79998779296875,82543,FMGOETZE
2024-01-25,367.79998779296875,373.0,364.70001220703125,364.8999938964844,60327,FMGOETZE
2024-01-29,369.0,371.75,367.3500061035156,370.0,158735,FMGOETZE
2024-01-30,369.54998779296875,372.1000061035156,366.6000061035156,370.0,129860,FMGOETZE
2024-01-31,371.8999938964844,379.95001220703125,370.0,370.0,198614,FMGOETZE
2024-02-01,368.1499938964844,377.8999938964844,366.54998779296875,374.1000061035156,164509,FMGOETZE
2024-02-02,376.25,379.04998779296875,366.54998779296875,370.0,230666,FMGOETZE
2024-02-05,388.45001220703125,392.95001220703125,378.0,378.0,585668,FMGOETZE
2024-02-06,392.1499938964844,394.8999938964844,384.04998779296875,392.8999938964844,335989,FMGOETZE
2024-02-07,394.0,395.8500061035156,385.20001220703125,394.8999938964844,269701,FMGOETZE
2024-02-08,389.0,397.95001220703125,384.79998779296875,397.8500061035156,238072,FMGOETZE
2024-02-09,374.54998779296875,390.6499938964844,367.25,389.04998779296875,226553,FMGOETZE
2024-02-12,362.79998779296875,378.54998779296875,361.6000061035156,378.54998779296875,154142,FMGOETZE
2024-02-13,362.3500061035156,369.0,358.04998779296875,368.1000061035156,153812,FMGOETZE
2024-02-14,368.3999938964844,374.45001220703125,351.95001220703125,352.0,482364,FMGOETZE
2024-02-15,368.6000061035156,373.95001220703125,365.79998779296875,370.20001220703125,115145,FMGOETZE
2024-02-16,371.75,374.0,368.0,370.3999938964844,102693,FMGOETZE
2024-02-19,376.8500061035156,382.3999938964844,372.1499938964844,372.1499938964844,165167,FMGOETZE
2024-02-20,372.8999938964844,378.70001220703125,370.1000061035156,377.8500061035156,88606,FMGOETZE
2024-02-21,369.1000061035156,377.5,368.04998779296875,374.54998779296875,132035,FMGOETZE
2024-02-22,365.3999938964844,372.1499938964844,364.29998779296875,370.04998779296875,47545,FMGOETZE
2024-02-23,367.29998779296875,368.3500061035156,364.0,365.5,55640,FMGOETZE
2024-02-26,365.5,370.5,364.3500061035156,370.0,43802,FMGOETZE
2024-02-27,359.04998779296875,367.3500061035156,357.20001220703125,366.0,91767,FMGOETZE
2024-02-28,353.45001220703125,362.6499938964844,351.04998779296875,359.04998779296875,103356,FMGOETZE
2024-02-29,353.1000061035156,356.79998779296875,350.95001220703125,353.0,71660,FMGOETZE
2024-03-01,356.70001220703125,359.1000061035156,353.1000061035156,353.1000061035156,51178,FMGOETZE
2024-03-04,356.3500061035156,359.45001220703125,353.0,358.0,58713,FMGOETZE
2024-03-05,355.79998779296875,359.0,353.54998779296875,356.3500061035156,48428,FMGOETZE
2024-03-06,346.3500061035156,357.29998779296875,345.04998779296875,356.95001220703125,69956,FMGOETZE
2024-03-07,349.6499938964844,352.6499938964844,346.45001220703125,348.1000061035156,44257,FMGOETZE
2024-03-11,346.45001220703125,354.75,342.79998779296875,351.0,86871,FMGOETZE
2024-03-12,338.0,348.75,335.04998779296875,346.45001220703125,112431,FMGOETZE
2024-03-13,322.79998779296875,339.8500061035156,321.0,336.1000061035156,201175,FMGOETZE
2024-03-14,334.54998779296875,338.8500061035156,322.79998779296875,322.79998779296875,172929,FMGOETZE
2024-03-15,342.3999938964844,345.95001220703125,335.0,335.0,151500,FMGOETZE
2024-03-18,343.0,347.8500061035156,339.29998779296875,343.45001220703125,145384,FMGOETZE
2024-03-19,332.3999938964844,345.0,330.1000061035156,344.0,230634,FMGOETZE
2024-03-20,329.8999938964844,338.0,327.54998779296875,332.6499938964844,112547,FMGOETZE
2024-03-21,329.04998779296875,334.20001220703125,326.79998779296875,326.79998779296875,84603,FMGOETZE
2024-03-22,326.6499938964844,331.95001220703125,324.95001220703125,326.3999938964844,116846,FMGOETZE
2024-03-26,322.6499938964844,328.0,322.0,322.3999938964844,162024,FMGOETZE
2024-03-27,315.25,324.29998779296875,313.04998779296875,324.29998779296875,258650,FMGOETZE
2024-03-28,322.1000061035156,333.8999938964844,315.25,318.45001220703125,252615,FMGOETZE
2024-04-01,338.6000061035156,339.45001220703125,323.1499938964844,323.1499938964844,125857,FMGOETZE
2024-04-02,347.79998779296875,351.5,340.0,340.0,110228,FMGOETZE
2024-04-03,355.70001220703125,359.20001220703125,345.0,346.0,94346,FMGOETZE
2024-04-04,357.29998779296875,361.0,351.3500061035156,356.8999938964844,132691,FMGOETZE
2024-04-05,355.6000061035156,359.3500061035156,351.95001220703125,357.3500061035156,67098,FMGOETZE
2024-04-08,353.04998779296875,364.0,350.75,357.3999938964844,45355,FMGOETZE
2024-04-09,357.8500061035156,359.0,352.0,358.20001220703125,39726,FMGOETZE
2024-04-10,354.3999938964844,372.3999938964844,352.25,358.0,376636,FMGOETZE
2024-04-12,367.1000061035156,373.5,355.20001220703125,355.6000061035156,368420,FMGOETZE
2024-04-15,361.0,372.0,354.1499938964844,364.8999938964844,169389,FMGOETZE
2024-04-16,369.6499938964844,374.0,356.8500061035156,359.1000061035156,194990,FMGOETZE
2024-04-18,374.8999938964844,383.5,370.0,370.0,402608,FMGOETZE
2024-04-19,374.70001220703125,379.5,366.6499938964844,372.0,100499,FMGOETZE
2024-04-22,373.95001220703125,378.3999938964844,369.20001220703125,369.20001220703125,94646,FMGOETZE
2024-04-23,371.1000061035156,377.1499938964844,370.0,377.0,59982,FMGOETZE
2024-04-24,387.6499938964844,390.0,372.6000061035156,373.0,368316,FMGOETZE
2024-04-25,373.04998779296875,384.04998779296875,372.0,382.04998779296875,182150,FMGOETZE
2024-04-26,376.54998779296875,378.6000061035156,372.20001220703125,376.79998779296875,90541,FMGOETZE
2024-04-29,370.95001220703125,380.20001220703125,370.0,377.0,62382,FMGOETZE
2024-04-30,365.1499938964844,374.8999938964844,364.5,372.79998779296875,56823,FMGOETZE
2024-05-02,363.6000061035156,368.0,358.0,364.5,130895,FMGOETZE
2024-05-03,364.0,368.45001220703125,361.0,366.20001220703125,78430,FMGOETZE
2024-05-06,365.04998779296875,366.3999938964844,360.0,362.0,50154,FMGOETZE
2024-05-07,361.29998779296875,371.29998779296875,360.0,366.8500061035156,94549,FMGOETZE
2024-05-08,364.8500061035156,367.8999938964844,359.5,361.3500061035156,33530,FMGOETZE
2024-05-09,353.75,366.0,352.29998779296875,366.0,43504,FMGOETZE
2024-05-10,364.54998779296875,369.70001220703125,352.75,353.75,75052,FMGOETZE
2024-05-13,366.45001220703125,369.70001220703125,355.1499938964844,364.54998779296875,42679,FMGOETZE
2024-05-14,368.54998779296875,369.95001220703125,362.1499938964844,366.8500061035156,58320,FMGOETZE
2024-05-15,365.70001220703125,372.0,363.54998779296875,372.0,32979,FMGOETZE
2024-05-16,373.04998779296875,375.70001220703125,365.70001220703125,365.70001220703125,77355,FMGOETZE
2024-05-17,376.8500061035156,380.0,371.29998779296875,373.04998779296875,366862,FMGOETZE
2024-05-21,402.1499938964844,415.5,384.0,390.0,841776,FMGOETZE
2024-05-22,403.75,411.95001220703125,399.20001220703125,404.0,342348,FMGOETZE
2024-05-23,399.3999938964844,406.0,393.5,405.0,160003,FMGOETZE
2024-05-24,396.6499938964844,405.20001220703125,394.04998779296875,400.0,161533,FMGOETZE
2024-05-27,383.29998779296875,398.45001220703125,380.70001220703125,396.6499938964844,186582,FMGOETZE
2024-05-28,372.75,387.79998779296875,370.45001220703125,385.29998779296875,149958,FMGOETZE
2024-05-29,369.25,376.0,366.0,373.45001220703125,106512,FMGOETZE
2024-05-30,384.8999938964844,405.0,380.3999938964844,381.5,828601,FMGOETZE
2024-05-31,386.8999938964844,398.29998779296875,385.04998779296875,385.8500061035156,223667,FMGOETZE
2024-06-03,396.5,404.0,388.04998779296875,395.0,720189,FMGOETZE
2024-06-04,375.6000061035156,397.04998779296875,365.0,397.0,391007,FMGOETZE
2024-06-05,383.5,385.70001220703125,367.0,379.0,119554,FMGOETZE
2024-06-06,390.70001220703125,393.1499938964844,381.1000061035156,384.1000061035156,144015,FMGOETZE
2024-06-07,393.0,397.54998779296875,388.79998779296875,390.6499938964844,282068,FMGOETZE
2024-06-10,407.95001220703125,420.5,393.95001220703125,395.0,818380,FMGOETZE
2024-06-11,419.3500061035156,429.0,411.0,411.04998779296875,640816,FMGOETZE
2024-06-12,416.79998779296875,427.70001220703125,415.1499938964844,423.3999938964844,208231,FMGOETZE
2024-06-13,419.79998779296875,425.0,415.1499938964844,421.0,173751,FMGOETZE
2024-06-14,435.75,444.0,418.6499938964844,423.95001220703125,785167,FMGOETZE
2024-06-18,435.1000061035156,444.8500061035156,431.3999938964844,438.0,231710,FMGOETZE
2024-06-19,444.04998779296875,451.1499938964844,436.3999938964844,441.6000061035156,601263,FMGOETZE
2024-06-20,443.1499938964844,453.1000061035156,440.1000061035156,447.0,223592,FMGOETZE
2024-06-21,437.20001220703125,448.20001220703125,434.79998779296875,446.6000061035156,156487,FMGOETZE
2024-06-24,451.6000061035156,458.6000061035156,428.5,435.95001220703125,351776,FMGOETZE
2024-06-25,445.29998779296875,448.95001220703125,441.6000061035156,444.6499938964844,171279,FMGOETZE
2024-06-26,445.1000061035156,449.0,442.0,445.29998779296875,109140,FMGOETZE
2024-06-27,435.1000061035156,454.5,429.0,445.1000061035156,248551,FMGOETZE
2024-06-28,441.70001220703125,444.6000061035156,434.8500061035156,437.70001220703125,91703,FMGOETZE
2024-07-01,445.75,457.3999938964844,441.70001220703125,447.29998779296875,251906,FMGOETZE
2024-07-02,440.1499938964844,450.0,439.0,447.54998779296875,101043,FMGOETZE
2024-07-03,432.95001220703125,445.0,429.8500061035156,442.45001220703125,179773,FMGOETZE
2024-07-04,433.1499938964844,439.75,430.79998779296875,435.5,110376,FMGOETZE
2024-07-05,431.54998779296875,437.25,428.1499938964844,433.1499938964844,180171,FMGOETZE
2024-07-08,433.1499938964844,435.79998779296875,426.25,433.6000061035156,95385,FMGOETZE
2024-07-09,432.54998779296875,440.0,430.0,433.1499938964844,67465,FMGOETZE
2024-07-10,429.54998779296875,434.79998779296875,415.54998779296875,434.79998779296875,158269,FMGOETZE
2024-07-11,433.25,439.6499938964844,428.29998779296875,428.29998779296875,99686,FMGOETZE
2024-07-12,434.29998779296875,438.04998779296875,433.1000061035156,433.25,81336,FMGOETZE
2024-07-15,426.1000061035156,436.20001220703125,423.54998779296875,434.29998779296875,362524,FMGOETZE
2024-07-16,426.1499938964844,433.1499938964844,423.70001220703125,429.29998779296875,52120,FMGOETZE
2024-07-18,425.8999938964844,428.3999938964844,415.0,426.1499938964844,130105,FMGOETZE
2024-07-19,416.45001220703125,428.0,415.0,428.0,78623,FMGOETZE
2024-07-22,417.79998779296875,421.0,408.8999938964844,410.20001220703125,64671,FMGOETZE
2024-07-23,422.1499938964844,425.3999938964844,400.0,419.1499938964844,109376,FMGOETZE
2024-07-24,417.6499938964844,425.25,415.75,422.0,53130,FMGOETZE
2024-07-25,430.04998779296875,437.3999938964844,414.6499938964844,415.0,204597,FMGOETZE
2024-07-26,432.6499938964844,440.0,428.25,430.04998779296875,95309,FMGOETZE
2024-07-29,431.54998779296875,440.0,427.70001220703125,431.0,64143,FMGOETZE
2024-07-30,431.1000061035156,439.0,429.04998779296875,431.54998779296875,67348,FMGOETZE
2024-07-31,443.1000061035156,445.79998779296875,430.04998779296875,434.1499938964844,217535,FMGOETZE
2024-08-01,437.45001220703125,456.0,434.0,444.0,300694,FMGOETZE
2024-08-02,433.0,440.0,427.5,437.45001220703125,196289,FMGOETZE
2024-08-05,415.3500061035156,433.0,412.1000061035156,429.1000061035156,189007,FMGOETZE
2024-08-06,411.5,425.20001220703125,408.70001220703125,419.0,127036,FMGOETZE
2024-08-07,437.3500061035156,440.0,413.70001220703125,413.70001220703125,148443,FMGOETZE
2024-08-08,453.3500061035156,455.6000061035156,438.0,442.1499938964844,317851,FMGOETZE
2024-08-09,468.95001220703125,482.0,465.0,471.0,522721,FMGOETZE
2024-08-12,475.1499938964844,481.0,468.70001220703125,469.79998779296875,160525,FMGOETZE
2024-08-13,460.1000061035156,480.5,450.0,475.8999938964844,190067,FMGOETZE
2024-08-14,448.20001220703125,463.0,441.8500061035156,453.8500061035156,182100,FMGOETZE
2024-08-16,452.5,456.04998779296875,445.3999938964844,449.5,60797,FMGOETZE
2024-08-19,459.20001220703125,465.54998779296875,452.0,458.3999938964844,92601,FMGOETZE
2024-08-20,454.8500061035156,462.8999938964844,452.8500061035156,460.95001220703125,48530,FMGOETZE
2024-08-21,450.6499938964844,460.0,446.1000061035156,458.95001220703125,96675,FMGOETZE
2024-08-22,467.04998779296875,468.79998779296875,455.0,457.3999938964844,186823,FMGOETZE
2024-08-23,461.29998779296875,489.0,457.04998779296875,477.0,404605,FMGOETZE
2024-08-26,448.29998779296875,463.5,448.0,463.5,140104,FMGOETZE
2024-08-27,441.8500061035156,452.95001220703125,440.25,450.95001220703125,89928,FMGOETZE
2024-08-28,439.6499938964844,454.0,438.5,445.3500061035156,80901,FMGOETZE
2024-08-29,433.0,443.0,431.0,441.95001220703125,101385,FMGOETZE
2024-08-30,436.75,440.8999938964844,430.0,433.54998779296875,102652,FMGOETZE
2024-09-02,435.5,444.70001220703125,432.8999938964844,443.29998779296875,95640,FMGOETZE
2024-09-03,431.45001220703125,436.79998779296875,430.20001220703125,435.5,51278,FMGOETZE
2024-09-04,430.79998779296875,435.0,427.29998779296875,430.20001220703125,81336,FMGOETZE
2024-09-05,439.54998779296875,450.0,431.04998779296875,431.04998779296875,149387,FMGOETZE
2024-09-06,430.8999938964844,441.04998779296875,430.0,437.1000061035156,122425,FMGOETZE
2024-09-09,433.75,438.5,422.79998779296875,435.0,74431,FMGOETZE
2024-09-10,432.0,436.04998779296875,429.0,433.75,56773,FMGOETZE
2024-09-11,435.6499938964844,438.95001220703125,428.95001220703125,433.45001220703125,88877,FMGOETZE
2024-09-12,437.5,439.0,432.8500061035156,435.6499938964844,50425,FMGOETZE
2024-09-13,444.70001220703125,450.0,434.6499938964844,434.6499938964844,63647,FMGOETZE
2024-09-16,447.75,449.70001220703125,441.1000061035156,446.75,63663,FMGOETZE
2024-09-17,452.54998779296875,455.0,446.0,451.95001220703125,119320,FMGOETZE
2024-09-18,458.8999938964844,460.0,453.0,453.0,149730,FMGOETZE
2024-09-19,453.95001220703125,462.45001220703125,445.0,455.25,167048,FMGOETZE
2024-09-20,450.54998779296875,459.95001220703125,447.1000061035156,450.04998779296875,83690,FMGOETZE
2024-09-23,450.6000061035156,456.04998779296875,450.0,450.0,46363,FMGOETZE
2024-09-24,454.29998779296875,458.79998779296875,448.6000061035156,448.75,63659,FMGOETZE
2024-09-25,452.04998779296875,456.54998779296875,450.20001220703125,456.54998779296875,45611,FMGOETZE
2024-09-26,452.54998779296875,460.0,450.0,454.25,126546,FMGOETZE
2024-09-27,440.1499938964844,454.5,437.3500061035156,452.54998779296875,64658,FMGOETZE
2024-09-30,444.3500061035156,446.0,431.0,440.45001220703125,75856,FMGOETZE
2024-10-01,436.1499938964844,446.29998779296875,432.95001220703125,444.6499938964844,41426,FMGOETZE
2024-10-03,420.3999938964844,435.54998779296875,420.0,430.04998779296875,56971,FMGOETZE
2024-10-04,405.8500061035156,426.6499938964844,404.5,422.6000061035156,155578,FMGOETZE
2024-10-07,388.3999938964844,407.6499938964844,380.04998779296875,405.0,85796,FMGOETZE
2024-10-08,407.20001220703125,408.5,386.54998779296875,388.45001220703125,90246,FMGOETZE
2024-10-09,413.1000061035156,418.5,407.0,408.0,63826,FMGOETZE
2024-10-10,418.1499938964844,420.0,411.04998779296875,414.75,57706,FMGOETZE
2024-10-11,419.04998779296875,420.0,414.0,419.20001220703125,97862,FMGOETZE
2024-10-14,413.04998779296875,421.29998779296875,411.6000061035156,420.0,93860,FMGOETZE
2024-10-15,419.54998779296875,420.0,412.8999938964844,412.8999938964844,45794,FMGOETZE
2024-10-16,424.75,425.0,416.79998779296875,416.79998779296875,58211,FMGOETZE
2024-10-17,422.0,430.8500061035156,420.0,427.45001220703125,33192,FMGOETZE
2024-10-18,420.1499938964844,422.1000061035156,420.0,422.1000061035156,40394,FMGOETZE
2024-10-21,416.0,422.0,409.1000061035156,422.0,53382,FMGOETZE
2024-10-22,406.45001220703125,415.5,398.8500061035156,415.5,57226,FMGOETZE
2024-10-23,407.04998779296875,410.0,399.6499938964844,406.3999938964844,33497,FMGOETZE
2024-10-24,408.6000061035156,410.0,400.0,408.1000061035156,48957,FMGOETZE
2024-10-25,400.79998779296875,411.54998779296875,391.54998779296875,411.45001220703125,60424,FMGOETZE
2024-10-28,399.6000061035156,402.0,387.8999938964844,400.70001220703125,55047,FMGOETZE
2024-10-29,398.0,400.0,390.54998779296875,399.6000061035156,46719,FMGOETZE
2024-10-30,399.1000061035156,401.95001220703125,393.3500061035156,400.0,44284,FMGOETZE
2024-10-31,395.6499938964844,400.0,393.6499938964844,399.1000061035156,40159,FMGOETZE
2024-11-01,399.8500061035156,403.1499938964844,398.5,398.54998779296875,13272,FMGOETZE
2024-11-04,388.95001220703125,399.8500061035156,388.0,399.8500061035156,56325,FMGOETZE
2024-11-05,398.1000061035156,399.0,387.04998779296875,388.95001220703125,37589,FMGOETZE
2024-11-06,412.6000061035156,417.0,396.8999938964844,398.1000061035156,57440,FMGOETZE
2024-11-07,418.5,421.45001220703125,405.8999938964844,413.95001220703125,67355,FMGOETZE
2024-11-08,408.75,422.8999938964844,408.0,418.5,73030,FMGOETZE
2024-11-11,406.29998779296875,409.95001220703125,406.0,408.0,21995,FMGOETZE
2024-11-12,396.29998779296875,410.3500061035156,393.5,408.0,14940,FMGOETZE
2024-11-13,385.8999938964844,396.29998779296875,382.3500061035156,396.29998779296875,28070,FMGOETZE
2024-11-14,388.6000061035156,395.70001220703125,381.0,381.0,18483,FMGOETZE
2024-11-18,388.70001220703125,400.0,378.3500061035156,378.3500061035156,75137,FMGOETZE
2024-11-19,399.0,400.0,385.29998779296875,386.79998779296875,72599,FMGOETZE
2024-11-21,392.04998779296875,398.0,386.0,398.0,26105,FMGOETZE
2024-11-22,397.5,400.0,392.04998779296875,393.20001220703125,32637,FMGOETZE
2024-11-25,396.1000061035156,407.0,394.04998779296875,402.0,30898,FMGOETZE
2024-11-26,397.95001220703125,400.0,392.0,397.6000061035156,25948,FMGOETZE
2024-11-27,399.1000061035156,400.0,395.0,400.0,25508,FMGOETZE
2024-11-28,398.70001220703125,404.0,395.0,399.1000061035156,45786,FMGOETZE
2024-11-29,398.70001220703125,400.20001220703125,395.0,400.20001220703125,26721,FMGOETZE
2024-12-02,404.0,414.20001220703125,398.70001220703125,398.70001220703125,62747,FMGOETZE
2024-12-03,419.25,423.8999938964844,405.5,405.79998779296875,58032,FMGOETZE
2024-12-04,417.6499938964844,423.0,415.3500061035156,421.3500061035156,74416,FMGOETZE
2024-12-05,413.6000061035156,422.45001220703125,412.5,421.3500061035156,29341,FMGOETZE
2024-12-06,415.70001220703125,419.04998779296875,412.25,416.45001220703125,27798,FMGOETZE
2024-12-09,415.1000061035156,421.5,412.0,419.79998779296875,26407,FMGOETZE
2024-12-10,416.04998779296875,417.79998779296875,411.0,417.0,18100,FMGOETZE
2024-12-11,428.54998779296875,430.0,413.54998779296875,418.79998779296875,134504,FMGOETZE
2024-12-12,429.04998779296875,435.0,425.0,430.0,101472,FMGOETZE
2024-12-13,423.8500061035156,430.0,417.0,429.04998779296875,69168,FMGOETZE
2024-12-16,418.75,431.3500061035156,415.6000061035156,425.0,24749,FMGOETZE
2024-12-17,415.5,420.04998779296875,413.29998779296875,420.04998779296875,22716,FMGOETZE
2024-12-18,407.0,419.3999938964844,406.0,419.0,24880,FMGOETZE
2024-12-19,415.0,417.70001220703125,399.54998779296875,401.3999938964844,42777,FMGOETZE
2024-12-20,404.29998779296875,416.95001220703125,400.1000061035156,416.20001220703125,48384,FMGOETZE
2024-12-23,397.45001220703125,411.1499938964844,390.0,407.0,78331,FMGOETZE
2024-12-24,394.70001220703125,399.3999938964844,387.79998779296875,399.3999938964844,132062,FMGOETZE
2024-12-26,386.95001220703125,397.79998779296875,385.95001220703125,397.79998779296875,44856,FMGOETZE
2024-12-27,379.54998779296875,390.5,378.0,385.0,52464,FMGOETZE
2024-12-30,375.54998779296875,379.8999938964844,374.0,375.0,73531,FMGOETZE
2024-12-31,377.3999938964844,380.04998779296875,374.0,374.75,32028,FMGOETZE
2025-01-01,383.75,386.5,379.79998779296875,379.95001220703125,15850,FMGOETZE
2025-01-02,387.8999938964844,389.3999938964844,382.5,387.1499938964844,37483,FMGOETZE
2025-01-03,399.1000061035156,402.45001220703125,385.0,390.0,48555,FMGOETZE
2025-01-06,388.0,401.04998779296875,386.04998779296875,399.1000061035156,48204,FMGOETZE
2025-01-07,390.95001220703125,397.8999938964844,385.3500061035156,386.0,48548,FMGOETZE
2025-01-08,391.6000061035156,397.0,389.3999938964844,393.3500061035156,46388,FMGOETZE
2025-01-09,393.75,406.0,389.29998779296875,391.0,75949,FMGOETZE
2025-01-10,389.20001220703125,395.04998779296875,386.25,389.79998779296875,61887,FMGOETZE
2025-01-13,381.6000061035156,389.0,378.1000061035156,388.1000061035156,107114,FMGOETZE
2025-01-14,393.29998779296875,394.3999938964844,376.20001220703125,376.20001220703125,57907,FMGOETZE
2025-01-15,392.45001220703125,395.0,388.0,389.0,43700,FMGOETZE
2025-01-16,388.8999938964844,397.1000061035156,388.20001220703125,392.5,16169,FMGOETZE
2025-01-17,382.29998779296875,396.45001220703125,380.20001220703125,388.8999938964844,21571,FMGOETZE
2025-01-20,382.54998779296875,387.0,376.29998779296875,382.20001220703125,40442,FMGOETZE
2025-01-21,381.54998779296875,385.54998779296875,376.0,381.0,30720,FMGOETZE
2025-01-22,381.70001220703125,390.1000061035156,378.0,378.1000061035156,43588,FMGOETZE
2025-01-23,378.3500061035156,384.04998779296875,377.0,379.5,14289,FMGOETZE
2025-01-24,381.95001220703125,383.8500061035156,374.0,381.3500061035156,26829,FMGOETZE
2025-01-27,370.70001220703125,380.3999938964844,366.5,376.8999938964844,27292,FMGOETZE
2025-01-28,356.1499938964844,372.75,355.0,371.1499938964844,43293,FMGOETZE
2025-01-29,370.8500061035156,373.0,354.8999938964844,356.1000061035156,25092,FMGOETZE
2025-01-30,370.79998779296875,378.25,365.0,370.8500061035156,11428,FMGOETZE
2025-01-31,388.75,392.0,366.54998779296875,373.0,60762,FMGOETZE
2025-02-01,389.1499938964844,392.29998779296875,381.54998779296875,387.0,11704,FMGOETZE
2025-02-03,372.75,388.79998779296875,370.04998779296875,386.54998779296875,29459,FMGOETZE
2025-02-04,376.04998779296875,379.1499938964844,371.1000061035156,372.75,19472,FMGOETZE
2025-02-05,388.3500061035156,390.0,375.1499938964844,379.0,17487,FMGOETZE
2025-02-06,398.04998779296875,405.0,381.6499938964844,387.8500061035156,31943,FMGOETZE
2025-02-07,409.25,411.0,385.54998779296875,392.1000061035156,101043,FMGOETZE
2025-02-10,400.75,408.29998779296875,396.79998779296875,408.29998779296875,83653,FMGOETZE
2025-02-11,382.3999938964844,402.0,380.0,402.0,48574,FMGOETZE
2025-02-12,380.70001220703125,387.70001220703125,367.54998779296875,387.70001220703125,39510,FMGOETZE
2025-02-13,370.95001220703125,383.1499938964844,367.1000061035156,380.70001220703125,46874,FMGOETZE
2025-02-14,366.54998779296875,373.25,365.79998779296875,368.6499938964844,29960,FMGOETZE
2025-02-17,359.3500061035156,364.20001220703125,354.54998779296875,360.20001220703125,39365,FMGOETZE
2025-02-18,353.1000061035156,364.5,350.54998779296875,355.6000061035156,27453,FMGOETZE
2025-02-19,350.3999938964844,389.0,349.04998779296875,358.0,302508,FMGOETZE
2025-02-20,339.1000061035156,355.75,332.8999938964844,350.3999938964844,154241,FMGOETZE
2025-02-21,335.45001220703125,345.0,334.1000061035156,335.54998779296875,46343,FMGOETZE
2025-02-24,333.29998779296875,343.70001220703125,332.1000061035156,335.45001220703125,49934,FMGOETZE
2025-02-25,336.0,338.8500061035156,330.0,330.0,32634,FMGOETZE
2025-02-27,340.3500061035156,342.0,335.6499938964844,336.0,52478,FMGOETZE
2025-02-28,330.45001220703125,334.79998779296875,328.54998779296875,334.79998779296875,64821,FMGOETZE
2025-03-03,325.8999938964844,334.04998779296875,325.04998779296875,333.25,30336,FMGOETZE
2025-03-04,325.20001220703125,332.95001220703125,323.0,327.5,100186,FMGOETZE
2025-03-05,326.75,333.3999938964844,324.29998779296875,325.20001220703125,156795,FMGOETZE
2025-03-06,331.8500061035156,334.45001220703125,328.0,328.0,133452,FMGOETZE
2025-03-07,332.25,336.0,329.79998779296875,331.8500061035156,33006,FMGOETZE
2025-03-10,322.1000061035156,336.0,322.0,332.25,120042,FMGOETZE
2025-03-11,316.6000061035156,324.8500061035156,315.0,315.0,65582,FMGOETZE
2025-03-12,329.5,333.0,308.0,316.6000061035156,313955,FMGOETZE
2025-03-13,329.75,334.04998779296875,321.1000061035156,328.75,443175,FMGOETZE
2025-03-17,324.20001220703125,337.04998779296875,323.04998779296875,330.0,86430,FMGOETZE
2025-03-18,324.20001220703125,324.20001220703125,324.20001220703125,324.20001220703125,0,FMGOETZE
2025-03-19,338.79998779296875,344.20001220703125,325.25,325.25,313413,FMGOETZE
2025-03-20,331.5,342.70001220703125,329.04998779296875,338.79998779296875,213379,FMGOETZE
2025-03-21,339.1000061035156,344.75,330.95001220703125,334.0,72191,FMGOETZE
2025-03-24,335.6000061035156,344.8999938964844,333.79998779296875,340.0,50547,FMGOETZE
2025-03-25,333.8999938964844,339.3999938964844,330.25,336.04998779296875,68308,FMGOETZE
2025-03-26,331.0,335.70001220703125,328.3999938964844,333.8999938964844,66824,FMGOETZE
2025-03-27,330.75,336.8500061035156,327.1000061035156,331.0,105416,FMGOETZE
2025-03-28,324.1499938964844,337.95001220703125,319.6499938964844,332.45001220703125,80673,FMGOETZE
2025-04-01,332.04998779296875,334.5,325.70001220703125,325.95001220703125,19147,FMGOETZE
2025-04-02,331.8999938964844,335.0,327.45001220703125,333.8999938964844,7516,FMGOETZE
2025-04-03,361.0,368.79998779296875,332.95001220703125,334.54998779296875,253649,FMGOETZE
2025-04-04,348.20001220703125,359.70001220703125,342.6000061035156,355.6000061035156,30849,FMGOETZE
2025-04-07,334.8500061035156,338.0,320.04998779296875,330.0,48597,FMGOETZE
2025-04-08,342.29998779296875,347.75,335.45001220703125,337.1000061035156,22195,FMGOETZE
2025-04-09,336.70001220703125,342.29998779296875,333.3500061035156,342.29998779296875,11662,FMGOETZE
2025-04-11,339.6000061035156,342.70001220703125,335.3999938964844,338.0,25620,FMGOETZE
2025-04-15,344.54998779296875,348.8500061035156,341.0,341.0,24438,FMGOETZE
2025-04-16,350.1000061035156,353.8999938964844,344.0,345.0,28605,FMGOETZE
2025-04-17,352.45001220703125,354.0,346.5,350.1000061035156,18441,FMGOETZE
2025-04-21,354.04998779296875,359.5,348.79998779296875,352.45001220703125,20926,FMGOETZE
2025-04-22,351.79998779296875,356.95001220703125,350.04998779296875,354.0,25611,FMGOETZE
2025-04-23,358.75,367.0,348.5,352.6000061035156,42016,FMGOETZE
2025-04-24,350.5,360.54998779296875,348.29998779296875,359.6499938964844,30699,FMGOETZE
2025-04-25,338.45001220703125,354.0,335.5,350.5,56251,FMGOETZE
2025-04-28,340.3999938964844,343.29998779296875,333.04998779296875,338.0,15934,FMGOETZE
2025-04-29,338.0,344.8500061035156,337.6000061035156,343.0,11430,FMGOETZE
2025-04-30,331.29998779296875,338.6000061035156,330.04998779296875,338.0,35347,FMGOETZE
2025-05-02,329.6499938964844,336.1499938964844,328.04998779296875,332.1499938964844,21523,FMGOETZE
2025-05-05,333.95001220703125,336.8500061035156,329.1499938964844,329.1499938964844,16070,FMGOETZE
2025-05-06,332.04998779296875,338.25,331.5,333.95001220703125,26334,FMGOETZE
2025-05-07,333.04998779296875,336.29998779296875,325.0,326.45001220703125,20881,FMGOETZE
2025-05-08,331.0,338.75,326.5,333.70001220703125,29758,FMGOETZE
2025-05-09,338.75,340.0,320.0,323.0,47281,FMGOETZE
2025-05-12,346.29998779296875,349.6000061035156,340.0,349.0,28866,FMGOETZE
2025-05-13,343.1000061035156,350.8999938964844,342.0,350.8999938964844,9116,FMGOETZE
2025-05-14,342.04998779296875,349.54998779296875,340.95001220703125,343.95001220703125,27303,FMGOETZE
2025-05-15,345.25,348.6499938964844,340.20001220703125,340.20001220703125,16124,FMGOETZE
2025-05-16,345.3500061035156,351.20001220703125,344.5,349.8999938964844,30770,FMGOETZE
2025-05-19,349.1000061035156,357.5,348.0,349.29998779296875,37464,FMGOETZE
2025-05-20,347.95001220703125,352.1000061035156,345.25,348.20001220703125,21722,FMGOETZE
2025-05-21,349.5,355.0,344.5,350.1499938964844,20608,FMGOETZE
2025-05-22,351.6499938964844,353.8999938964844,346.3500061035156,349.5,19762,FMGOETZE
2025-05-23,355.25,360.45001220703125,352.54998779296875,355.0,32664,FMGOETZE
2025-05-26,356.45001220703125,360.04998779296875,350.25,350.25,22914,FMGOETZE
2025-05-27,360.29998779296875,362.0,352.6000061035156,357.45001220703125,31844,FMGOETZE
2025-05-28,380.6499938964844,386.0,363.04998779296875,369.0,171579,FMGOETZE
2025-05-29,431.3500061035156,456.75,404.8500061035156,411.95001220703125,2686553,FMGOETZE
2025-05-30,450.04998779296875,459.0,435.0,436.0,643781,FMGOETZE
2025-06-02,468.95001220703125,473.1499938964844,443.54998779296875,453.0,475459,FMGOETZE
2025-06-03,445.70001220703125,467.8999938964844,441.6499938964844,467.8999938964844,184818,FMGOETZE
2025-06-04,461.5,465.54998779296875,446.70001220703125,446.70001220703125,165954,FMGOETZE
2025-06-05,483.04998779296875,494.95001220703125,462.70001220703125,466.0,505596,FMGOETZE
2025-06-06,509.0,528.4000244140625,483.04998779296875,483.04998779296875,576799,FMGOETZE
2025-06-09,518.0999755859375,526.4500122070312,499.0,509.0,236078,FMGOETZE
2025-06-10,512.0499877929688,526.4000244140625,509.5,518.0,101999,FMGOETZE
2025-06-11,511.6499938964844,521.7999877929688,504.1000061035156,514.7999877929688,169213,FMGOETZE
2025-06-12,498.29998779296875,513.0499877929688,495.29998779296875,511.75,114704,FMGOETZE
2025-06-13,496.3999938964844,505.29998779296875,475.0,475.1000061035156,135540,FMGOETZE
2025-06-16,493.45001220703125,505.29998779296875,485.6499938964844,503.0,121293,FMGOETZE
2025-06-17,543.4500122070312,553.0,504.8500061035156,510.0,930893,FMGOETZE
2025-06-18,531.2999877929688,556.0,522.5,554.0,416732,FMGOETZE
2025-06-19,517.0999755859375,538.8499755859375,499.95001220703125,534.0,288899,FMGOETZE
2025-06-20,530.9000244140625,539.9500122070312,510.25,520.0,160648,FMGOETZE
2025-06-23,514.8499755859375,534.9000244140625,512.0,530.9500122070312,122603,FMGOETZE
2025-06-24,532.0499877929688,545.5999755859375,521.0499877929688,521.7000122070312,286037,FMGOETZE
2025-06-25,542.0499877929688,548.75,527.25,532.0,159374,FMGOETZE
2025-06-26,532.25,546.0499877929688,522.4500122070312,545.0,98237,FMGOETZE
2025-06-27,524.4000244140625,546.7000122070312,520.0,534.9000244140625,166054,FMGOETZE
2025-06-30,548.4000244140625,558.0,539.1500244140625,545.0,261957,FMGOETZE
2025-07-01,570.5,622.0,545.0,551.0999755859375,2859094,FMGOETZE
2025-07-02,560.8499755859375,570.9500122070312,544.6500244140625,570.5,378272,FMGOETZE
2025-07-03,577.9000244140625,596.3499755859375,561.25,565.0,432441,FMGOETZE
2025-07-04,567.3499755859375,589.1500244140625,562.3499755859375,579.9000244140625,163651,FMGOETZE
2025-07-07,558.5499877929688,569.75,555.0,566.0499877929688,83680,FMGOETZE
2025-07-08,557.9500122070312,566.9500122070312,545.2999877929688,557.75,113251,FMGOETZE
2025-07-09,562.9500122070312,568.7999877929688,554.2000122070312,558.7000122070312,84100,FMGOETZE
2025-07-10,559.7999877929688,568.1500244140625,556.5499877929688,568.1500244140625,60419,FMGOETZE
2025-07-11,553.9000244140625,564.8499755859375,549.9000244140625,560.0,42781,FMGOETZE
2025-07-14,562.0,565.0,541.6500244140625,553.9000244140625,77333,FMGOETZE
2025-07-15,578.5999755859375,586.5,563.5999755859375,563.5999755859375,139045,FMGOETZE
2025-07-16,581.5,592.0,576.1500244140625,580.0,101718,FMGOETZE
2025-07-17,584.6500244140625,588.7999877929688,580.0,584.4500122070312,48411,FMGOETZE
2025-07-18,575.7000122070312,582.6500244140625,563.75,582.6500244140625,52779,FMGOETZE
2025-07-21,578.75,589.7999877929688,570.5999755859375,577.3499755859375,63342,FMGOETZE
2025-07-22,584.4500122070312,599.0,580.6500244140625,581.0,128616,FMGOETZE
2025-07-23,592.5999755859375,597.1500244140625,576.8499755859375,587.75,116152,FMGOETZE
2025-07-24,596.0,611.9000244140625,591.0,604.1500244140625,211050,FMGOETZE
2025-07-25,594.6500244140625,609.2000122070312,587.7000122070312,597.8499755859375,145503,FMGOETZE
2025-07-28,578.4500122070312,602.9500122070312,575.0,602.9000244140625,100679,FMGOETZE
2025-07-29,581.1500244140625,583.0499877929688,563.5,583.0499877929688,74685,FMGOETZE
2025-07-30,579.8499755859375,589.7999877929688,572.9000244140625,586.4500122070312,57679,FMGOETZE
2025-07-31,575.0,581.1500244140625,553.0499877929688,570.0,77397,FMGOETZE
2025-08-01,559.5499877929688,594.2000122070312,556.5,569.25,68951,FMGOETZE
2025-08-04,564.3499755859375,571.7000122070312,555.6500244140625,561.0,55238,FMGOETZE
2025-08-05,550.8499755859375,579.9000244140625,546.2999877929688,561.5999755859375,87177,FMGOETZE
2025-08-06,542.3499755859375,561.7999877929688,540.4000244140625,549.4000244140625,52142,FMGOETZE
2025-08-07,542.4000244140625,549.8499755859375,524.0499877929688,545.0,71231,FMGOETZE
2025-08-08,528.6500244140625,550.0,525.9000244140625,545.0,61596,FMGOETZE
2025-08-11,537.4000244140625,543.4500122070312,522.0,535.75,65974,FMGOETZE
2025-08-12,500.29998779296875,543.0499877929688,495.3999938964844,543.0,207292,FMGOETZE
2025-08-13,517.0,520.2000122070312,499.95001220703125,500.0,82987,FMGOETZE
2025-08-14,527.2999877929688,532.0,509.45001220703125,518.0,73978,FMGOETZE
2025-08-18,522.5,532.2000122070312,516.2000122070312,528.9000244140625,100165,FMGOETZE
2025-08-19,525.75,536.0,516.0,522.0,78787,FMGOETZE
2025-08-20,541.0,546.2999877929688,525.3499755859375,532.9000244140625,64773,FMGOETZE
2025-08-21,531.0999755859375,544.0,521.9000244140625,544.0,74050,FMGOETZE
2025-08-22,533.0999755859375,536.0,520.75,529.9000244140625,50616,FMGOETZE
2025-08-25,524.6500244140625,539.6500244140625,517.9500122070312,538.4500122070312,108248,FMGOETZE
2025-08-26,521.3499755859375,527.2999877929688,516.7999877929688,525.0,48880,FMGOETZE
2025-08-28,521.6500244140625,527.0,517.25,520.4000244140625,23286,FMGOETZE
2025-08-29,531.1500244140625,535.75,517.5999755859375,526.75,92648,FMGOETZE
2025-09-01,546.5999755859375,563.9500122070312,529.25,532.0,130800,FMGOETZE
2025-09-02,549.0,558.2000122070312,538.4000244140625,538.4000244140625,59664,FMGOETZE
2025-09-03,559.9000244140625,561.0,549.5,554.0,38322,FMGOETZE
2025-09-04,560.5999755859375,568.7000122070312,558.4500122070312,568.7000122070312,32265,FMGOETZE
2025-09-05,563.2999877929688,574.0,560.0,564.7000122070312,27243,FMGOETZE
2025-09-08,573.7000122070312,577.4000244140625,562.1500244140625,568.7000122070312,49694,FMGOETZE
2025-09-09,569.5,575.0,565.5499877929688,568.7999877929688,50121,FMGOETZE
2025-09-10,556.75,574.0,554.7000122070312,571.0,52444,FMGOETZE
2025-09-11,560.2999877929688,565.7999877929688,553.2999877929688,556.0,40673,FMGOETZE
2025-09-12,567.5499877929688,573.9500122070312,555.0499877929688,560.0,47274,FMGOETZE
2025-09-15,555.25,569.25,553.2000122070312,566.0,31761,FMGOETZE
2025-09-16,560.2999877929688,564.9500122070312,548.9000244140625,556.0,38816,FMGOETZE
2025-09-17,555.9500122070312,570.0,555.0,563.0999755859375,26190,FMGOETZE
2025-09-18,552.7999877929688,561.7000122070312,548.7999877929688,558.75,28461,FMGOETZE
2025-09-19,551.7000122070312,557.9500122070312,549.1500244140625,554.0,19730,FMGOETZE
2025-09-22,553.25,560.0,543.0,545.0,56491,FMGOETZE
2025-09-23,550.5,564.8499755859375,545.0,556.9500122070312,28889,FMGOETZE
2025-09-24,547.8499755859375,554.7999877929688,545.0999755859375,550.5,26751,FMGOETZE
2025-09-25,549.0999755859375,565.0,544.6500244140625,547.8499755859375,43659,FMGOETZE
2025-09-26,521.5499877929688,548.5,520.0,548.5,47279,FMGOETZE
2025-09-29,506.5,525.7000122070312,502.6000061035156,516.8499755859375,66630,FMGOETZE
2025-09-30,506.79998779296875,512.7000122070312,498.54998779296875,509.6000061035156,36797,FMGOETZE
2025-10-01,510.79998779296875,516.9000244140625,505.6000061035156,510.79998779296875,19942,FMGOETZE
2025-10-03,504.95001220703125,515.9500122070312,501.0,504.0,27989,FMGOETZE
2025-10-06,498.3500061035156,510.0,497.1000061035156,505.75,29565,FMGOETZE
2025-10-07,500.75,510.1499938964844,495.04998779296875,499.8999938964844,41411,FMGOETZE
2025-10-08,495.3999938964844,506.70001220703125,493.0,502.3999938964844,21168,FMGOETZE
2025-10-09,489.6499938964844,500.6000061035156,488.0,495.5,34196,FMGOETZE
2025-10-10,499.8500061035156,509.75,488.1499938964844,490.1000061035156,148308,FMGOETZE
2025-10-13,487.0,498.3500061035156,485.54998779296875,492.8500061035156,34464,FMGOETZE
2025-10-14,479.54998779296875,490.54998779296875,464.3500061035156,489.20001220703125,88464,FMGOETZE
2025-10-15,470.25,479.1499938964844,464.3999938964844,477.0,72479,FMGOETZE
2025-10-16,469.79998779296875,487.79998779296875,464.5,470.0,125755,FMGOETZE
2025-10-17,469.8999938964844,472.5,454.8999938964844,464.3999938964844,96748,FMGOETZE
2025-10-20,482.79998779296875,488.3999938964844,458.79998779296875,469.8999938964844,78032,FMGOETZE
2025-10-21,482.8500061035156,493.20001220703125,477.0,488.3999938964844,23359,FMGOETZE
2025-10-23,467.8500061035156,485.3999938964844,465.29998779296875,483.75,31316,FMGOETZE
2025-10-24,471.1000061035156,482.04998779296875,461.0,467.6000061035156,59470,FMGOETZE
2025-10-27,465.3500061035156,472.95001220703125,462.79998779296875,472.04998779296875,31180,FMGOETZE
2025-10-28,466.95001220703125,473.3999938964844,464.5,465.0,26493,FMGOETZE
2025-10-29,469.5,470.0,466.0,468.1499938964844,11230,FMGOETZE
2025-10-30,467.04998779296875,483.8999938964844,464.5,467.8999938964844,30710,FMGOETZE
2025-10-31,459.54998779296875,468.8500061035156,458.0,468.8500061035156,21817,FMGOETZE
2025-11-03,472.29998779296875,478.8999938964844,459.3999938964844,459.5,50307,FMGOETZE
2025-11-04,501.70001220703125,512.9000244140625,468.5,474.79998779296875,297445,FMGOETZE
2025-11-06,496.75,525.0,491.95001220703125,519.9500122070312,221822,FMGOETZE
2025-11-07,498.95001220703125,511.04998779296875,479.8500061035156,490.0,108037,FMGOETZE
2025-11-10,502.04998779296875,513.7000122070312,497.3500061035156,500.1000061035156,76984,FMGOETZE
2025-11-11,516.5,527.0,495.1000061035156,501.54998779296875,201647,FMGOETZE
2025-11-12,495.04998779296875,512.0,476.0,494.0,373504,FMGOETZE
2025-11-13,532.2000122070312,536.0,498.54998779296875,500.0,419892,FMGOETZE
2025-11-14,530.7000122070312,544.5999755859375,527.0499877929688,532.2000122070312,154608,FMGOETZE
2025-11-17,539.2000122070312,547.4000244140625,531.6500244140625,537.4500122070312,116358,FMGOETZE
2025-11-18,534.2000122070312,540.6500244140625,520.0,539.75,144005,FMGOETZE
2025-11-19,536.2000122070312,540.0,531.2000122070312,531.2000122070312,64812,FMGOETZE
2025-11-20,530.8499755859375,544.0,528.5999755859375,541.0,66361,FMGOETZE
2025-11-21,509.95001220703125,529.7000122070312,506.1499938964844,525.5499877929688,71012,FMGOETZE
2025-11-24,470.29998779296875,512.2000122070312,467.3500061035156,506.25,442483,FMGOETZE
2025-11-25,459.20001220703125,483.3999938964844,457.20001220703125,473.8500061035156,206249,FMGOETZE
2025-11-26,471.95001220703125,477.0,460.8500061035156,465.0,113937,FMGOETZE
2025-11-27,470.04998779296875,475.8500061035156,465.04998779296875,473.8500061035156,56458,FMGOETZE
2025-11-28,489.5,498.0,464.04998779296875,469.79998779296875,113001,FMGOETZE
2025-12-01,490.54998779296875,506.95001220703125,487.04998779296875,493.8500061035156,71203,FMGOETZE
2025-12-02,484.3500061035156,490.04998779296875,480.54998779296875,488.1000061035156,21867,FMGOETZE
2025-12-03,478.70001220703125,484.79998779296875,477.1499938964844,483.3500061035156,30299,FMGOETZE
2025-12-04,478.25,497.79998779296875,472.29998779296875,479.20001220703125,45066,FMGOETZE
2025-12-05,478.95001220703125,484.45001220703125,473.0,478.25,38279,FMGOETZE
2025-12-08,462.75,479.0,456.04998779296875,478.95001220703125,57183,FMGOETZE
2025-12-09,472.95001220703125,478.6000061035156,456.29998779296875,467.0,44369,FMGOETZE
2025-12-10,465.3999938964844,482.95001220703125,462.6000061035156,471.1499938964844,28017,FMGOETZE
2025-12-11,464.04998779296875,474.6000061035156,462.6000061035156,465.8500061035156,35576,FMGOETZE
2025-12-12,464.0,471.45001220703125,463.0,464.45001220703125,55783,FMGOETZE
2025-12-15,466.95001220703125,473.25,457.25,464.0,75445,FMGOETZE
2025-12-16,452.95001220703125,466.95001220703125,450.3999938964844,466.95001220703125,48249,FMGOETZE
2025-12-17,443.6499938964844,456.54998779296875,442.3999938964844,456.54998779296875,41947,FMGOETZE
2025-12-18,436.8999938964844,445.79998779296875,431.54998779296875,445.79998779296875,46854,FMGOETZE
2025-12-19,438.0,444.75,434.3999938964844,439.0,34510,FMGOETZE
2025-12-22,449.54998779296875,458.0,438.0,440.20001220703125,60307,FMGOETZE
2025-12-23,456.20001220703125,459.5,447.79998779296875,448.3999938964844,51134,FMGOETZE
2025-12-24,455.29998779296875,460.3999938964844,453.70001220703125,460.3999938964844,27814,FMGOETZE
2025-12-26,449.29998779296875,456.8999938964844,448.0,456.8999938964844,25510,FMGOETZE
2025-12-29,443.70001220703125,451.3500061035156,441.5,449.3500061035156,37159,FMGOETZE
2025-12-30,460.20001220703125,466.1000061035156,439.1000061035156,444.8999938964844,56375,FMGOETZE
2025-12-31,466.1000061035156,478.0,457.1499938964844,464.3999938964844,94194,FMGOETZE
2026-01-01,464.1000061035156,473.8999938964844,461.0,463.0,37892,FMGOETZE
2026-01-02,488.8999938964844,504.0,462.6000061035156,462.6000061035156,217714,FMGOETZE
2026-01-05,479.6499938964844,492.20001220703125,477.5,488.8999938964844,37593,FMGOETZE
2026-01-06,477.45001220703125,480.95001220703125,471.0,479.6499938964844,29396,FMGOETZE
2026-01-07,475.20001220703125,478.5,471.6499938964844,477.45001220703125,33395,FMGOETZE
2026-01-08,459.70001220703125,477.3500061035156,456.29998779296875,477.3500061035156,49979,FMGOETZE
2026-01-09,451.1499938964844,462.25,449.0,460.0,33420,FMGOETZE
2026-01-12,446.29998779296875,452.5,436.3999938964844,451.6000061035156,24855,FMGOETZE
2026-01-13,446.8500061035156,454.6499938964844,442.5,446.5,19161,FMGOETZE
2026-01-14,446.95001220703125,451.3999938964844,443.0,451.3999938964844,17172,FMGOETZE
2026-01-16,457.79998779296875,475.0,444.3999938964844,444.3999938964844,36784,FMGOETZE
2026-01-19,436.04998779296875,458.8999938964844,430.1499938964844,455.0,63266,FMGOETZE
2026-01-20,427.70001220703125,438.95001220703125,425.04998779296875,438.25,47146,FMGOETZE
2026-01-21,429.25,432.5,410.0,424.0,80240,FMGOETZE
2026-01-22,434.95001220703125,439.0,425.0,425.0,30666,FMGOETZE
2026-01-23,422.45001220703125,437.0,420.04998779296875,434.1499938964844,33689,FMGOETZE
2026-01-27,422.8999938964844,433.04998779296875,420.25,430.04998779296875,34891,FMGOETZE
2026-01-28,449.3999938964844,465.0,420.04998779296875,420.04998779296875,107922,FMGOETZE
2026-01-29,437.3500061035156,449.0,436.0,449.0,34956,FMGOETZE
2026-01-30,431.8500061035156,437.79998779296875,426.8500061035156,437.3500061035156,59191,FMGOETZE
2026-02-02,421.45001220703125,425.95001220703125,417.04998779296875,425.54998779296875,78977,FMGOETZE
2026-02-03,433.54998779296875,443.3999938964844,426.1000061035156,434.5,97555,FMGOETZE
2026-02-04,444.45001220703125,448.79998779296875,430.0,433.0,79015,FMGOETZE
2026-02-05,433.1000061035156,446.0,429.95001220703125,440.0,74540,FMGOETZE
2026-02-06,428.29998779296875,437.8999938964844,426.5,435.0,36908,FMGOETZE
2026-02-09,461.70001220703125,466.0,432.70001220703125,432.70001220703125,181709,FMGOETZE
2026-02-10,475.04998779296875,484.0,458.3999938964844,465.0,151841,FMGOETZE
2026-02-11,447.25,476.45001220703125,444.0,475.04998779296875,293884,FMGOETZE
2026-02-12,441.6499938964844,449.54998779296875,436.6000061035156,449.54998779296875,70575,FMGOETZE
2026-02-13,430.20001220703125,442.70001220703125,426.6000061035156,441.0,50092,FMGOETZE
2026-02-16,426.29998779296875,432.0,422.8500061035156,432.0,38312,FMGOETZE
2026-02-17,431.3500061035156,436.0,424.6000061035156,426.29998779296875,42659,FMGOETZE
2026-02-18,432.0,445.04998779296875,430.04998779296875,430.04998779296875,39251,FMGOETZE
2026-02-19,424.8500061035156,438.70001220703125,423.0,432.0,28381,FMGOETZE
2026-02-20,425.04998779296875,430.3500061035156,423.54998779296875,425.0,31365,FMGOETZE
2026-02-23,416.70001220703125,434.95001220703125,415.95001220703125,426.54998779296875,62823,FMGOETZE
2026-02-24,418.20001220703125,422.6499938964844,413.45001220703125,417.0,37503,FMGOETZE
2026-02-25,411.20001220703125,429.0,409.0,418.0,62675,FMGOETZE
2026-02-26,411.54998779296875,417.0,409.25,413.04998779296875,32711,FMGOETZE
2026-02-27,407.20001220703125,415.29998779296875,405.25,412.0,40139,FMGOETZE
2026-03-02,393.25,403.8999938964844,387.0,387.0,81959,FMGOETZE
2026-03-04,388.0,394.25,385.5,394.25,34600,FMGOETZE
2026-03-05,386.3999938964844,395.0,380.1499938964844,390.3500061035156,61531,FMGOETZE
2026-03-06,386.79998779296875,393.5,384.6000061035156,386.3999938964844,46419,FMGOETZE
